SEC,PRICE_DATE,PRICE,CURRENCY,SOURCE
AAPL,2025-05-01,254.0959,USD,SYNTH
AAPL,2025-05-02,251.3963,USD,SYNTH
AAPL,2025-05-05,247.3276,USD,SYNTH
AAPL,2025-05-06,251.3017,USD,SYNTH
AAPL,2025-05-07,254.3819,USD,SYNTH
AAPL,2025-05-08,248.8762,USD,SYNTH
AAPL,2025-05-09,252.7468,USD,SYNTH
AAPL,2025-05-12,248.2632,USD,SYNTH
AAPL,2025-05-13,247.9523,USD,SYNTH
AAPL,2025-05-14,246.7149,USD,SYNTH
AAPL,2025-05-15,247.2971,USD,SYNTH
AAPL,2025-05-16,251.0153,USD,SYNTH
AAPL,2025-05-19,253.9751,USD,SYNTH
AAPL,2025-05-20,255.6509,USD,SYNTH
AAPL,2025-05-21,258.7184,USD,SYNTH
AAPL,2025-05-22,261.0243,USD,SYNTH
AAPL,2025-05-23,258.1568,USD,SYNTH
AAPL,2025-05-26,254.9008,USD,SYNTH
AAPL,2025-05-27,252.8209,USD,SYNTH
AAPL,2025-05-28,255.1691,USD,SYNTH
AAPL,2025-05-29,254.0968,USD,SYNTH
AAPL,2025-05-30,265.8562,USD,SYNTH
AAPL,2025-06-02,261.0298,USD,SYNTH
AAPL,2025-06-03,255.9450,USD,SYNTH
AAPL,2025-06-04,259.5621,USD,SYNTH
AAPL,2025-06-05,266.2830,USD,SYNTH
AAPL,2025-06-06,268.7867,USD,SYNTH
AAPL,2025-06-09,272.9112,USD,SYNTH
AAPL,2025-06-10,279.9999,USD,SYNTH
AAPL,2025-06-11,279.6100,USD,SYNTH
AAPL,2025-06-12,272.5321,USD,SYNTH
AAPL,2025-06-13,270.0037,USD,SYNTH
AAPL,2025-06-16,274.7159,USD,SYNTH
AAPL,2025-06-17,267.6595,USD,SYNTH
AAPL,2025-06-18,267.9013,USD,SYNTH
AAPL,2025-06-19,269.2028,USD,SYNTH
AAPL,2025-06-20,267.7544,USD,SYNTH
AAPL,2025-06-23,271.3223,USD,SYNTH
AAPL,2025-06-24,274.2401,USD,SYNTH
AAPL,2025-06-25,285.7816,USD,SYNTH
AAPL,2025-06-26,289.0565,USD,SYNTH
AAPL,2025-06-27,285.9725,USD,SYNTH
AAPL,2025-06-30,283.1664,USD,SYNTH
AAPL,2025-07-01,279.0128,USD,SYNTH
AAPL,2025-07-02,283.8790,USD,SYNTH
AAPL,2025-07-03,281.0678,USD,SYNTH
AAPL,2025-07-04,280.7966,USD,SYNTH
AAPL,2025-07-07,284.6681,USD,SYNTH
AAPL,2025-07-08,281.0465,USD,SYNTH
AAPL,2025-07-09,279.6452,USD,SYNTH
AAPL,2025-07-10,270.4608,USD,SYNTH
AAPL,2025-07-11,265.2721,USD,SYNTH
AAPL,2025-07-14,262.6408,USD,SYNTH
AAPL,2025-07-15,264.6851,USD,SYNTH
AAPL,2025-07-16,270.4507,USD,SYNTH
AAPL,2025-07-17,270.4419,USD,SYNTH
AAPL,2025-07-18,271.7954,USD,SYNTH
AAPL,2025-07-21,272.6987,USD,SYNTH
AAPL,2025-07-22,278.1050,USD,SYNTH
AAPL,2025-07-23,282.6605,USD,SYNTH
AAPL,2025-07-24,284.1378,USD,SYNTH
AAPL,2025-07-25,279.0526,USD,SYNTH
AAPL,2025-07-28,283.6740,USD,SYNTH
AAPL,2025-07-29,285.7047,USD,SYNTH
AAPL,2025-07-30,292.1002,USD,SYNTH
AAPL,2025-07-31,292.0306,USD,SYNTH
AAPL,2025-08-01,302.3848,USD,SYNTH
AAPL,2025-08-04,300.5222,USD,SYNTH
AAPL,2025-08-05,309.2298,USD,SYNTH
AAPL,2025-08-06,309.9634,USD,SYNTH
AAPL,2025-08-07,307.1759,USD,SYNTH
AAPL,2025-08-08,301.0287,USD,SYNTH
AAPL,2025-08-11,300.3006,USD,SYNTH
AAPL,2025-08-12,308.0844,USD,SYNTH
AAPL,2025-08-13,312.7040,USD,SYNTH
AAPL,2025-08-14,316.6753,USD,SYNTH
AAPL,2025-08-15,303.2275,USD,SYNTH
AAPL,2025-08-18,307.1990,USD,SYNTH
AAPL,2025-08-19,310.3648,USD,SYNTH
AAPL,2025-08-20,307.3857,USD,SYNTH
AAPL,2025-08-21,304.0066,USD,SYNTH
AAPL,2025-08-22,304.0852,USD,SYNTH
AAPL,2025-08-25,313.6176,USD,SYNTH
AAPL,2025-08-26,307.7555,USD,SYNTH
AAPL,2025-08-27,305.4779,USD,SYNTH
AAPL,2025-08-28,313.0575,USD,SYNTH
AAPL,2025-08-29,310.6373,USD,SYNTH
AAPL,2025-09-01,308.6938,USD,SYNTH
AAPL,2025-09-02,309.3297,USD,SYNTH
AAPL,2025-09-03,302.5111,USD,SYNTH
AAPL,2025-09-04,303.7995,USD,SYNTH
AAPL,2025-09-05,297.2760,USD,SYNTH
AAPL,2025-09-08,302.1018,USD,SYNTH
AAPL,2025-09-09,302.2098,USD,SYNTH
AAPL,2025-09-10,314.7218,USD,SYNTH
AAPL,2025-09-11,316.4072,USD,SYNTH
AAPL,2025-09-12,324.2801,USD,SYNTH
AAPL,2025-09-15,316.7702,USD,SYNTH
AAPL,2025-09-16,316.1688,USD,SYNTH
AAPL,2025-09-17,318.1027,USD,SYNTH
AAPL,2025-09-18,328.1939,USD,SYNTH
AAPL,2025-09-19,318.3623,USD,SYNTH
AAPL,2025-09-22,324.1346,USD,SYNTH
AAPL,2025-09-23,327.6821,USD,SYNTH
AAPL,2025-09-24,336.8256,USD,SYNTH
AAPL,2025-09-25,341.2458,USD,SYNTH
AAPL,2025-09-26,341.6680,USD,SYNTH
AAPL,2025-09-29,338.5623,USD,SYNTH
AAPL,2025-09-30,331.0573,USD,SYNTH
AAPL,2025-10-01,332.3212,USD,SYNTH
AAPL,2025-10-02,331.2742,USD,SYNTH
AAPL,2025-10-03,343.4203,USD,SYNTH
AAPL,2025-10-06,339.7462,USD,SYNTH
AAPL,2025-10-07,341.8075,USD,SYNTH
AAPL,2025-10-08,332.2567,USD,SYNTH
AAPL,2025-10-09,329.9913,USD,SYNTH
AAPL,2025-10-10,331.6415,USD,SYNTH
AAPL,2025-10-13,336.6596,USD,SYNTH
AAPL,2025-10-14,345.5359,USD,SYNTH
AAPL,2025-10-15,345.3650,USD,SYNTH
AAPL,2025-10-16,338.5232,USD,SYNTH
AAPL,2025-10-17,341.4146,USD,SYNTH
AAPL,2025-10-20,344.6942,USD,SYNTH
AAPL,2025-10-21,347.8481,USD,SYNTH
AAPL,2025-10-22,343.5677,USD,SYNTH
AAPL,2025-10-23,350.6799,USD,SYNTH
AAPL,2025-10-24,351.3399,USD,SYNTH
AAPL,2025-10-27,355.8711,USD,SYNTH
AAPL,2025-10-28,364.1392,USD,SYNTH
AAPL,2025-10-29,368.2419,USD,SYNTH
AAPL,2025-10-30,370.2515,USD,SYNTH
AAPL,2025-10-31,384.7099,USD,SYNTH
AAPL,2025-11-03,386.5129,USD,SYNTH
AAPL,2025-11-04,384.5698,USD,SYNTH
AAPL,2025-11-05,385.4602,USD,SYNTH
AAPL,2025-11-06,395.8637,USD,SYNTH
AAPL,2025-11-07,396.8284,USD,SYNTH
AAPL,2025-11-10,400.6573,USD,SYNTH
AAPL,2025-11-11,409.4009,USD,SYNTH
AAPL,2025-11-12,405.7444,USD,SYNTH
AAPL,2025-11-13,393.2563,USD,SYNTH
AAPL,2025-11-14,395.4937,USD,SYNTH
AAPL,2025-11-17,397.2478,USD,SYNTH
AAPL,2025-11-18,393.0195,USD,SYNTH
AAPL,2025-11-19,399.2997,USD,SYNTH
AAPL,2025-11-20,403.7863,USD,SYNTH
AAPL,2025-11-21,396.6757,USD,SYNTH
AAPL,2025-11-24,400.4949,USD,SYNTH
AAPL,2025-11-25,399.2013,USD,SYNTH
AAPL,2025-11-26,388.6646,USD,SYNTH
AAPL,2025-11-27,391.9501,USD,SYNTH
AAPL,2025-11-28,391.7486,USD,SYNTH
AAPL,2025-12-01,386.6108,USD,SYNTH
AAPL,2025-12-02,390.3660,USD,SYNTH
AAPL,2025-12-03,393.9127,USD,SYNTH
AAPL,2025-12-04,389.9359,USD,SYNTH
AAPL,2025-12-05,392.8629,USD,SYNTH
AAPL,2025-12-08,400.1588,USD,SYNTH
AAPL,2025-12-09,395.1456,USD,SYNTH
AAPL,2025-12-10,397.9733,USD,SYNTH
AAPL,2025-12-11,398.1124,USD,SYNTH
AAPL,2025-12-12,414.4702,USD,SYNTH
AAPL,2025-12-15,400.7009,USD,SYNTH
AAPL,2025-12-16,405.8359,USD,SYNTH
AAPL,2025-12-17,403.7205,USD,SYNTH
AAPL,2025-12-18,403.1135,USD,SYNTH
AAPL,2025-12-19,417.0324,USD,SYNTH
AAPL,2025-12-22,417.0932,USD,SYNTH
AAPL,2025-12-23,434.0426,USD,SYNTH
AAPL,2025-12-24,430.7184,USD,SYNTH
AAPL,2025-12-25,433.5651,USD,SYNTH
AAPL,2025-12-26,429.8645,USD,SYNTH
AAPL,2025-12-29,424.6493,USD,SYNTH
AAPL,2025-12-30,425.2542,USD,SYNTH
AAPL,2025-12-31,423.2189,USD,SYNTH
AAPL,2026-01-01,424.8884,USD,SYNTH
AAPL,2026-01-02,408.9166,USD,SYNTH
AAPL,2026-01-05,423.7785,USD,SYNTH
AAPL,2026-01-06,422.6317,USD,SYNTH
AAPL,2026-01-07,436.0175,USD,SYNTH
AAPL,2026-01-08,428.2441,USD,SYNTH
AAPL,2026-01-09,430.6276,USD,SYNTH
AAPL,2026-01-12,455.2892,USD,SYNTH
AAPL,2026-01-13,448.2982,USD,SYNTH
AAPL,2026-01-14,436.3665,USD,SYNTH
AAPL,2026-01-15,432.2048,USD,SYNTH
AAPL,2026-01-16,436.0103,USD,SYNTH
AAPL,2026-01-19,441.5826,USD,SYNTH
AAPL,2026-01-20,451.9715,USD,SYNTH
AAPL,2026-01-21,450.0162,USD,SYNTH
AAPL,2026-01-22,437.1725,USD,SYNTH
AAPL,2026-01-23,433.8803,USD,SYNTH
AAPL,2026-01-26,443.6964,USD,SYNTH
AAPL,2026-01-27,447.5486,USD,SYNTH
AAPL,2026-01-28,431.9180,USD,SYNTH
AAPL,2026-01-29,431.7751,USD,SYNTH
AAPL,2026-01-30,442.7711,USD,SYNTH
AAPL,2026-02-02,459.8523,USD,SYNTH
AAPL,2026-02-03,464.6395,USD,SYNTH
AAPL,2026-02-04,467.3657,USD,SYNTH
AAPL,2026-02-05,457.0726,USD,SYNTH
AAPL,2026-02-06,450.2721,USD,SYNTH
AAPL,2026-02-09,450.7874,USD,SYNTH
AAPL,2026-02-10,455.0057,USD,SYNTH
AAPL,2026-02-11,459.8940,USD,SYNTH
AAPL,2026-02-12,456.0733,USD,SYNTH
AAPL,2026-02-13,446.7534,USD,SYNTH
AAPL,2026-02-16,440.6329,USD,SYNTH
AAPL,2026-02-17,431.5887,USD,SYNTH
AAPL,2026-02-18,436.7165,USD,SYNTH
AAPL,2026-02-19,418.6709,USD,SYNTH
AAPL,2026-02-20,416.2849,USD,SYNTH
AAPL,2026-02-23,419.7808,USD,SYNTH
AAPL,2026-02-24,431.4072,USD,SYNTH
AAPL,2026-02-25,432.0902,USD,SYNTH
AAPL,2026-02-26,440.0075,USD,SYNTH
AAPL,2026-02-27,436.9793,USD,SYNTH
AAPL,2026-03-02,431.2552,USD,SYNTH
AAPL,2026-03-03,426.1495,USD,SYNTH
AAPL,2026-03-04,437.9931,USD,SYNTH
AAPL,2026-03-05,445.9628,USD,SYNTH
AAPL,2026-03-06,450.0091,USD,SYNTH
AAPL,2026-03-09,477.1198,USD,SYNTH
AAPL,2026-03-10,476.9852,USD,SYNTH
AAPL,2026-03-11,482.4545,USD,SYNTH
AAPL,2026-03-12,485.2704,USD,SYNTH
AAPL,2026-03-13,483.4778,USD,SYNTH
AAPL,2026-03-16,503.7796,USD,SYNTH
AAPL,2026-03-17,517.5927,USD,SYNTH
AAPL,2026-03-18,504.7095,USD,SYNTH
AAPL,2026-03-19,501.2284,USD,SYNTH
AAPL,2026-03-20,505.2432,USD,SYNTH
AAPL,2026-03-23,512.5174,USD,SYNTH
AAPL,2026-03-24,500.2313,USD,SYNTH
AAPL,2026-03-25,480.0719,USD,SYNTH
AAPL,2026-03-26,463.7424,USD,SYNTH
AAPL,2026-03-27,463.2880,USD,SYNTH
AAPL,2026-03-30,462.5663,USD,SYNTH
AAPL,2026-03-31,465.5795,USD,SYNTH
AAPL,2026-04-01,459.2689,USD,SYNTH
AAPL,2026-04-02,449.2861,USD,SYNTH
AAPL,2026-04-03,433.0603,USD,SYNTH
AAPL,2026-04-06,435.7562,USD,SYNTH
AAPL,2026-04-07,438.7895,USD,SYNTH
AAPL,2026-04-08,446.7640,USD,SYNTH
AAPL,2026-04-09,453.2574,USD,SYNTH
AAPL,2026-04-10,451.8374,USD,SYNTH
AAPL,2026-04-13,462.9466,USD,SYNTH
AAPL,2026-04-14,461.9491,USD,SYNTH
AAPL,2026-04-15,456.5928,USD,SYNTH
AAPL,2026-04-16,452.4513,USD,SYNTH
AAPL,2026-04-17,447.8243,USD,SYNTH
AAPL,2026-04-20,430.5010,USD,SYNTH
AAPL,2026-04-21,431.8415,USD,SYNTH
AAPL,2026-04-22,433.9135,USD,SYNTH
AAPL,2026-04-23,431.2142,USD,SYNTH
AAPL,2026-04-24,425.8028,USD,SYNTH
AAPL,2026-04-27,428.7802,USD,SYNTH
AAPL,2026-04-28,442.1597,USD,SYNTH
AAPL,2026-04-29,442.5969,USD,SYNTH
AAPL,2026-04-30,438.6854,USD,SYNTH
AAPL,2026-05-01,434.1468,USD,SYNTH
AAPL,2026-05-04,433.7319,USD,SYNTH
AAPL,2026-05-05,423.9878,USD,SYNTH
AAPL,2026-05-06,423.1590,USD,SYNTH
AAPL,2026-05-07,423.7520,USD,SYNTH
AAPL,2026-05-08,437.9495,USD,SYNTH
AAPL,2026-05-11,445.5183,USD,SYNTH
AAPL,2026-05-12,453.9442,USD,SYNTH
AAPL,2026-05-13,448.2549,USD,SYNTH
AAPL,2026-05-14,453.7947,USD,SYNTH
AAPL,2026-05-15,444.6240,USD,SYNTH
AAPL,2026-05-18,447.2541,USD,SYNTH
AAPL,2026-05-19,450.7593,USD,SYNTH
AAPL,2026-05-20,444.6762,USD,SYNTH
AAPL,2026-05-21,460.8130,USD,SYNTH
AAPL,2026-05-22,465.6574,USD,SYNTH
MSFT,2025-05-01,37.9213,USD,SYNTH
MSFT,2025-05-02,38.3101,USD,SYNTH
MSFT,2025-05-05,38.0406,USD,SYNTH
MSFT,2025-05-06,38.0530,USD,SYNTH
MSFT,2025-05-07,38.3834,USD,SYNTH
MSFT,2025-05-08,38.6648,USD,SYNTH
MSFT,2025-05-09,37.2572,USD,SYNTH
MSFT,2025-05-12,36.4916,USD,SYNTH
MSFT,2025-05-13,37.0100,USD,SYNTH
MSFT,2025-05-14,37.8880,USD,SYNTH
MSFT,2025-05-15,39.1972,USD,SYNTH
MSFT,2025-05-16,40.4812,USD,SYNTH
MSFT,2025-05-19,38.9956,USD,SYNTH
MSFT,2025-05-20,39.5474,USD,SYNTH
MSFT,2025-05-21,38.1951,USD,SYNTH
MSFT,2025-05-22,39.3160,USD,SYNTH
MSFT,2025-05-23,39.5071,USD,SYNTH
MSFT,2025-05-26,38.7074,USD,SYNTH
MSFT,2025-05-27,40.1194,USD,SYNTH
MSFT,2025-05-28,40.5964,USD,SYNTH
MSFT,2025-05-29,39.2267,USD,SYNTH
MSFT,2025-05-30,39.4457,USD,SYNTH
MSFT,2025-06-02,38.9384,USD,SYNTH
MSFT,2025-06-03,39.0281,USD,SYNTH
MSFT,2025-06-04,38.7130,USD,SYNTH
MSFT,2025-06-05,39.6817,USD,SYNTH
MSFT,2025-06-06,38.6770,USD,SYNTH
MSFT,2025-06-09,38.9096,USD,SYNTH
MSFT,2025-06-10,40.1918,USD,SYNTH
MSFT,2025-06-11,39.6056,USD,SYNTH
MSFT,2025-06-12,39.7677,USD,SYNTH
MSFT,2025-06-13,39.9242,USD,SYNTH
MSFT,2025-06-16,39.4405,USD,SYNTH
MSFT,2025-06-17,39.9123,USD,SYNTH
MSFT,2025-06-18,39.9940,USD,SYNTH
MSFT,2025-06-19,39.3266,USD,SYNTH
MSFT,2025-06-20,40.5857,USD,SYNTH
MSFT,2025-06-23,41.1762,USD,SYNTH
MSFT,2025-06-24,41.0647,USD,SYNTH
MSFT,2025-06-25,40.6064,USD,SYNTH
MSFT,2025-06-26,40.0453,USD,SYNTH
MSFT,2025-06-27,40.9446,USD,SYNTH
MSFT,2025-06-30,40.8489,USD,SYNTH
MSFT,2025-07-01,41.1990,USD,SYNTH
MSFT,2025-07-02,41.0745,USD,SYNTH
MSFT,2025-07-03,41.5426,USD,SYNTH
MSFT,2025-07-04,41.4683,USD,SYNTH
MSFT,2025-07-07,42.0509,USD,SYNTH
MSFT,2025-07-08,41.9249,USD,SYNTH
MSFT,2025-07-09,42.5635,USD,SYNTH
MSFT,2025-07-10,43.0914,USD,SYNTH
MSFT,2025-07-11,43.0139,USD,SYNTH
MSFT,2025-07-14,42.3611,USD,SYNTH
MSFT,2025-07-15,41.6570,USD,SYNTH
MSFT,2025-07-16,41.1141,USD,SYNTH
MSFT,2025-07-17,40.3978,USD,SYNTH
MSFT,2025-07-18,41.0395,USD,SYNTH
MSFT,2025-07-21,41.0174,USD,SYNTH
MSFT,2025-07-22,42.1889,USD,SYNTH
MSFT,2025-07-23,43.9325,USD,SYNTH
MSFT,2025-07-24,43.9648,USD,SYNTH
MSFT,2025-07-25,42.7530,USD,SYNTH
MSFT,2025-07-28,42.4723,USD,SYNTH
MSFT,2025-07-29,42.4274,USD,SYNTH
MSFT,2025-07-30,41.3034,USD,SYNTH
MSFT,2025-07-31,41.1296,USD,SYNTH
MSFT,2025-08-01,41.3543,USD,SYNTH
MSFT,2025-08-04,41.0248,USD,SYNTH
MSFT,2025-08-05,40.4696,USD,SYNTH
MSFT,2025-08-06,39.9291,USD,SYNTH
MSFT,2025-08-07,41.2252,USD,SYNTH
MSFT,2025-08-08,41.1191,USD,SYNTH
MSFT,2025-08-11,40.5171,USD,SYNTH
MSFT,2025-08-12,40.2573,USD,SYNTH
MSFT,2025-08-13,40.9610,USD,SYNTH
MSFT,2025-08-14,40.4684,USD,SYNTH
MSFT,2025-08-15,40.8316,USD,SYNTH
MSFT,2025-08-18,41.3788,USD,SYNTH
MSFT,2025-08-19,41.9492,USD,SYNTH
MSFT,2025-08-20,43.0186,USD,SYNTH
MSFT,2025-08-21,42.6053,USD,SYNTH
MSFT,2025-08-22,43.4867,USD,SYNTH
MSFT,2025-08-25,42.8792,USD,SYNTH
MSFT,2025-08-26,42.5860,USD,SYNTH
MSFT,2025-08-27,43.5156,USD,SYNTH
MSFT,2025-08-28,44.1728,USD,SYNTH
MSFT,2025-08-29,44.1877,USD,SYNTH
MSFT,2025-09-01,43.2534,USD,SYNTH
MSFT,2025-09-02,43.7036,USD,SYNTH
MSFT,2025-09-03,43.2208,USD,SYNTH
MSFT,2025-09-04,42.5151,USD,SYNTH
MSFT,2025-09-05,42.0318,USD,SYNTH
MSFT,2025-09-08,42.2309,USD,SYNTH
MSFT,2025-09-09,40.6313,USD,SYNTH
MSFT,2025-09-10,40.9073,USD,SYNTH
MSFT,2025-09-11,41.0476,USD,SYNTH
MSFT,2025-09-12,40.6281,USD,SYNTH
MSFT,2025-09-15,41.3986,USD,SYNTH
MSFT,2025-09-16,41.8666,USD,SYNTH
MSFT,2025-09-17,41.4223,USD,SYNTH
MSFT,2025-09-18,40.9351,USD,SYNTH
MSFT,2025-09-19,41.4596,USD,SYNTH
MSFT,2025-09-22,40.3407,USD,SYNTH
MSFT,2025-09-23,40.1112,USD,SYNTH
MSFT,2025-09-24,39.6676,USD,SYNTH
MSFT,2025-09-25,39.7294,USD,SYNTH
MSFT,2025-09-26,39.8923,USD,SYNTH
MSFT,2025-09-29,39.9307,USD,SYNTH
MSFT,2025-09-30,40.7584,USD,SYNTH
MSFT,2025-10-01,40.9379,USD,SYNTH
MSFT,2025-10-02,40.7181,USD,SYNTH
MSFT,2025-10-03,39.8428,USD,SYNTH
MSFT,2025-10-06,40.3725,USD,SYNTH
MSFT,2025-10-07,40.7684,USD,SYNTH
MSFT,2025-10-08,41.8453,USD,SYNTH
MSFT,2025-10-09,41.2948,USD,SYNTH
MSFT,2025-10-10,41.3269,USD,SYNTH
MSFT,2025-10-13,41.2956,USD,SYNTH
MSFT,2025-10-14,41.2429,USD,SYNTH
MSFT,2025-10-15,41.2630,USD,SYNTH
MSFT,2025-10-16,40.0019,USD,SYNTH
MSFT,2025-10-17,40.6079,USD,SYNTH
MSFT,2025-10-20,41.0976,USD,SYNTH
MSFT,2025-10-21,41.9462,USD,SYNTH
MSFT,2025-10-22,43.6572,USD,SYNTH
MSFT,2025-10-23,43.4197,USD,SYNTH
MSFT,2025-10-24,43.4045,USD,SYNTH
MSFT,2025-10-27,43.4251,USD,SYNTH
MSFT,2025-10-28,44.9563,USD,SYNTH
MSFT,2025-10-29,43.5688,USD,SYNTH
MSFT,2025-10-30,43.9629,USD,SYNTH
MSFT,2025-10-31,42.8121,USD,SYNTH
MSFT,2025-11-03,40.8356,USD,SYNTH
MSFT,2025-11-04,39.3624,USD,SYNTH
MSFT,2025-11-05,38.3952,USD,SYNTH
MSFT,2025-11-06,39.1456,USD,SYNTH
MSFT,2025-11-07,38.5454,USD,SYNTH
MSFT,2025-11-10,38.3992,USD,SYNTH
MSFT,2025-11-11,37.6065,USD,SYNTH
MSFT,2025-11-12,38.0313,USD,SYNTH
MSFT,2025-11-13,37.2884,USD,SYNTH
MSFT,2025-11-14,38.1840,USD,SYNTH
MSFT,2025-11-17,37.5129,USD,SYNTH
MSFT,2025-11-18,37.0077,USD,SYNTH
MSFT,2025-11-19,37.1005,USD,SYNTH
MSFT,2025-11-20,37.1282,USD,SYNTH
MSFT,2025-11-21,38.0914,USD,SYNTH
MSFT,2025-11-24,38.1854,USD,SYNTH
MSFT,2025-11-25,37.3667,USD,SYNTH
MSFT,2025-11-26,37.0010,USD,SYNTH
MSFT,2025-11-27,36.6306,USD,SYNTH
MSFT,2025-11-28,37.1197,USD,SYNTH
MSFT,2025-12-01,37.3872,USD,SYNTH
MSFT,2025-12-02,37.3181,USD,SYNTH
MSFT,2025-12-03,37.9135,USD,SYNTH
MSFT,2025-12-04,37.5642,USD,SYNTH
MSFT,2025-12-05,37.4833,USD,SYNTH
MSFT,2025-12-08,37.6165,USD,SYNTH
MSFT,2025-12-09,38.6625,USD,SYNTH
MSFT,2025-12-10,38.6056,USD,SYNTH
MSFT,2025-12-11,38.3734,USD,SYNTH
MSFT,2025-12-12,37.6625,USD,SYNTH
MSFT,2025-12-15,38.1389,USD,SYNTH
MSFT,2025-12-16,37.7469,USD,SYNTH
MSFT,2025-12-17,37.9918,USD,SYNTH
MSFT,2025-12-18,36.7027,USD,SYNTH
MSFT,2025-12-19,37.4029,USD,SYNTH
MSFT,2025-12-22,36.5174,USD,SYNTH
MSFT,2025-12-23,36.0174,USD,SYNTH
MSFT,2025-12-24,36.7145,USD,SYNTH
MSFT,2025-12-25,35.8436,USD,SYNTH
MSFT,2025-12-26,35.8031,USD,SYNTH
MSFT,2025-12-29,35.8617,USD,SYNTH
MSFT,2025-12-30,35.2279,USD,SYNTH
MSFT,2025-12-31,36.0900,USD,SYNTH
MSFT,2026-01-01,37.0745,USD,SYNTH
MSFT,2026-01-02,35.7699,USD,SYNTH
MSFT,2026-01-05,34.8476,USD,SYNTH
MSFT,2026-01-06,35.3651,USD,SYNTH
MSFT,2026-01-07,34.5462,USD,SYNTH
MSFT,2026-01-08,34.3149,USD,SYNTH
MSFT,2026-01-09,34.4052,USD,SYNTH
MSFT,2026-01-12,34.8440,USD,SYNTH
MSFT,2026-01-13,34.7144,USD,SYNTH
MSFT,2026-01-14,34.7843,USD,SYNTH
MSFT,2026-01-15,34.3085,USD,SYNTH
MSFT,2026-01-16,35.1168,USD,SYNTH
MSFT,2026-01-19,34.8143,USD,SYNTH
MSFT,2026-01-20,35.0376,USD,SYNTH
MSFT,2026-01-21,34.7255,USD,SYNTH
MSFT,2026-01-22,34.8023,USD,SYNTH
MSFT,2026-01-23,34.7074,USD,SYNTH
MSFT,2026-01-26,34.6164,USD,SYNTH
MSFT,2026-01-27,33.9951,USD,SYNTH
MSFT,2026-01-28,34.4926,USD,SYNTH
MSFT,2026-01-29,35.3809,USD,SYNTH
MSFT,2026-01-30,35.5463,USD,SYNTH
MSFT,2026-02-02,36.0256,USD,SYNTH
MSFT,2026-02-03,36.5798,USD,SYNTH
MSFT,2026-02-04,37.2018,USD,SYNTH
MSFT,2026-02-05,37.4161,USD,SYNTH
MSFT,2026-02-06,37.5703,USD,SYNTH
MSFT,2026-02-09,38.1659,USD,SYNTH
MSFT,2026-02-10,38.2246,USD,SYNTH
MSFT,2026-02-11,37.5660,USD,SYNTH
MSFT,2026-02-12,37.5934,USD,SYNTH
MSFT,2026-02-13,36.3268,USD,SYNTH
MSFT,2026-02-16,36.3338,USD,SYNTH
MSFT,2026-02-17,36.6151,USD,SYNTH
MSFT,2026-02-18,37.4407,USD,SYNTH
MSFT,2026-02-19,37.5539,USD,SYNTH
MSFT,2026-02-20,38.1925,USD,SYNTH
MSFT,2026-02-23,38.2036,USD,SYNTH
MSFT,2026-02-24,37.5113,USD,SYNTH
MSFT,2026-02-25,36.5695,USD,SYNTH
MSFT,2026-02-26,35.9422,USD,SYNTH
MSFT,2026-02-27,35.0691,USD,SYNTH
MSFT,2026-03-02,35.4797,USD,SYNTH
MSFT,2026-03-03,35.3577,USD,SYNTH
MSFT,2026-03-04,35.7313,USD,SYNTH
MSFT,2026-03-05,35.7892,USD,SYNTH
MSFT,2026-03-06,36.4726,USD,SYNTH
MSFT,2026-03-09,37.1795,USD,SYNTH
MSFT,2026-03-10,36.7588,USD,SYNTH
MSFT,2026-03-11,36.5883,USD,SYNTH
MSFT,2026-03-12,36.2484,USD,SYNTH
MSFT,2026-03-13,35.2014,USD,SYNTH
MSFT,2026-03-16,35.6398,USD,SYNTH
MSFT,2026-03-17,36.4131,USD,SYNTH
MSFT,2026-03-18,36.4198,USD,SYNTH
MSFT,2026-03-19,36.1074,USD,SYNTH
MSFT,2026-03-20,36.8273,USD,SYNTH
MSFT,2026-03-23,35.2839,USD,SYNTH
MSFT,2026-03-24,35.4072,USD,SYNTH
MSFT,2026-03-25,35.5091,USD,SYNTH
MSFT,2026-03-26,35.1549,USD,SYNTH
MSFT,2026-03-27,36.0460,USD,SYNTH
MSFT,2026-03-30,36.6867,USD,SYNTH
MSFT,2026-03-31,36.5252,USD,SYNTH
MSFT,2026-04-01,36.4792,USD,SYNTH
MSFT,2026-04-02,36.2354,USD,SYNTH
MSFT,2026-04-03,35.9122,USD,SYNTH
MSFT,2026-04-06,35.0773,USD,SYNTH
MSFT,2026-04-07,35.9591,USD,SYNTH
MSFT,2026-04-08,36.6353,USD,SYNTH
MSFT,2026-04-09,37.1726,USD,SYNTH
MSFT,2026-04-10,36.4516,USD,SYNTH
MSFT,2026-04-13,37.8278,USD,SYNTH
MSFT,2026-04-14,39.1874,USD,SYNTH
MSFT,2026-04-15,39.3319,USD,SYNTH
MSFT,2026-04-16,38.7035,USD,SYNTH
MSFT,2026-04-17,38.1115,USD,SYNTH
MSFT,2026-04-20,38.4101,USD,SYNTH
MSFT,2026-04-21,37.7903,USD,SYNTH
MSFT,2026-04-22,37.7784,USD,SYNTH
MSFT,2026-04-23,38.5300,USD,SYNTH
MSFT,2026-04-24,37.4965,USD,SYNTH
MSFT,2026-04-27,38.8615,USD,SYNTH
MSFT,2026-04-28,39.9691,USD,SYNTH
MSFT,2026-04-29,39.0911,USD,SYNTH
MSFT,2026-04-30,38.1081,USD,SYNTH
MSFT,2026-05-01,37.9251,USD,SYNTH
MSFT,2026-05-04,37.2326,USD,SYNTH
MSFT,2026-05-05,37.0670,USD,SYNTH
MSFT,2026-05-06,35.3560,USD,SYNTH
MSFT,2026-05-07,35.2210,USD,SYNTH
MSFT,2026-05-08,36.3746,USD,SYNTH
MSFT,2026-05-11,35.6544,USD,SYNTH
MSFT,2026-05-12,35.4898,USD,SYNTH
MSFT,2026-05-13,34.5489,USD,SYNTH
MSFT,2026-05-14,34.9562,USD,SYNTH
MSFT,2026-05-15,34.8249,USD,SYNTH
MSFT,2026-05-18,36.0519,USD,SYNTH
MSFT,2026-05-19,36.1969,USD,SYNTH
MSFT,2026-05-20,35.9653,USD,SYNTH
MSFT,2026-05-21,36.3323,USD,SYNTH
MSFT,2026-05-22,36.0121,USD,SYNTH
NVDA,2025-05-01,128.6239,USD,SYNTH
NVDA,2025-05-02,129.3616,USD,SYNTH
NVDA,2025-05-05,128.9932,USD,SYNTH
NVDA,2025-05-06,129.4181,USD,SYNTH
NVDA,2025-05-07,130.3316,USD,SYNTH
NVDA,2025-05-08,129.1735,USD,SYNTH
NVDA,2025-05-09,130.1924,USD,SYNTH
NVDA,2025-05-12,134.3037,USD,SYNTH
NVDA,2025-05-13,131.6659,USD,SYNTH
NVDA,2025-05-14,135.8231,USD,SYNTH
NVDA,2025-05-15,135.2703,USD,SYNTH
NVDA,2025-05-16,133.4442,USD,SYNTH
NVDA,2025-05-19,139.3144,USD,SYNTH
NVDA,2025-05-20,139.7449,USD,SYNTH
NVDA,2025-05-21,143.2340,USD,SYNTH
NVDA,2025-05-22,145.3849,USD,SYNTH
NVDA,2025-05-23,141.0305,USD,SYNTH
NVDA,2025-05-26,141.3795,USD,SYNTH
NVDA,2025-05-27,140.0851,USD,SYNTH
NVDA,2025-05-28,136.7437,USD,SYNTH
NVDA,2025-05-29,132.4239,USD,SYNTH
NVDA,2025-05-30,134.2075,USD,SYNTH
NVDA,2025-06-02,134.1572,USD,SYNTH
NVDA,2025-06-03,135.1409,USD,SYNTH
NVDA,2025-06-04,134.4375,USD,SYNTH
NVDA,2025-06-05,132.5455,USD,SYNTH
NVDA,2025-06-06,130.2308,USD,SYNTH
NVDA,2025-06-09,128.9685,USD,SYNTH
NVDA,2025-06-10,126.6090,USD,SYNTH
NVDA,2025-06-11,126.1837,USD,SYNTH
NVDA,2025-06-12,126.1696,USD,SYNTH
NVDA,2025-06-13,124.1726,USD,SYNTH
NVDA,2025-06-16,123.6912,USD,SYNTH
NVDA,2025-06-17,122.0355,USD,SYNTH
NVDA,2025-06-18,122.0623,USD,SYNTH
NVDA,2025-06-19,123.2130,USD,SYNTH
NVDA,2025-06-20,123.6451,USD,SYNTH
NVDA,2025-06-23,124.7330,USD,SYNTH
NVDA,2025-06-24,121.0613,USD,SYNTH
NVDA,2025-06-25,120.2724,USD,SYNTH
NVDA,2025-06-26,120.9076,USD,SYNTH
NVDA,2025-06-27,122.3393,USD,SYNTH
NVDA,2025-06-30,118.8570,USD,SYNTH
NVDA,2025-07-01,119.2332,USD,SYNTH
NVDA,2025-07-02,121.8582,USD,SYNTH
NVDA,2025-07-03,121.5030,USD,SYNTH
NVDA,2025-07-04,121.3322,USD,SYNTH
NVDA,2025-07-07,122.3524,USD,SYNTH
NVDA,2025-07-08,122.9333,USD,SYNTH
NVDA,2025-07-09,124.4630,USD,SYNTH
NVDA,2025-07-10,124.6626,USD,SYNTH
NVDA,2025-07-11,125.0422,USD,SYNTH
NVDA,2025-07-14,123.3186,USD,SYNTH
NVDA,2025-07-15,122.9773,USD,SYNTH
NVDA,2025-07-16,125.7881,USD,SYNTH
NVDA,2025-07-17,125.3635,USD,SYNTH
NVDA,2025-07-18,125.0208,USD,SYNTH
NVDA,2025-07-21,123.9522,USD,SYNTH
NVDA,2025-07-22,125.7457,USD,SYNTH
NVDA,2025-07-23,123.8489,USD,SYNTH
NVDA,2025-07-24,125.9158,USD,SYNTH
NVDA,2025-07-25,123.8300,USD,SYNTH
NVDA,2025-07-28,121.5094,USD,SYNTH
NVDA,2025-07-29,121.9963,USD,SYNTH
NVDA,2025-07-30,122.3187,USD,SYNTH
NVDA,2025-07-31,123.0106,USD,SYNTH
NVDA,2025-08-01,125.4001,USD,SYNTH
NVDA,2025-08-04,124.5067,USD,SYNTH
NVDA,2025-08-05,125.5368,USD,SYNTH
NVDA,2025-08-06,123.5186,USD,SYNTH
NVDA,2025-08-07,126.3552,USD,SYNTH
NVDA,2025-08-08,127.8316,USD,SYNTH
NVDA,2025-08-11,129.1045,USD,SYNTH
NVDA,2025-08-12,129.5798,USD,SYNTH
NVDA,2025-08-13,127.7863,USD,SYNTH
NVDA,2025-08-14,127.0716,USD,SYNTH
NVDA,2025-08-15,128.2575,USD,SYNTH
NVDA,2025-08-18,128.2517,USD,SYNTH
NVDA,2025-08-19,128.5758,USD,SYNTH
NVDA,2025-08-20,125.4673,USD,SYNTH
NVDA,2025-08-21,125.9139,USD,SYNTH
NVDA,2025-08-22,124.3834,USD,SYNTH
NVDA,2025-08-25,121.9953,USD,SYNTH
NVDA,2025-08-26,121.6922,USD,SYNTH
NVDA,2025-08-27,117.6621,USD,SYNTH
NVDA,2025-08-28,119.1769,USD,SYNTH
NVDA,2025-08-29,121.0404,USD,SYNTH
NVDA,2025-09-01,120.9603,USD,SYNTH
NVDA,2025-09-02,118.8328,USD,SYNTH
NVDA,2025-09-03,116.8463,USD,SYNTH
NVDA,2025-09-04,116.5635,USD,SYNTH
NVDA,2025-09-05,111.5132,USD,SYNTH
NVDA,2025-09-08,111.9089,USD,SYNTH
NVDA,2025-09-09,113.2809,USD,SYNTH
NVDA,2025-09-10,112.6789,USD,SYNTH
NVDA,2025-09-11,111.7099,USD,SYNTH
NVDA,2025-09-12,112.1093,USD,SYNTH
NVDA,2025-09-15,112.8506,USD,SYNTH
NVDA,2025-09-16,115.1070,USD,SYNTH
NVDA,2025-09-17,115.1796,USD,SYNTH
NVDA,2025-09-18,113.7841,USD,SYNTH
NVDA,2025-09-19,112.8736,USD,SYNTH
NVDA,2025-09-22,113.2771,USD,SYNTH
NVDA,2025-09-23,116.4841,USD,SYNTH
NVDA,2025-09-24,115.8476,USD,SYNTH
NVDA,2025-09-25,113.6875,USD,SYNTH
NVDA,2025-09-26,111.9411,USD,SYNTH
NVDA,2025-09-29,107.7507,USD,SYNTH
NVDA,2025-09-30,108.4226,USD,SYNTH
NVDA,2025-10-01,105.7984,USD,SYNTH
NVDA,2025-10-02,103.4811,USD,SYNTH
NVDA,2025-10-03,99.8315,USD,SYNTH
NVDA,2025-10-06,97.8524,USD,SYNTH
NVDA,2025-10-07,98.8830,USD,SYNTH
NVDA,2025-10-08,96.5786,USD,SYNTH
NVDA,2025-10-09,93.5659,USD,SYNTH
NVDA,2025-10-10,93.8942,USD,SYNTH
NVDA,2025-10-13,93.3458,USD,SYNTH
NVDA,2025-10-14,94.1000,USD,SYNTH
NVDA,2025-10-15,95.3825,USD,SYNTH
NVDA,2025-10-16,95.3966,USD,SYNTH
NVDA,2025-10-17,93.1968,USD,SYNTH
NVDA,2025-10-20,93.0170,USD,SYNTH
NVDA,2025-10-21,93.8825,USD,SYNTH
NVDA,2025-10-22,92.9255,USD,SYNTH
NVDA,2025-10-23,90.5490,USD,SYNTH
NVDA,2025-10-24,92.3733,USD,SYNTH
NVDA,2025-10-27,91.7106,USD,SYNTH
NVDA,2025-10-28,91.0625,USD,SYNTH
NVDA,2025-10-29,91.1160,USD,SYNTH
NVDA,2025-10-30,92.8334,USD,SYNTH
NVDA,2025-10-31,93.3018,USD,SYNTH
NVDA,2025-11-03,92.7701,USD,SYNTH
NVDA,2025-11-04,93.9370,USD,SYNTH
NVDA,2025-11-05,97.5955,USD,SYNTH
NVDA,2025-11-06,100.0628,USD,SYNTH
NVDA,2025-11-07,101.3047,USD,SYNTH
NVDA,2025-11-10,99.2886,USD,SYNTH
NVDA,2025-11-11,106.0241,USD,SYNTH
NVDA,2025-11-12,103.7683,USD,SYNTH
NVDA,2025-11-13,103.1050,USD,SYNTH
NVDA,2025-11-14,101.8370,USD,SYNTH
NVDA,2025-11-17,104.8498,USD,SYNTH
NVDA,2025-11-18,105.6744,USD,SYNTH
NVDA,2025-11-19,102.9915,USD,SYNTH
NVDA,2025-11-20,103.5184,USD,SYNTH
NVDA,2025-11-21,104.5685,USD,SYNTH
NVDA,2025-11-24,104.0005,USD,SYNTH
NVDA,2025-11-25,101.7475,USD,SYNTH
NVDA,2025-11-26,100.4501,USD,SYNTH
NVDA,2025-11-27,99.6904,USD,SYNTH
NVDA,2025-11-28,99.7611,USD,SYNTH
NVDA,2025-12-01,98.8574,USD,SYNTH
NVDA,2025-12-02,100.1953,USD,SYNTH
NVDA,2025-12-03,98.5122,USD,SYNTH
NVDA,2025-12-04,95.4716,USD,SYNTH
NVDA,2025-12-05,94.2296,USD,SYNTH
NVDA,2025-12-08,96.5457,USD,SYNTH
NVDA,2025-12-09,95.5787,USD,SYNTH
NVDA,2025-12-10,99.6345,USD,SYNTH
NVDA,2025-12-11,100.5458,USD,SYNTH
NVDA,2025-12-12,98.4686,USD,SYNTH
NVDA,2025-12-15,97.0194,USD,SYNTH
NVDA,2025-12-16,97.4735,USD,SYNTH
NVDA,2025-12-17,95.4366,USD,SYNTH
NVDA,2025-12-18,99.5444,USD,SYNTH
NVDA,2025-12-19,97.7988,USD,SYNTH
NVDA,2025-12-22,99.0268,USD,SYNTH
NVDA,2025-12-23,101.6592,USD,SYNTH
NVDA,2025-12-24,101.4899,USD,SYNTH
NVDA,2025-12-25,99.7011,USD,SYNTH
NVDA,2025-12-26,99.2409,USD,SYNTH
NVDA,2025-12-29,99.9177,USD,SYNTH
NVDA,2025-12-30,101.5228,USD,SYNTH
NVDA,2025-12-31,101.6569,USD,SYNTH
NVDA,2026-01-01,99.1252,USD,SYNTH
NVDA,2026-01-02,99.2305,USD,SYNTH
NVDA,2026-01-05,98.0575,USD,SYNTH
NVDA,2026-01-06,94.2334,USD,SYNTH
NVDA,2026-01-07,93.0785,USD,SYNTH
NVDA,2026-01-08,90.7065,USD,SYNTH
NVDA,2026-01-09,91.6919,USD,SYNTH
NVDA,2026-01-12,94.9281,USD,SYNTH
NVDA,2026-01-13,98.1327,USD,SYNTH
NVDA,2026-01-14,97.1496,USD,SYNTH
NVDA,2026-01-15,96.3614,USD,SYNTH
NVDA,2026-01-16,97.5850,USD,SYNTH
NVDA,2026-01-19,99.4785,USD,SYNTH
NVDA,2026-01-20,98.7585,USD,SYNTH
NVDA,2026-01-21,98.5346,USD,SYNTH
NVDA,2026-01-22,102.4784,USD,SYNTH
NVDA,2026-01-23,102.3109,USD,SYNTH
NVDA,2026-01-26,101.4479,USD,SYNTH
NVDA,2026-01-27,101.6973,USD,SYNTH
NVDA,2026-01-28,102.7890,USD,SYNTH
NVDA,2026-01-29,100.9296,USD,SYNTH
NVDA,2026-01-30,100.5086,USD,SYNTH
NVDA,2026-02-02,98.4286,USD,SYNTH
NVDA,2026-02-03,97.9651,USD,SYNTH
NVDA,2026-02-04,101.3042,USD,SYNTH
NVDA,2026-02-05,102.6871,USD,SYNTH
NVDA,2026-02-06,102.5469,USD,SYNTH
NVDA,2026-02-09,100.8553,USD,SYNTH
NVDA,2026-02-10,100.3202,USD,SYNTH
NVDA,2026-02-11,102.2477,USD,SYNTH
NVDA,2026-02-12,101.2446,USD,SYNTH
NVDA,2026-02-13,103.9182,USD,SYNTH
NVDA,2026-02-16,101.3799,USD,SYNTH
NVDA,2026-02-17,100.8811,USD,SYNTH
NVDA,2026-02-18,104.0759,USD,SYNTH
NVDA,2026-02-19,100.3457,USD,SYNTH
NVDA,2026-02-20,102.5224,USD,SYNTH
NVDA,2026-02-23,99.1366,USD,SYNTH
NVDA,2026-02-24,99.0056,USD,SYNTH
NVDA,2026-02-25,98.7278,USD,SYNTH
NVDA,2026-02-26,100.2223,USD,SYNTH
NVDA,2026-02-27,94.5616,USD,SYNTH
NVDA,2026-03-02,91.3256,USD,SYNTH
NVDA,2026-03-03,90.4226,USD,SYNTH
NVDA,2026-03-04,90.5097,USD,SYNTH
NVDA,2026-03-05,89.0817,USD,SYNTH
NVDA,2026-03-06,88.7543,USD,SYNTH
NVDA,2026-03-09,86.8859,USD,SYNTH
NVDA,2026-03-10,86.2844,USD,SYNTH
NVDA,2026-03-11,84.9951,USD,SYNTH
NVDA,2026-03-12,85.3940,USD,SYNTH
NVDA,2026-03-13,86.3133,USD,SYNTH
NVDA,2026-03-16,88.5654,USD,SYNTH
NVDA,2026-03-17,87.5456,USD,SYNTH
NVDA,2026-03-18,87.0707,USD,SYNTH
NVDA,2026-03-19,87.1717,USD,SYNTH
NVDA,2026-03-20,86.7351,USD,SYNTH
NVDA,2026-03-23,86.6799,USD,SYNTH
NVDA,2026-03-24,84.2686,USD,SYNTH
NVDA,2026-03-25,84.8577,USD,SYNTH
NVDA,2026-03-26,83.4853,USD,SYNTH
NVDA,2026-03-27,82.0723,USD,SYNTH
NVDA,2026-03-30,79.7507,USD,SYNTH
NVDA,2026-03-31,81.4413,USD,SYNTH
NVDA,2026-04-01,81.2596,USD,SYNTH
NVDA,2026-04-02,82.9653,USD,SYNTH
NVDA,2026-04-03,83.3969,USD,SYNTH
NVDA,2026-04-06,80.8649,USD,SYNTH
NVDA,2026-04-07,79.3118,USD,SYNTH
NVDA,2026-04-08,80.4176,USD,SYNTH
NVDA,2026-04-09,79.3334,USD,SYNTH
NVDA,2026-04-10,77.8002,USD,SYNTH
NVDA,2026-04-13,77.5723,USD,SYNTH
NVDA,2026-04-14,77.3485,USD,SYNTH
NVDA,2026-04-15,75.9629,USD,SYNTH
NVDA,2026-04-16,75.5397,USD,SYNTH
NVDA,2026-04-17,74.9118,USD,SYNTH
NVDA,2026-04-20,71.4419,USD,SYNTH
NVDA,2026-04-21,72.1097,USD,SYNTH
NVDA,2026-04-22,71.0782,USD,SYNTH
NVDA,2026-04-23,72.7684,USD,SYNTH
NVDA,2026-04-24,71.2838,USD,SYNTH
NVDA,2026-04-27,69.2784,USD,SYNTH
NVDA,2026-04-28,70.7801,USD,SYNTH
NVDA,2026-04-29,68.7819,USD,SYNTH
NVDA,2026-04-30,68.0149,USD,SYNTH
NVDA,2026-05-01,68.7667,USD,SYNTH
NVDA,2026-05-04,68.3792,USD,SYNTH
NVDA,2026-05-05,66.3622,USD,SYNTH
NVDA,2026-05-06,66.6067,USD,SYNTH
NVDA,2026-05-07,66.3937,USD,SYNTH
NVDA,2026-05-08,67.9479,USD,SYNTH
NVDA,2026-05-11,68.6883,USD,SYNTH
NVDA,2026-05-12,72.4622,USD,SYNTH
NVDA,2026-05-13,70.3372,USD,SYNTH
NVDA,2026-05-14,70.3308,USD,SYNTH
NVDA,2026-05-15,69.0016,USD,SYNTH
NVDA,2026-05-18,70.4565,USD,SYNTH
NVDA,2026-05-19,71.5199,USD,SYNTH
NVDA,2026-05-20,72.5121,USD,SYNTH
NVDA,2026-05-21,71.5193,USD,SYNTH
NVDA,2026-05-22,70.5814,USD,SYNTH
AMZN,2025-05-01,108.5084,USD,SYNTH
AMZN,2025-05-02,111.8799,USD,SYNTH
AMZN,2025-05-05,112.9369,USD,SYNTH
AMZN,2025-05-06,112.4405,USD,SYNTH
AMZN,2025-05-07,114.3636,USD,SYNTH
AMZN,2025-05-08,115.9437,USD,SYNTH
AMZN,2025-05-09,118.0139,USD,SYNTH
AMZN,2025-05-12,114.6005,USD,SYNTH
AMZN,2025-05-13,113.1624,USD,SYNTH
AMZN,2025-05-14,113.5944,USD,SYNTH
AMZN,2025-05-15,114.3552,USD,SYNTH
AMZN,2025-05-16,116.3599,USD,SYNTH
AMZN,2025-05-19,114.2822,USD,SYNTH
AMZN,2025-05-20,114.5782,USD,SYNTH
AMZN,2025-05-21,119.1609,USD,SYNTH
AMZN,2025-05-22,120.6807,USD,SYNTH
AMZN,2025-05-23,122.6080,USD,SYNTH
AMZN,2025-05-26,122.6025,USD,SYNTH
AMZN,2025-05-27,124.3333,USD,SYNTH
AMZN,2025-05-28,128.4079,USD,SYNTH
AMZN,2025-05-29,128.6929,USD,SYNTH
AMZN,2025-05-30,131.5668,USD,SYNTH
AMZN,2025-06-02,129.5338,USD,SYNTH
AMZN,2025-06-03,130.9485,USD,SYNTH
AMZN,2025-06-04,133.1191,USD,SYNTH
AMZN,2025-06-05,131.3572,USD,SYNTH
AMZN,2025-06-06,133.9930,USD,SYNTH
AMZN,2025-06-09,132.4046,USD,SYNTH
AMZN,2025-06-10,130.5252,USD,SYNTH
AMZN,2025-06-11,130.5616,USD,SYNTH
AMZN,2025-06-12,135.1411,USD,SYNTH
AMZN,2025-06-13,135.9337,USD,SYNTH
AMZN,2025-06-16,138.2641,USD,SYNTH
AMZN,2025-06-17,136.4844,USD,SYNTH
AMZN,2025-06-18,136.7157,USD,SYNTH
AMZN,2025-06-19,133.8613,USD,SYNTH
AMZN,2025-06-20,132.5254,USD,SYNTH
AMZN,2025-06-23,134.5586,USD,SYNTH
AMZN,2025-06-24,134.5059,USD,SYNTH
AMZN,2025-06-25,138.0600,USD,SYNTH
AMZN,2025-06-26,137.5984,USD,SYNTH
AMZN,2025-06-27,137.1495,USD,SYNTH
AMZN,2025-06-30,140.3423,USD,SYNTH
AMZN,2025-07-01,138.7459,USD,SYNTH
AMZN,2025-07-02,134.9920,USD,SYNTH
AMZN,2025-07-03,138.1945,USD,SYNTH
AMZN,2025-07-04,139.2662,USD,SYNTH
AMZN,2025-07-07,133.8803,USD,SYNTH
AMZN,2025-07-08,134.0278,USD,SYNTH
AMZN,2025-07-09,133.0938,USD,SYNTH
AMZN,2025-07-10,137.3139,USD,SYNTH
AMZN,2025-07-11,135.5533,USD,SYNTH
AMZN,2025-07-14,134.1769,USD,SYNTH
AMZN,2025-07-15,132.0183,USD,SYNTH
AMZN,2025-07-16,129.5532,USD,SYNTH
AMZN,2025-07-17,127.9585,USD,SYNTH
AMZN,2025-07-18,124.6896,USD,SYNTH
AMZN,2025-07-21,122.4126,USD,SYNTH
AMZN,2025-07-22,118.9093,USD,SYNTH
AMZN,2025-07-23,115.7402,USD,SYNTH
AMZN,2025-07-24,112.5257,USD,SYNTH
AMZN,2025-07-25,111.5038,USD,SYNTH
AMZN,2025-07-28,110.1651,USD,SYNTH
AMZN,2025-07-29,107.7661,USD,SYNTH
AMZN,2025-07-30,108.7261,USD,SYNTH
AMZN,2025-07-31,108.6647,USD,SYNTH
AMZN,2025-08-01,107.8523,USD,SYNTH
AMZN,2025-08-04,106.9840,USD,SYNTH
AMZN,2025-08-05,110.0835,USD,SYNTH
AMZN,2025-08-06,110.5917,USD,SYNTH
AMZN,2025-08-07,111.5712,USD,SYNTH
AMZN,2025-08-08,106.4112,USD,SYNTH
AMZN,2025-08-11,105.1909,USD,SYNTH
AMZN,2025-08-12,101.1118,USD,SYNTH
AMZN,2025-08-13,100.3665,USD,SYNTH
AMZN,2025-08-14,101.0710,USD,SYNTH
AMZN,2025-08-15,99.8746,USD,SYNTH
AMZN,2025-08-18,100.8369,USD,SYNTH
AMZN,2025-08-19,99.0107,USD,SYNTH
AMZN,2025-08-20,100.0666,USD,SYNTH
AMZN,2025-08-21,97.2983,USD,SYNTH
AMZN,2025-08-22,96.8692,USD,SYNTH
AMZN,2025-08-25,97.6302,USD,SYNTH
AMZN,2025-08-26,98.6013,USD,SYNTH
AMZN,2025-08-27,98.4050,USD,SYNTH
AMZN,2025-08-28,101.8704,USD,SYNTH
AMZN,2025-08-29,101.1410,USD,SYNTH
AMZN,2025-09-01,100.3503,USD,SYNTH
AMZN,2025-09-02,95.3959,USD,SYNTH
AMZN,2025-09-03,98.4620,USD,SYNTH
AMZN,2025-09-04,97.8375,USD,SYNTH
AMZN,2025-09-05,95.7958,USD,SYNTH
AMZN,2025-09-08,98.1023,USD,SYNTH
AMZN,2025-09-09,100.3134,USD,SYNTH
AMZN,2025-09-10,100.5391,USD,SYNTH
AMZN,2025-09-11,97.9725,USD,SYNTH
AMZN,2025-09-12,98.7407,USD,SYNTH
AMZN,2025-09-15,97.6659,USD,SYNTH
AMZN,2025-09-16,95.6370,USD,SYNTH
AMZN,2025-09-17,97.4618,USD,SYNTH
AMZN,2025-09-18,93.7498,USD,SYNTH
AMZN,2025-09-19,94.7351,USD,SYNTH
AMZN,2025-09-22,95.5468,USD,SYNTH
AMZN,2025-09-23,99.1029,USD,SYNTH
AMZN,2025-09-24,99.7127,USD,SYNTH
AMZN,2025-09-25,96.0480,USD,SYNTH
AMZN,2025-09-26,94.6313,USD,SYNTH
AMZN,2025-09-29,94.7699,USD,SYNTH
AMZN,2025-09-30,95.4048,USD,SYNTH
AMZN,2025-10-01,97.1178,USD,SYNTH
AMZN,2025-10-02,93.7212,USD,SYNTH
AMZN,2025-10-03,93.1927,USD,SYNTH
AMZN,2025-10-06,94.8475,USD,SYNTH
AMZN,2025-10-07,97.5119,USD,SYNTH
AMZN,2025-10-08,100.8077,USD,SYNTH
AMZN,2025-10-09,100.1299,USD,SYNTH
AMZN,2025-10-10,102.1382,USD,SYNTH
AMZN,2025-10-13,105.3158,USD,SYNTH
AMZN,2025-10-14,107.6185,USD,SYNTH
AMZN,2025-10-15,109.0527,USD,SYNTH
AMZN,2025-10-16,110.7103,USD,SYNTH
AMZN,2025-10-17,109.1695,USD,SYNTH
AMZN,2025-10-20,106.3583,USD,SYNTH
AMZN,2025-10-21,108.2718,USD,SYNTH
AMZN,2025-10-22,107.6279,USD,SYNTH
AMZN,2025-10-23,107.6057,USD,SYNTH
AMZN,2025-10-24,106.5170,USD,SYNTH
AMZN,2025-10-27,105.7957,USD,SYNTH
AMZN,2025-10-28,106.2706,USD,SYNTH
AMZN,2025-10-29,104.3478,USD,SYNTH
AMZN,2025-10-30,104.5078,USD,SYNTH
AMZN,2025-10-31,105.0020,USD,SYNTH
AMZN,2025-11-03,104.8873,USD,SYNTH
AMZN,2025-11-04,103.5148,USD,SYNTH
AMZN,2025-11-05,105.0116,USD,SYNTH
AMZN,2025-11-06,108.5827,USD,SYNTH
AMZN,2025-11-07,107.4402,USD,SYNTH
AMZN,2025-11-10,109.8598,USD,SYNTH
AMZN,2025-11-11,111.6512,USD,SYNTH
AMZN,2025-11-12,106.3524,USD,SYNTH
AMZN,2025-11-13,104.9272,USD,SYNTH
AMZN,2025-11-14,103.7577,USD,SYNTH
AMZN,2025-11-17,105.2489,USD,SYNTH
AMZN,2025-11-18,105.6376,USD,SYNTH
AMZN,2025-11-19,106.5713,USD,SYNTH
AMZN,2025-11-20,107.8239,USD,SYNTH
AMZN,2025-11-21,106.1116,USD,SYNTH
AMZN,2025-11-24,104.7175,USD,SYNTH
AMZN,2025-11-25,102.4439,USD,SYNTH
AMZN,2025-11-26,102.1606,USD,SYNTH
AMZN,2025-11-27,101.9723,USD,SYNTH
AMZN,2025-11-28,102.3171,USD,SYNTH
AMZN,2025-12-01,101.0083,USD,SYNTH
AMZN,2025-12-02,102.6868,USD,SYNTH
AMZN,2025-12-03,104.4128,USD,SYNTH
AMZN,2025-12-04,107.3507,USD,SYNTH
AMZN,2025-12-05,108.7573,USD,SYNTH
AMZN,2025-12-08,109.1531,USD,SYNTH
AMZN,2025-12-09,110.5070,USD,SYNTH
AMZN,2025-12-10,111.7530,USD,SYNTH
AMZN,2025-12-11,110.4754,USD,SYNTH
AMZN,2025-12-12,113.0726,USD,SYNTH
AMZN,2025-12-15,116.6042,USD,SYNTH
AMZN,2025-12-16,120.7886,USD,SYNTH
AMZN,2025-12-17,120.9014,USD,SYNTH
AMZN,2025-12-18,121.6433,USD,SYNTH
AMZN,2025-12-19,122.5915,USD,SYNTH
AMZN,2025-12-22,122.6226,USD,SYNTH
AMZN,2025-12-23,124.0263,USD,SYNTH
AMZN,2025-12-24,123.7930,USD,SYNTH
AMZN,2025-12-25,123.3983,USD,SYNTH
AMZN,2025-12-26,127.3424,USD,SYNTH
AMZN,2025-12-29,127.7581,USD,SYNTH
AMZN,2025-12-30,127.9505,USD,SYNTH
AMZN,2025-12-31,130.0203,USD,SYNTH
AMZN,2026-01-01,130.4111,USD,SYNTH
AMZN,2026-01-02,131.1348,USD,SYNTH
AMZN,2026-01-05,131.0241,USD,SYNTH
AMZN,2026-01-06,128.1852,USD,SYNTH
AMZN,2026-01-07,128.1522,USD,SYNTH
AMZN,2026-01-08,125.5681,USD,SYNTH
AMZN,2026-01-09,126.0808,USD,SYNTH
AMZN,2026-01-12,123.4374,USD,SYNTH
AMZN,2026-01-13,125.5112,USD,SYNTH
AMZN,2026-01-14,127.2415,USD,SYNTH
AMZN,2026-01-15,127.9220,USD,SYNTH
AMZN,2026-01-16,127.7298,USD,SYNTH
AMZN,2026-01-19,128.7253,USD,SYNTH
AMZN,2026-01-20,124.2109,USD,SYNTH
AMZN,2026-01-21,121.7959,USD,SYNTH
AMZN,2026-01-22,121.5063,USD,SYNTH
AMZN,2026-01-23,122.2979,USD,SYNTH
AMZN,2026-01-26,122.1598,USD,SYNTH
AMZN,2026-01-27,119.9874,USD,SYNTH
AMZN,2026-01-28,120.3117,USD,SYNTH
AMZN,2026-01-29,119.3652,USD,SYNTH
AMZN,2026-01-30,117.1051,USD,SYNTH
AMZN,2026-02-02,117.8347,USD,SYNTH
AMZN,2026-02-03,117.4247,USD,SYNTH
AMZN,2026-02-04,119.9889,USD,SYNTH
AMZN,2026-02-05,121.4623,USD,SYNTH
AMZN,2026-02-06,123.1050,USD,SYNTH
AMZN,2026-02-09,123.8547,USD,SYNTH
AMZN,2026-02-10,122.0076,USD,SYNTH
AMZN,2026-02-11,119.9894,USD,SYNTH
AMZN,2026-02-12,116.8480,USD,SYNTH
AMZN,2026-02-13,122.9384,USD,SYNTH
AMZN,2026-02-16,120.5866,USD,SYNTH
AMZN,2026-02-17,120.1673,USD,SYNTH
AMZN,2026-02-18,119.4238,USD,SYNTH
AMZN,2026-02-19,118.8554,USD,SYNTH
AMZN,2026-02-20,117.6416,USD,SYNTH
AMZN,2026-02-23,113.7205,USD,SYNTH
AMZN,2026-02-24,111.7114,USD,SYNTH
AMZN,2026-02-25,108.9485,USD,SYNTH
AMZN,2026-02-26,108.7326,USD,SYNTH
AMZN,2026-02-27,107.4261,USD,SYNTH
AMZN,2026-03-02,106.1295,USD,SYNTH
AMZN,2026-03-03,106.5738,USD,SYNTH
AMZN,2026-03-04,105.4878,USD,SYNTH
AMZN,2026-03-05,107.2893,USD,SYNTH
AMZN,2026-03-06,106.5757,USD,SYNTH
AMZN,2026-03-09,107.0396,USD,SYNTH
AMZN,2026-03-10,104.5182,USD,SYNTH
AMZN,2026-03-11,105.7854,USD,SYNTH
AMZN,2026-03-12,105.0456,USD,SYNTH
AMZN,2026-03-13,105.8500,USD,SYNTH
AMZN,2026-03-16,106.5105,USD,SYNTH
AMZN,2026-03-17,106.2099,USD,SYNTH
AMZN,2026-03-18,106.6575,USD,SYNTH
AMZN,2026-03-19,105.9498,USD,SYNTH
AMZN,2026-03-20,108.5487,USD,SYNTH
AMZN,2026-03-23,110.4068,USD,SYNTH
AMZN,2026-03-24,111.3988,USD,SYNTH
AMZN,2026-03-25,109.0658,USD,SYNTH
AMZN,2026-03-26,106.9404,USD,SYNTH
AMZN,2026-03-27,105.6946,USD,SYNTH
AMZN,2026-03-30,105.2602,USD,SYNTH
AMZN,2026-03-31,106.1406,USD,SYNTH
AMZN,2026-04-01,104.4596,USD,SYNTH
AMZN,2026-04-02,106.7041,USD,SYNTH
AMZN,2026-04-03,106.7430,USD,SYNTH
AMZN,2026-04-06,102.9078,USD,SYNTH
AMZN,2026-04-07,102.0582,USD,SYNTH
AMZN,2026-04-08,97.3397,USD,SYNTH
AMZN,2026-04-09,96.0518,USD,SYNTH
AMZN,2026-04-10,95.1312,USD,SYNTH
AMZN,2026-04-13,94.1145,USD,SYNTH
AMZN,2026-04-14,93.5917,USD,SYNTH
AMZN,2026-04-15,92.9559,USD,SYNTH
AMZN,2026-04-16,91.9903,USD,SYNTH
AMZN,2026-04-17,94.5058,USD,SYNTH
AMZN,2026-04-20,96.6008,USD,SYNTH
AMZN,2026-04-21,94.6443,USD,SYNTH
AMZN,2026-04-22,96.8089,USD,SYNTH
AMZN,2026-04-23,94.0126,USD,SYNTH
AMZN,2026-04-24,92.6623,USD,SYNTH
AMZN,2026-04-27,95.2340,USD,SYNTH
AMZN,2026-04-28,91.4235,USD,SYNTH
AMZN,2026-04-29,92.3968,USD,SYNTH
AMZN,2026-04-30,90.3398,USD,SYNTH
AMZN,2026-05-01,90.1327,USD,SYNTH
AMZN,2026-05-04,89.8674,USD,SYNTH
AMZN,2026-05-05,92.6398,USD,SYNTH
AMZN,2026-05-06,91.3159,USD,SYNTH
AMZN,2026-05-07,91.2298,USD,SYNTH
AMZN,2026-05-08,92.2869,USD,SYNTH
AMZN,2026-05-11,91.8963,USD,SYNTH
AMZN,2026-05-12,90.5641,USD,SYNTH
AMZN,2026-05-13,90.4947,USD,SYNTH
AMZN,2026-05-14,90.6742,USD,SYNTH
AMZN,2026-05-15,92.1443,USD,SYNTH
AMZN,2026-05-18,90.6078,USD,SYNTH
AMZN,2026-05-19,89.9025,USD,SYNTH
AMZN,2026-05-20,90.4520,USD,SYNTH
AMZN,2026-05-21,90.2070,USD,SYNTH
AMZN,2026-05-22,89.9332,USD,SYNTH
GOOGL,2025-05-01,302.4925,USD,SYNTH
GOOGL,2025-05-02,298.7945,USD,SYNTH
GOOGL,2025-05-05,294.5832,USD,SYNTH
GOOGL,2025-05-06,297.0085,USD,SYNTH
GOOGL,2025-05-07,291.2431,USD,SYNTH
GOOGL,2025-05-08,297.4398,USD,SYNTH
GOOGL,2025-05-09,298.6925,USD,SYNTH
GOOGL,2025-05-12,291.9188,USD,SYNTH
GOOGL,2025-05-13,293.4935,USD,SYNTH
GOOGL,2025-05-14,294.4653,USD,SYNTH
GOOGL,2025-05-15,298.5934,USD,SYNTH
GOOGL,2025-05-16,304.9114,USD,SYNTH
GOOGL,2025-05-19,302.9918,USD,SYNTH
GOOGL,2025-05-20,299.2227,USD,SYNTH
GOOGL,2025-05-21,296.0486,USD,SYNTH
GOOGL,2025-05-22,290.9094,USD,SYNTH
GOOGL,2025-05-23,287.0880,USD,SYNTH
GOOGL,2025-05-26,288.6443,USD,SYNTH
GOOGL,2025-05-27,288.8102,USD,SYNTH
GOOGL,2025-05-28,286.3425,USD,SYNTH
GOOGL,2025-05-29,282.6233,USD,SYNTH
GOOGL,2025-05-30,284.4779,USD,SYNTH
GOOGL,2025-06-02,281.9947,USD,SYNTH
GOOGL,2025-06-03,276.7996,USD,SYNTH
GOOGL,2025-06-04,276.1269,USD,SYNTH
GOOGL,2025-06-05,274.8951,USD,SYNTH
GOOGL,2025-06-06,269.6829,USD,SYNTH
GOOGL,2025-06-09,273.7792,USD,SYNTH
GOOGL,2025-06-10,278.0305,USD,SYNTH
GOOGL,2025-06-11,278.3186,USD,SYNTH
GOOGL,2025-06-12,279.0585,USD,SYNTH
GOOGL,2025-06-13,281.7909,USD,SYNTH
GOOGL,2025-06-16,281.7186,USD,SYNTH
GOOGL,2025-06-17,286.3228,USD,SYNTH
GOOGL,2025-06-18,294.9435,USD,SYNTH
GOOGL,2025-06-19,295.4593,USD,SYNTH
GOOGL,2025-06-20,297.8893,USD,SYNTH
GOOGL,2025-06-23,302.6622,USD,SYNTH
GOOGL,2025-06-24,300.9113,USD,SYNTH
GOOGL,2025-06-25,294.8902,USD,SYNTH
GOOGL,2025-06-26,299.7878,USD,SYNTH
GOOGL,2025-06-27,291.4124,USD,SYNTH
GOOGL,2025-06-30,300.8830,USD,SYNTH
GOOGL,2025-07-01,305.6875,USD,SYNTH
GOOGL,2025-07-02,306.8119,USD,SYNTH
GOOGL,2025-07-03,307.1861,USD,SYNTH
GOOGL,2025-07-04,316.9622,USD,SYNTH
GOOGL,2025-07-07,311.6587,USD,SYNTH
GOOGL,2025-07-08,305.2437,USD,SYNTH
GOOGL,2025-07-09,302.0489,USD,SYNTH
GOOGL,2025-07-10,300.7161,USD,SYNTH
GOOGL,2025-07-11,295.3585,USD,SYNTH
GOOGL,2025-07-14,296.2651,USD,SYNTH
GOOGL,2025-07-15,297.0789,USD,SYNTH
GOOGL,2025-07-16,292.8160,USD,SYNTH
GOOGL,2025-07-17,301.3530,USD,SYNTH
GOOGL,2025-07-18,293.8923,USD,SYNTH
GOOGL,2025-07-21,287.2266,USD,SYNTH
GOOGL,2025-07-22,289.2573,USD,SYNTH
GOOGL,2025-07-23,288.2638,USD,SYNTH
GOOGL,2025-07-24,290.5177,USD,SYNTH
GOOGL,2025-07-25,287.3681,USD,SYNTH
GOOGL,2025-07-28,282.1092,USD,SYNTH
GOOGL,2025-07-29,278.9158,USD,SYNTH
GOOGL,2025-07-30,275.5675,USD,SYNTH
GOOGL,2025-07-31,278.2543,USD,SYNTH
GOOGL,2025-08-01,275.9338,USD,SYNTH
GOOGL,2025-08-04,279.7985,USD,SYNTH
GOOGL,2025-08-05,282.8442,USD,SYNTH
GOOGL,2025-08-06,288.2269,USD,SYNTH
GOOGL,2025-08-07,292.9864,USD,SYNTH
GOOGL,2025-08-08,297.2108,USD,SYNTH
GOOGL,2025-08-11,301.4185,USD,SYNTH
GOOGL,2025-08-12,298.7056,USD,SYNTH
GOOGL,2025-08-13,297.3871,USD,SYNTH
GOOGL,2025-08-14,287.6797,USD,SYNTH
GOOGL,2025-08-15,289.2768,USD,SYNTH
GOOGL,2025-08-18,285.8553,USD,SYNTH
GOOGL,2025-08-19,288.0072,USD,SYNTH
GOOGL,2025-08-20,290.8281,USD,SYNTH
GOOGL,2025-08-21,283.8373,USD,SYNTH
GOOGL,2025-08-22,278.7427,USD,SYNTH
GOOGL,2025-08-25,277.0735,USD,SYNTH
GOOGL,2025-08-26,274.5752,USD,SYNTH
GOOGL,2025-08-27,275.4830,USD,SYNTH
GOOGL,2025-08-28,269.8363,USD,SYNTH
GOOGL,2025-08-29,270.1464,USD,SYNTH
GOOGL,2025-09-01,262.0169,USD,SYNTH
GOOGL,2025-09-02,251.9314,USD,SYNTH
GOOGL,2025-09-03,255.2568,USD,SYNTH
GOOGL,2025-09-04,249.3360,USD,SYNTH
GOOGL,2025-09-05,246.8979,USD,SYNTH
GOOGL,2025-09-08,240.6729,USD,SYNTH
GOOGL,2025-09-09,234.6418,USD,SYNTH
GOOGL,2025-09-10,233.0276,USD,SYNTH
GOOGL,2025-09-11,231.3772,USD,SYNTH
GOOGL,2025-09-12,235.5389,USD,SYNTH
GOOGL,2025-09-15,237.5153,USD,SYNTH
GOOGL,2025-09-16,236.4702,USD,SYNTH
GOOGL,2025-09-17,239.7662,USD,SYNTH
GOOGL,2025-09-18,244.6570,USD,SYNTH
GOOGL,2025-09-19,246.5416,USD,SYNTH
GOOGL,2025-09-22,244.8125,USD,SYNTH
GOOGL,2025-09-23,249.3745,USD,SYNTH
GOOGL,2025-09-24,257.3878,USD,SYNTH
GOOGL,2025-09-25,260.5252,USD,SYNTH
GOOGL,2025-09-26,268.9069,USD,SYNTH
GOOGL,2025-09-29,273.4726,USD,SYNTH
GOOGL,2025-09-30,277.7332,USD,SYNTH
GOOGL,2025-10-01,272.3664,USD,SYNTH
GOOGL,2025-10-02,266.9888,USD,SYNTH
GOOGL,2025-10-03,266.8311,USD,SYNTH
GOOGL,2025-10-06,258.8928,USD,SYNTH
GOOGL,2025-10-07,256.2073,USD,SYNTH
GOOGL,2025-10-08,260.2841,USD,SYNTH
GOOGL,2025-10-09,257.2459,USD,SYNTH
GOOGL,2025-10-10,259.7919,USD,SYNTH
GOOGL,2025-10-13,253.5511,USD,SYNTH
GOOGL,2025-10-14,251.3742,USD,SYNTH
GOOGL,2025-10-15,256.0804,USD,SYNTH
GOOGL,2025-10-16,257.1184,USD,SYNTH
GOOGL,2025-10-17,258.5390,USD,SYNTH
GOOGL,2025-10-20,266.5498,USD,SYNTH
GOOGL,2025-10-21,272.8517,USD,SYNTH
GOOGL,2025-10-22,268.6270,USD,SYNTH
GOOGL,2025-10-23,275.0800,USD,SYNTH
GOOGL,2025-10-24,272.1162,USD,SYNTH
GOOGL,2025-10-27,272.1117,USD,SYNTH
GOOGL,2025-10-28,272.2678,USD,SYNTH
GOOGL,2025-10-29,277.6083,USD,SYNTH
GOOGL,2025-10-30,272.0487,USD,SYNTH
GOOGL,2025-10-31,274.3430,USD,SYNTH
GOOGL,2025-11-03,277.0130,USD,SYNTH
GOOGL,2025-11-04,281.1425,USD,SYNTH
GOOGL,2025-11-05,280.1621,USD,SYNTH
GOOGL,2025-11-06,285.3063,USD,SYNTH
GOOGL,2025-11-07,281.7378,USD,SYNTH
GOOGL,2025-11-10,287.6393,USD,SYNTH
GOOGL,2025-11-11,289.5494,USD,SYNTH
GOOGL,2025-11-12,282.3392,USD,SYNTH
GOOGL,2025-11-13,284.4969,USD,SYNTH
GOOGL,2025-11-14,285.5005,USD,SYNTH
GOOGL,2025-11-17,283.7584,USD,SYNTH
GOOGL,2025-11-18,280.0830,USD,SYNTH
GOOGL,2025-11-19,278.9561,USD,SYNTH
GOOGL,2025-11-20,271.7984,USD,SYNTH
GOOGL,2025-11-21,280.1516,USD,SYNTH
GOOGL,2025-11-24,274.5461,USD,SYNTH
GOOGL,2025-11-25,271.3605,USD,SYNTH
GOOGL,2025-11-26,277.0341,USD,SYNTH
GOOGL,2025-11-27,280.0346,USD,SYNTH
GOOGL,2025-11-28,283.7491,USD,SYNTH
GOOGL,2025-12-01,291.5807,USD,SYNTH
GOOGL,2025-12-02,290.0299,USD,SYNTH
GOOGL,2025-12-03,284.6537,USD,SYNTH
GOOGL,2025-12-04,289.0649,USD,SYNTH
GOOGL,2025-12-05,293.2948,USD,SYNTH
GOOGL,2025-12-08,291.6570,USD,SYNTH
GOOGL,2025-12-09,285.1005,USD,SYNTH
GOOGL,2025-12-10,291.5451,USD,SYNTH
GOOGL,2025-12-11,294.6545,USD,SYNTH
GOOGL,2025-12-12,287.4583,USD,SYNTH
GOOGL,2025-12-15,291.5802,USD,SYNTH
GOOGL,2025-12-16,284.1048,USD,SYNTH
GOOGL,2025-12-17,281.7219,USD,SYNTH
GOOGL,2025-12-18,276.1101,USD,SYNTH
GOOGL,2025-12-19,273.0229,USD,SYNTH
GOOGL,2025-12-22,269.0096,USD,SYNTH
GOOGL,2025-12-23,266.1206,USD,SYNTH
GOOGL,2025-12-24,269.6697,USD,SYNTH
GOOGL,2025-12-25,271.1806,USD,SYNTH
GOOGL,2025-12-26,274.3309,USD,SYNTH
GOOGL,2025-12-29,279.8072,USD,SYNTH
GOOGL,2025-12-30,278.0140,USD,SYNTH
GOOGL,2025-12-31,278.4972,USD,SYNTH
GOOGL,2026-01-01,281.2785,USD,SYNTH
GOOGL,2026-01-02,290.0041,USD,SYNTH
GOOGL,2026-01-05,294.7844,USD,SYNTH
GOOGL,2026-01-06,302.2035,USD,SYNTH
GOOGL,2026-01-07,307.8370,USD,SYNTH
GOOGL,2026-01-08,313.7877,USD,SYNTH
GOOGL,2026-01-09,303.8017,USD,SYNTH
GOOGL,2026-01-12,308.7098,USD,SYNTH
GOOGL,2026-01-13,309.9856,USD,SYNTH
GOOGL,2026-01-14,310.3810,USD,SYNTH
GOOGL,2026-01-15,307.5285,USD,SYNTH
GOOGL,2026-01-16,305.2666,USD,SYNTH
GOOGL,2026-01-19,307.6450,USD,SYNTH
GOOGL,2026-01-20,312.3888,USD,SYNTH
GOOGL,2026-01-21,304.0604,USD,SYNTH
GOOGL,2026-01-22,305.3454,USD,SYNTH
GOOGL,2026-01-23,302.3553,USD,SYNTH
GOOGL,2026-01-26,297.2714,USD,SYNTH
GOOGL,2026-01-27,299.4614,USD,SYNTH
GOOGL,2026-01-28,297.7794,USD,SYNTH
GOOGL,2026-01-29,294.3363,USD,SYNTH
GOOGL,2026-01-30,290.3495,USD,SYNTH
GOOGL,2026-02-02,291.9067,USD,SYNTH
GOOGL,2026-02-03,291.9416,USD,SYNTH
GOOGL,2026-02-04,286.2926,USD,SYNTH
GOOGL,2026-02-05,282.0446,USD,SYNTH
GOOGL,2026-02-06,281.2027,USD,SYNTH
GOOGL,2026-02-09,283.3378,USD,SYNTH
GOOGL,2026-02-10,278.0692,USD,SYNTH
GOOGL,2026-02-11,280.5957,USD,SYNTH
GOOGL,2026-02-12,276.5180,USD,SYNTH
GOOGL,2026-02-13,290.1779,USD,SYNTH
GOOGL,2026-02-16,285.3499,USD,SYNTH
GOOGL,2026-02-17,281.3772,USD,SYNTH
GOOGL,2026-02-18,282.4441,USD,SYNTH
GOOGL,2026-02-19,277.9412,USD,SYNTH
GOOGL,2026-02-20,282.1652,USD,SYNTH
GOOGL,2026-02-23,291.3991,USD,SYNTH
GOOGL,2026-02-24,289.4534,USD,SYNTH
GOOGL,2026-02-25,290.4404,USD,SYNTH
GOOGL,2026-02-26,287.8208,USD,SYNTH
GOOGL,2026-02-27,287.9070,USD,SYNTH
GOOGL,2026-03-02,295.4130,USD,SYNTH
GOOGL,2026-03-03,300.2568,USD,SYNTH
GOOGL,2026-03-04,295.4598,USD,SYNTH
GOOGL,2026-03-05,303.7700,USD,SYNTH
GOOGL,2026-03-06,310.2151,USD,SYNTH
GOOGL,2026-03-09,313.0240,USD,SYNTH
GOOGL,2026-03-10,309.4036,USD,SYNTH
GOOGL,2026-03-11,309.8624,USD,SYNTH
GOOGL,2026-03-12,305.5186,USD,SYNTH
GOOGL,2026-03-13,308.1818,USD,SYNTH
GOOGL,2026-03-16,306.5187,USD,SYNTH
GOOGL,2026-03-17,294.2796,USD,SYNTH
GOOGL,2026-03-18,299.2740,USD,SYNTH
GOOGL,2026-03-19,300.3952,USD,SYNTH
GOOGL,2026-03-20,306.3167,USD,SYNTH
GOOGL,2026-03-23,305.6578,USD,SYNTH
GOOGL,2026-03-24,306.7864,USD,SYNTH
GOOGL,2026-03-25,313.0374,USD,SYNTH
GOOGL,2026-03-26,315.3165,USD,SYNTH
GOOGL,2026-03-27,317.0457,USD,SYNTH
GOOGL,2026-03-30,335.4847,USD,SYNTH
GOOGL,2026-03-31,334.5648,USD,SYNTH
GOOGL,2026-04-01,335.6841,USD,SYNTH
GOOGL,2026-04-02,346.2623,USD,SYNTH
GOOGL,2026-04-03,341.3488,USD,SYNTH
GOOGL,2026-04-06,335.0550,USD,SYNTH
GOOGL,2026-04-07,326.5188,USD,SYNTH
GOOGL,2026-04-08,329.7532,USD,SYNTH
GOOGL,2026-04-09,333.5656,USD,SYNTH
GOOGL,2026-04-10,338.1177,USD,SYNTH
GOOGL,2026-04-13,329.9812,USD,SYNTH
GOOGL,2026-04-14,336.0547,USD,SYNTH
GOOGL,2026-04-15,343.3978,USD,SYNTH
GOOGL,2026-04-16,342.8993,USD,SYNTH
GOOGL,2026-04-17,343.2032,USD,SYNTH
GOOGL,2026-04-20,347.4797,USD,SYNTH
GOOGL,2026-04-21,349.8803,USD,SYNTH
GOOGL,2026-04-22,354.0283,USD,SYNTH
GOOGL,2026-04-23,347.2134,USD,SYNTH
GOOGL,2026-04-24,346.2262,USD,SYNTH
GOOGL,2026-04-27,338.7739,USD,SYNTH
GOOGL,2026-04-28,342.7250,USD,SYNTH
GOOGL,2026-04-29,346.0987,USD,SYNTH
GOOGL,2026-04-30,345.5870,USD,SYNTH
GOOGL,2026-05-01,347.5369,USD,SYNTH
GOOGL,2026-05-04,337.9041,USD,SYNTH
GOOGL,2026-05-05,343.2236,USD,SYNTH
GOOGL,2026-05-06,340.4398,USD,SYNTH
GOOGL,2026-05-07,341.3327,USD,SYNTH
GOOGL,2026-05-08,348.2879,USD,SYNTH
GOOGL,2026-05-11,343.6498,USD,SYNTH
GOOGL,2026-05-12,351.1586,USD,SYNTH
GOOGL,2026-05-13,352.0482,USD,SYNTH
GOOGL,2026-05-14,352.3325,USD,SYNTH
GOOGL,2026-05-15,355.9646,USD,SYNTH
GOOGL,2026-05-18,348.0812,USD,SYNTH
GOOGL,2026-05-19,351.9080,USD,SYNTH
GOOGL,2026-05-20,352.4032,USD,SYNTH
GOOGL,2026-05-21,359.0823,USD,SYNTH
GOOGL,2026-05-22,357.7887,USD,SYNTH
META,2025-05-01,278.6293,USD,SYNTH
META,2025-05-02,280.5668,USD,SYNTH
META,2025-05-05,280.3511,USD,SYNTH
META,2025-05-06,274.5110,USD,SYNTH
META,2025-05-07,273.6350,USD,SYNTH
META,2025-05-08,279.9607,USD,SYNTH
META,2025-05-09,279.5755,USD,SYNTH
META,2025-05-12,275.2789,USD,SYNTH
META,2025-05-13,278.9090,USD,SYNTH
META,2025-05-14,269.6877,USD,SYNTH
META,2025-05-15,259.4760,USD,SYNTH
META,2025-05-16,259.5345,USD,SYNTH
META,2025-05-19,260.4575,USD,SYNTH
META,2025-05-20,261.5690,USD,SYNTH
META,2025-05-21,257.4440,USD,SYNTH
META,2025-05-22,256.8238,USD,SYNTH
META,2025-05-23,250.4348,USD,SYNTH
META,2025-05-26,251.4996,USD,SYNTH
META,2025-05-27,244.2626,USD,SYNTH
META,2025-05-28,243.6797,USD,SYNTH
META,2025-05-29,244.9001,USD,SYNTH
META,2025-05-30,240.3880,USD,SYNTH
META,2025-06-02,235.0700,USD,SYNTH
META,2025-06-03,238.4754,USD,SYNTH
META,2025-06-04,245.1960,USD,SYNTH
META,2025-06-05,238.6318,USD,SYNTH
META,2025-06-06,240.1634,USD,SYNTH
META,2025-06-09,234.8925,USD,SYNTH
META,2025-06-10,229.2752,USD,SYNTH
META,2025-06-11,235.9309,USD,SYNTH
META,2025-06-12,238.8393,USD,SYNTH
META,2025-06-13,235.4536,USD,SYNTH
META,2025-06-16,236.4525,USD,SYNTH
META,2025-06-17,239.2557,USD,SYNTH
META,2025-06-18,240.1082,USD,SYNTH
META,2025-06-19,249.8928,USD,SYNTH
META,2025-06-20,252.6926,USD,SYNTH
META,2025-06-23,239.1550,USD,SYNTH
META,2025-06-24,237.9775,USD,SYNTH
META,2025-06-25,234.8937,USD,SYNTH
META,2025-06-26,234.1010,USD,SYNTH
META,2025-06-27,234.2280,USD,SYNTH
META,2025-06-30,231.5529,USD,SYNTH
META,2025-07-01,227.1005,USD,SYNTH
META,2025-07-02,232.7420,USD,SYNTH
META,2025-07-03,235.3143,USD,SYNTH
META,2025-07-04,232.5439,USD,SYNTH
META,2025-07-07,235.4585,USD,SYNTH
META,2025-07-08,238.3907,USD,SYNTH
META,2025-07-09,243.9003,USD,SYNTH
META,2025-07-10,239.3404,USD,SYNTH
META,2025-07-11,242.7721,USD,SYNTH
META,2025-07-14,240.1889,USD,SYNTH
META,2025-07-15,245.2547,USD,SYNTH
META,2025-07-16,244.4787,USD,SYNTH
META,2025-07-17,234.5548,USD,SYNTH
META,2025-07-18,234.7744,USD,SYNTH
META,2025-07-21,227.3051,USD,SYNTH
META,2025-07-22,226.4848,USD,SYNTH
META,2025-07-23,226.3155,USD,SYNTH
META,2025-07-24,224.7487,USD,SYNTH
META,2025-07-25,218.8008,USD,SYNTH
META,2025-07-28,214.4722,USD,SYNTH
META,2025-07-29,211.2760,USD,SYNTH
META,2025-07-30,210.3958,USD,SYNTH
META,2025-07-31,215.3387,USD,SYNTH
META,2025-08-01,218.1518,USD,SYNTH
META,2025-08-04,216.3630,USD,SYNTH
META,2025-08-05,221.3891,USD,SYNTH
META,2025-08-06,216.0038,USD,SYNTH
META,2025-08-07,218.7320,USD,SYNTH
META,2025-08-08,218.1077,USD,SYNTH
META,2025-08-11,219.1009,USD,SYNTH
META,2025-08-12,221.6846,USD,SYNTH
META,2025-08-13,219.0394,USD,SYNTH
META,2025-08-14,222.2638,USD,SYNTH
META,2025-08-15,222.2933,USD,SYNTH
META,2025-08-18,232.0102,USD,SYNTH
META,2025-08-19,230.8092,USD,SYNTH
META,2025-08-20,236.1513,USD,SYNTH
META,2025-08-21,238.9728,USD,SYNTH
META,2025-08-22,233.9939,USD,SYNTH
META,2025-08-25,239.7949,USD,SYNTH
META,2025-08-26,235.2898,USD,SYNTH
META,2025-08-27,225.9074,USD,SYNTH
META,2025-08-28,229.4450,USD,SYNTH
META,2025-08-29,233.9287,USD,SYNTH
META,2025-09-01,234.2179,USD,SYNTH
META,2025-09-02,233.1877,USD,SYNTH
META,2025-09-03,239.9050,USD,SYNTH
META,2025-09-04,243.0510,USD,SYNTH
META,2025-09-05,240.2546,USD,SYNTH
META,2025-09-08,243.4902,USD,SYNTH
META,2025-09-09,238.1142,USD,SYNTH
META,2025-09-10,235.7898,USD,SYNTH
META,2025-09-11,231.3993,USD,SYNTH
META,2025-09-12,222.3053,USD,SYNTH
META,2025-09-15,217.6610,USD,SYNTH
META,2025-09-16,222.5153,USD,SYNTH
META,2025-09-17,218.1850,USD,SYNTH
META,2025-09-18,216.0903,USD,SYNTH
META,2025-09-19,211.6393,USD,SYNTH
META,2025-09-22,215.0004,USD,SYNTH
META,2025-09-23,215.0695,USD,SYNTH
META,2025-09-24,217.0338,USD,SYNTH
META,2025-09-25,216.6861,USD,SYNTH
META,2025-09-26,212.1836,USD,SYNTH
META,2025-09-29,208.5275,USD,SYNTH
META,2025-09-30,211.7327,USD,SYNTH
META,2025-10-01,211.5775,USD,SYNTH
META,2025-10-02,214.5902,USD,SYNTH
META,2025-10-03,202.4386,USD,SYNTH
META,2025-10-06,206.5445,USD,SYNTH
META,2025-10-07,204.7700,USD,SYNTH
META,2025-10-08,212.8403,USD,SYNTH
META,2025-10-09,210.9473,USD,SYNTH
META,2025-10-10,211.1180,USD,SYNTH
META,2025-10-13,213.6908,USD,SYNTH
META,2025-10-14,210.3862,USD,SYNTH
META,2025-10-15,213.7544,USD,SYNTH
META,2025-10-16,211.3360,USD,SYNTH
META,2025-10-17,216.3032,USD,SYNTH
META,2025-10-20,219.4564,USD,SYNTH
META,2025-10-21,221.4801,USD,SYNTH
META,2025-10-22,218.6594,USD,SYNTH
META,2025-10-23,217.8963,USD,SYNTH
META,2025-10-24,219.1379,USD,SYNTH
META,2025-10-27,211.1832,USD,SYNTH
META,2025-10-28,209.1492,USD,SYNTH
META,2025-10-29,212.7435,USD,SYNTH
META,2025-10-30,207.9509,USD,SYNTH
META,2025-10-31,212.8007,USD,SYNTH
META,2025-11-03,210.4578,USD,SYNTH
META,2025-11-04,211.7455,USD,SYNTH
META,2025-11-05,207.4348,USD,SYNTH
META,2025-11-06,209.3056,USD,SYNTH
META,2025-11-07,211.1118,USD,SYNTH
META,2025-11-10,215.4933,USD,SYNTH
META,2025-11-11,220.8103,USD,SYNTH
META,2025-11-12,225.8587,USD,SYNTH
META,2025-11-13,226.7758,USD,SYNTH
META,2025-11-14,221.8387,USD,SYNTH
META,2025-11-17,227.1912,USD,SYNTH
META,2025-11-18,221.9262,USD,SYNTH
META,2025-11-19,220.2402,USD,SYNTH
META,2025-11-20,223.2285,USD,SYNTH
META,2025-11-21,225.0777,USD,SYNTH
META,2025-11-24,231.5994,USD,SYNTH
META,2025-11-25,231.6519,USD,SYNTH
META,2025-11-26,224.6743,USD,SYNTH
META,2025-11-27,223.6285,USD,SYNTH
META,2025-11-28,224.3963,USD,SYNTH
META,2025-12-01,223.0474,USD,SYNTH
META,2025-12-02,228.7851,USD,SYNTH
META,2025-12-03,227.8341,USD,SYNTH
META,2025-12-04,222.0140,USD,SYNTH
META,2025-12-05,223.9460,USD,SYNTH
META,2025-12-08,219.3868,USD,SYNTH
META,2025-12-09,226.1655,USD,SYNTH
META,2025-12-10,227.3328,USD,SYNTH
META,2025-12-11,221.6588,USD,SYNTH
META,2025-12-12,226.0319,USD,SYNTH
META,2025-12-15,235.7392,USD,SYNTH
META,2025-12-16,227.3061,USD,SYNTH
META,2025-12-17,231.0692,USD,SYNTH
META,2025-12-18,233.1517,USD,SYNTH
META,2025-12-19,233.9590,USD,SYNTH
META,2025-12-22,235.4750,USD,SYNTH
META,2025-12-23,237.6305,USD,SYNTH
META,2025-12-24,234.7376,USD,SYNTH
META,2025-12-25,240.7698,USD,SYNTH
META,2025-12-26,234.9934,USD,SYNTH
META,2025-12-29,243.3484,USD,SYNTH
META,2025-12-30,250.1131,USD,SYNTH
META,2025-12-31,244.8481,USD,SYNTH
META,2026-01-01,244.8978,USD,SYNTH
META,2026-01-02,251.2302,USD,SYNTH
META,2026-01-05,249.0852,USD,SYNTH
META,2026-01-06,248.4318,USD,SYNTH
META,2026-01-07,246.7070,USD,SYNTH
META,2026-01-08,251.9654,USD,SYNTH
META,2026-01-09,249.2849,USD,SYNTH
META,2026-01-12,249.3156,USD,SYNTH
META,2026-01-13,251.8147,USD,SYNTH
META,2026-01-14,250.9493,USD,SYNTH
META,2026-01-15,247.1108,USD,SYNTH
META,2026-01-16,241.2178,USD,SYNTH
META,2026-01-19,234.6980,USD,SYNTH
META,2026-01-20,229.7842,USD,SYNTH
META,2026-01-21,222.7368,USD,SYNTH
META,2026-01-22,219.8894,USD,SYNTH
META,2026-01-23,221.1436,USD,SYNTH
META,2026-01-26,221.4252,USD,SYNTH
META,2026-01-27,218.1970,USD,SYNTH
META,2026-01-28,214.2641,USD,SYNTH
META,2026-01-29,210.4972,USD,SYNTH
META,2026-01-30,205.3016,USD,SYNTH
META,2026-02-02,200.7961,USD,SYNTH
META,2026-02-03,203.4383,USD,SYNTH
META,2026-02-04,198.3558,USD,SYNTH
META,2026-02-05,198.4771,USD,SYNTH
META,2026-02-06,196.3286,USD,SYNTH
META,2026-02-09,204.9677,USD,SYNTH
META,2026-02-10,198.3996,USD,SYNTH
META,2026-02-11,199.1494,USD,SYNTH
META,2026-02-12,198.0127,USD,SYNTH
META,2026-02-13,195.3237,USD,SYNTH
META,2026-02-16,196.4905,USD,SYNTH
META,2026-02-17,197.0997,USD,SYNTH
META,2026-02-18,193.3666,USD,SYNTH
META,2026-02-19,194.9083,USD,SYNTH
META,2026-02-20,196.3321,USD,SYNTH
META,2026-02-23,201.0186,USD,SYNTH
META,2026-02-24,198.8719,USD,SYNTH
META,2026-02-25,204.1953,USD,SYNTH
META,2026-02-26,203.5331,USD,SYNTH
META,2026-02-27,196.3549,USD,SYNTH
META,2026-03-02,198.2626,USD,SYNTH
META,2026-03-03,198.0309,USD,SYNTH
META,2026-03-04,194.9451,USD,SYNTH
META,2026-03-05,198.2784,USD,SYNTH
META,2026-03-06,196.6546,USD,SYNTH
META,2026-03-09,200.3132,USD,SYNTH
META,2026-03-10,200.0751,USD,SYNTH
META,2026-03-11,202.8373,USD,SYNTH
META,2026-03-12,205.3789,USD,SYNTH
META,2026-03-13,207.1898,USD,SYNTH
META,2026-03-16,203.4030,USD,SYNTH
META,2026-03-17,206.8313,USD,SYNTH
META,2026-03-18,206.9744,USD,SYNTH
META,2026-03-19,214.4960,USD,SYNTH
META,2026-03-20,216.4084,USD,SYNTH
META,2026-03-23,219.3993,USD,SYNTH
META,2026-03-24,216.4444,USD,SYNTH
META,2026-03-25,214.9270,USD,SYNTH
META,2026-03-26,215.3656,USD,SYNTH
META,2026-03-27,210.8928,USD,SYNTH
META,2026-03-30,206.5136,USD,SYNTH
META,2026-03-31,206.1719,USD,SYNTH
META,2026-04-01,205.9448,USD,SYNTH
META,2026-04-02,206.7557,USD,SYNTH
META,2026-04-03,210.9751,USD,SYNTH
META,2026-04-06,209.5181,USD,SYNTH
META,2026-04-07,212.1488,USD,SYNTH
META,2026-04-08,211.6601,USD,SYNTH
META,2026-04-09,210.9844,USD,SYNTH
META,2026-04-10,212.0240,USD,SYNTH
META,2026-04-13,204.1963,USD,SYNTH
META,2026-04-14,204.5014,USD,SYNTH
META,2026-04-15,202.2133,USD,SYNTH
META,2026-04-16,198.8895,USD,SYNTH
META,2026-04-17,192.1937,USD,SYNTH
META,2026-04-20,190.7192,USD,SYNTH
META,2026-04-21,184.3313,USD,SYNTH
META,2026-04-22,187.2736,USD,SYNTH
META,2026-04-23,186.5231,USD,SYNTH
META,2026-04-24,180.9317,USD,SYNTH
META,2026-04-27,178.7924,USD,SYNTH
META,2026-04-28,181.2757,USD,SYNTH
META,2026-04-29,179.3890,USD,SYNTH
META,2026-04-30,178.5348,USD,SYNTH
META,2026-05-01,177.4019,USD,SYNTH
META,2026-05-04,177.0455,USD,SYNTH
META,2026-05-05,171.6818,USD,SYNTH
META,2026-05-06,171.5928,USD,SYNTH
META,2026-05-07,169.9205,USD,SYNTH
META,2026-05-08,179.0058,USD,SYNTH
META,2026-05-11,178.3732,USD,SYNTH
META,2026-05-12,176.9638,USD,SYNTH
META,2026-05-13,180.1656,USD,SYNTH
META,2026-05-14,179.7136,USD,SYNTH
META,2026-05-15,180.5871,USD,SYNTH
META,2026-05-18,177.7999,USD,SYNTH
META,2026-05-19,182.8305,USD,SYNTH
META,2026-05-20,180.8197,USD,SYNTH
META,2026-05-21,182.0957,USD,SYNTH
META,2026-05-22,185.8618,USD,SYNTH
JPM,2025-05-01,358.2407,USD,SYNTH
JPM,2025-05-02,358.3472,USD,SYNTH
JPM,2025-05-05,362.2379,USD,SYNTH
JPM,2025-05-06,366.7978,USD,SYNTH
JPM,2025-05-07,359.7106,USD,SYNTH
JPM,2025-05-08,360.9936,USD,SYNTH
JPM,2025-05-09,354.9590,USD,SYNTH
JPM,2025-05-12,350.3031,USD,SYNTH
JPM,2025-05-13,346.3198,USD,SYNTH
JPM,2025-05-14,354.0038,USD,SYNTH
JPM,2025-05-15,364.2835,USD,SYNTH
JPM,2025-05-16,381.4770,USD,SYNTH
JPM,2025-05-19,381.2032,USD,SYNTH
JPM,2025-05-20,375.5441,USD,SYNTH
JPM,2025-05-21,369.1033,USD,SYNTH
JPM,2025-05-22,379.8939,USD,SYNTH
JPM,2025-05-23,369.4883,USD,SYNTH
JPM,2025-05-26,367.4910,USD,SYNTH
JPM,2025-05-27,363.8569,USD,SYNTH
JPM,2025-05-28,375.4275,USD,SYNTH
JPM,2025-05-29,368.6922,USD,SYNTH
JPM,2025-05-30,376.1140,USD,SYNTH
JPM,2025-06-02,385.1183,USD,SYNTH
JPM,2025-06-03,384.0777,USD,SYNTH
JPM,2025-06-04,387.4111,USD,SYNTH
JPM,2025-06-05,376.7973,USD,SYNTH
JPM,2025-06-06,376.3121,USD,SYNTH
JPM,2025-06-09,374.9684,USD,SYNTH
JPM,2025-06-10,357.6702,USD,SYNTH
JPM,2025-06-11,360.4517,USD,SYNTH
JPM,2025-06-12,362.8642,USD,SYNTH
JPM,2025-06-13,351.9127,USD,SYNTH
JPM,2025-06-16,343.0723,USD,SYNTH
JPM,2025-06-17,338.5482,USD,SYNTH
JPM,2025-06-18,335.4250,USD,SYNTH
JPM,2025-06-19,333.6759,USD,SYNTH
JPM,2025-06-20,328.0213,USD,SYNTH
JPM,2025-06-23,322.1689,USD,SYNTH
JPM,2025-06-24,324.0431,USD,SYNTH
JPM,2025-06-25,321.3683,USD,SYNTH
JPM,2025-06-26,320.8469,USD,SYNTH
JPM,2025-06-27,319.6167,USD,SYNTH
JPM,2025-06-30,322.3429,USD,SYNTH
JPM,2025-07-01,321.5445,USD,SYNTH
JPM,2025-07-02,326.6273,USD,SYNTH
JPM,2025-07-03,327.3309,USD,SYNTH
JPM,2025-07-04,332.6672,USD,SYNTH
JPM,2025-07-07,340.2346,USD,SYNTH
JPM,2025-07-08,331.3924,USD,SYNTH
JPM,2025-07-09,336.9916,USD,SYNTH
JPM,2025-07-10,347.9070,USD,SYNTH
JPM,2025-07-11,341.9211,USD,SYNTH
JPM,2025-07-14,341.8275,USD,SYNTH
JPM,2025-07-15,339.7322,USD,SYNTH
JPM,2025-07-16,342.5299,USD,SYNTH
JPM,2025-07-17,345.8387,USD,SYNTH
JPM,2025-07-18,341.7760,USD,SYNTH
JPM,2025-07-21,349.9533,USD,SYNTH
JPM,2025-07-22,344.6620,USD,SYNTH
JPM,2025-07-23,343.9072,USD,SYNTH
JPM,2025-07-24,350.3468,USD,SYNTH
JPM,2025-07-25,362.7707,USD,SYNTH
JPM,2025-07-28,359.5320,USD,SYNTH
JPM,2025-07-29,364.7025,USD,SYNTH
JPM,2025-07-30,366.2564,USD,SYNTH
JPM,2025-07-31,355.9339,USD,SYNTH
JPM,2025-08-01,349.9209,USD,SYNTH
JPM,2025-08-04,342.4376,USD,SYNTH
JPM,2025-08-05,339.4379,USD,SYNTH
JPM,2025-08-06,336.9932,USD,SYNTH
JPM,2025-08-07,337.2639,USD,SYNTH
JPM,2025-08-08,345.1216,USD,SYNTH
JPM,2025-08-11,347.8496,USD,SYNTH
JPM,2025-08-12,364.5656,USD,SYNTH
JPM,2025-08-13,363.0776,USD,SYNTH
JPM,2025-08-14,368.3446,USD,SYNTH
JPM,2025-08-15,371.2027,USD,SYNTH
JPM,2025-08-18,381.3804,USD,SYNTH
JPM,2025-08-19,378.8950,USD,SYNTH
JPM,2025-08-20,384.7734,USD,SYNTH
JPM,2025-08-21,396.1717,USD,SYNTH
JPM,2025-08-22,391.1503,USD,SYNTH
JPM,2025-08-25,390.7405,USD,SYNTH
JPM,2025-08-26,394.4047,USD,SYNTH
JPM,2025-08-27,391.4364,USD,SYNTH
JPM,2025-08-28,385.3870,USD,SYNTH
JPM,2025-08-29,398.2162,USD,SYNTH
JPM,2025-09-01,396.6896,USD,SYNTH
JPM,2025-09-02,409.1907,USD,SYNTH
JPM,2025-09-03,405.5687,USD,SYNTH
JPM,2025-09-04,404.1786,USD,SYNTH
JPM,2025-09-05,410.0992,USD,SYNTH
JPM,2025-09-08,408.7014,USD,SYNTH
JPM,2025-09-09,402.2114,USD,SYNTH
JPM,2025-09-10,397.1201,USD,SYNTH
JPM,2025-09-11,399.1883,USD,SYNTH
JPM,2025-09-12,394.5218,USD,SYNTH
JPM,2025-09-15,395.2655,USD,SYNTH
JPM,2025-09-16,379.3240,USD,SYNTH
JPM,2025-09-17,375.6270,USD,SYNTH
JPM,2025-09-18,374.5206,USD,SYNTH
JPM,2025-09-19,371.1770,USD,SYNTH
JPM,2025-09-22,364.6501,USD,SYNTH
JPM,2025-09-23,358.9604,USD,SYNTH
JPM,2025-09-24,359.5237,USD,SYNTH
JPM,2025-09-25,369.2550,USD,SYNTH
JPM,2025-09-26,360.0710,USD,SYNTH
JPM,2025-09-29,358.3885,USD,SYNTH
JPM,2025-09-30,364.7990,USD,SYNTH
JPM,2025-10-01,367.1046,USD,SYNTH
JPM,2025-10-02,366.5952,USD,SYNTH
JPM,2025-10-03,363.7310,USD,SYNTH
JPM,2025-10-06,363.9270,USD,SYNTH
JPM,2025-10-07,363.3741,USD,SYNTH
JPM,2025-10-08,349.1821,USD,SYNTH
JPM,2025-10-09,344.7879,USD,SYNTH
JPM,2025-10-10,332.7918,USD,SYNTH
JPM,2025-10-13,340.6254,USD,SYNTH
JPM,2025-10-14,345.7715,USD,SYNTH
JPM,2025-10-15,340.9694,USD,SYNTH
JPM,2025-10-16,346.0115,USD,SYNTH
JPM,2025-10-17,361.3660,USD,SYNTH
JPM,2025-10-20,357.4216,USD,SYNTH
JPM,2025-10-21,365.8878,USD,SYNTH
JPM,2025-10-22,368.3850,USD,SYNTH
JPM,2025-10-23,366.9260,USD,SYNTH
JPM,2025-10-24,359.7319,USD,SYNTH
JPM,2025-10-27,356.2401,USD,SYNTH
JPM,2025-10-28,353.8147,USD,SYNTH
JPM,2025-10-29,339.1724,USD,SYNTH
JPM,2025-10-30,342.5127,USD,SYNTH
JPM,2025-10-31,340.6319,USD,SYNTH
JPM,2025-11-03,343.5499,USD,SYNTH
JPM,2025-11-04,341.0605,USD,SYNTH
JPM,2025-11-05,359.5695,USD,SYNTH
JPM,2025-11-06,348.9510,USD,SYNTH
JPM,2025-11-07,343.1950,USD,SYNTH
JPM,2025-11-10,347.6544,USD,SYNTH
JPM,2025-11-11,362.5175,USD,SYNTH
JPM,2025-11-12,356.1504,USD,SYNTH
JPM,2025-11-13,367.9838,USD,SYNTH
JPM,2025-11-14,362.0200,USD,SYNTH
JPM,2025-11-17,370.5567,USD,SYNTH
JPM,2025-11-18,371.1707,USD,SYNTH
JPM,2025-11-19,386.1809,USD,SYNTH
JPM,2025-11-20,398.6838,USD,SYNTH
JPM,2025-11-21,394.1551,USD,SYNTH
JPM,2025-11-24,415.1016,USD,SYNTH
JPM,2025-11-25,406.8266,USD,SYNTH
JPM,2025-11-26,404.6520,USD,SYNTH
JPM,2025-11-27,417.9417,USD,SYNTH
JPM,2025-11-28,412.5393,USD,SYNTH
JPM,2025-12-01,407.9006,USD,SYNTH
JPM,2025-12-02,408.9821,USD,SYNTH
JPM,2025-12-03,412.4359,USD,SYNTH
JPM,2025-12-04,415.4340,USD,SYNTH
JPM,2025-12-05,409.9824,USD,SYNTH
JPM,2025-12-08,411.5584,USD,SYNTH
JPM,2025-12-09,416.4040,USD,SYNTH
JPM,2025-12-10,427.8017,USD,SYNTH
JPM,2025-12-11,430.4570,USD,SYNTH
JPM,2025-12-12,420.8778,USD,SYNTH
JPM,2025-12-15,421.2193,USD,SYNTH
JPM,2025-12-16,416.6404,USD,SYNTH
JPM,2025-12-17,426.6575,USD,SYNTH
JPM,2025-12-18,413.9185,USD,SYNTH
JPM,2025-12-19,418.2130,USD,SYNTH
JPM,2025-12-22,410.3184,USD,SYNTH
JPM,2025-12-23,419.8365,USD,SYNTH
JPM,2025-12-24,425.7902,USD,SYNTH
JPM,2025-12-25,427.5989,USD,SYNTH
JPM,2025-12-26,431.6136,USD,SYNTH
JPM,2025-12-29,429.1259,USD,SYNTH
JPM,2025-12-30,434.4745,USD,SYNTH
JPM,2025-12-31,434.2167,USD,SYNTH
JPM,2026-01-01,440.0620,USD,SYNTH
JPM,2026-01-02,440.6580,USD,SYNTH
JPM,2026-01-05,421.1098,USD,SYNTH
JPM,2026-01-06,417.3426,USD,SYNTH
JPM,2026-01-07,428.8675,USD,SYNTH
JPM,2026-01-08,440.2092,USD,SYNTH
JPM,2026-01-09,441.1697,USD,SYNTH
JPM,2026-01-12,440.3012,USD,SYNTH
JPM,2026-01-13,437.7763,USD,SYNTH
JPM,2026-01-14,442.8764,USD,SYNTH
JPM,2026-01-15,447.6252,USD,SYNTH
JPM,2026-01-16,439.8707,USD,SYNTH
JPM,2026-01-19,445.2414,USD,SYNTH
JPM,2026-01-20,455.2558,USD,SYNTH
JPM,2026-01-21,447.5677,USD,SYNTH
JPM,2026-01-22,446.1967,USD,SYNTH
JPM,2026-01-23,450.0537,USD,SYNTH
JPM,2026-01-26,456.0437,USD,SYNTH
JPM,2026-01-27,452.7285,USD,SYNTH
JPM,2026-01-28,448.5560,USD,SYNTH
JPM,2026-01-29,444.9452,USD,SYNTH
JPM,2026-01-30,448.1640,USD,SYNTH
JPM,2026-02-02,451.7601,USD,SYNTH
JPM,2026-02-03,451.7378,USD,SYNTH
JPM,2026-02-04,440.7804,USD,SYNTH
JPM,2026-02-05,432.2646,USD,SYNTH
JPM,2026-02-06,437.3493,USD,SYNTH
JPM,2026-02-09,427.8677,USD,SYNTH
JPM,2026-02-10,429.7394,USD,SYNTH
JPM,2026-02-11,427.0774,USD,SYNTH
JPM,2026-02-12,422.5760,USD,SYNTH
JPM,2026-02-13,422.9058,USD,SYNTH
JPM,2026-02-16,435.7936,USD,SYNTH
JPM,2026-02-17,438.1899,USD,SYNTH
JPM,2026-02-18,435.9893,USD,SYNTH
JPM,2026-02-19,424.5574,USD,SYNTH
JPM,2026-02-20,428.5993,USD,SYNTH
JPM,2026-02-23,437.4973,USD,SYNTH
JPM,2026-02-24,442.4116,USD,SYNTH
JPM,2026-02-25,451.8293,USD,SYNTH
JPM,2026-02-26,455.8410,USD,SYNTH
JPM,2026-02-27,445.2842,USD,SYNTH
JPM,2026-03-02,445.0575,USD,SYNTH
JPM,2026-03-03,449.3958,USD,SYNTH
JPM,2026-03-04,455.3629,USD,SYNTH
JPM,2026-03-05,451.4580,USD,SYNTH
JPM,2026-03-06,451.0785,USD,SYNTH
JPM,2026-03-09,454.1845,USD,SYNTH
JPM,2026-03-10,464.7140,USD,SYNTH
JPM,2026-03-11,473.2621,USD,SYNTH
JPM,2026-03-12,478.9099,USD,SYNTH
JPM,2026-03-13,482.4691,USD,SYNTH
JPM,2026-03-16,473.7099,USD,SYNTH
JPM,2026-03-17,464.4643,USD,SYNTH
JPM,2026-03-18,463.8357,USD,SYNTH
JPM,2026-03-19,472.6711,USD,SYNTH
JPM,2026-03-20,476.1766,USD,SYNTH
JPM,2026-03-23,481.1287,USD,SYNTH
JPM,2026-03-24,468.2691,USD,SYNTH
JPM,2026-03-25,456.0895,USD,SYNTH
JPM,2026-03-26,465.4202,USD,SYNTH
JPM,2026-03-27,465.2696,USD,SYNTH
JPM,2026-03-30,454.4073,USD,SYNTH
JPM,2026-03-31,461.7591,USD,SYNTH
JPM,2026-04-01,464.0424,USD,SYNTH
JPM,2026-04-02,488.8345,USD,SYNTH
JPM,2026-04-03,499.9799,USD,SYNTH
JPM,2026-04-06,503.2500,USD,SYNTH
JPM,2026-04-07,502.0322,USD,SYNTH
JPM,2026-04-08,504.2819,USD,SYNTH
JPM,2026-04-09,503.5014,USD,SYNTH
JPM,2026-04-10,490.6126,USD,SYNTH
JPM,2026-04-13,498.9508,USD,SYNTH
JPM,2026-04-14,501.5690,USD,SYNTH
JPM,2026-04-15,476.8493,USD,SYNTH
JPM,2026-04-16,471.5375,USD,SYNTH
JPM,2026-04-17,464.6449,USD,SYNTH
JPM,2026-04-20,472.9880,USD,SYNTH
JPM,2026-04-21,472.7549,USD,SYNTH
JPM,2026-04-22,485.5539,USD,SYNTH
JPM,2026-04-23,471.7897,USD,SYNTH
JPM,2026-04-24,462.7955,USD,SYNTH
JPM,2026-04-27,471.8235,USD,SYNTH
JPM,2026-04-28,466.4004,USD,SYNTH
JPM,2026-04-29,457.6529,USD,SYNTH
JPM,2026-04-30,453.4516,USD,SYNTH
JPM,2026-05-01,447.3859,USD,SYNTH
JPM,2026-05-04,451.8632,USD,SYNTH
JPM,2026-05-05,461.0935,USD,SYNTH
JPM,2026-05-06,448.0609,USD,SYNTH
JPM,2026-05-07,445.8501,USD,SYNTH
JPM,2026-05-08,446.0982,USD,SYNTH
JPM,2026-05-11,446.8920,USD,SYNTH
JPM,2026-05-12,453.7289,USD,SYNTH
JPM,2026-05-13,454.8438,USD,SYNTH
JPM,2026-05-14,450.2333,USD,SYNTH
JPM,2026-05-15,441.3573,USD,SYNTH
JPM,2026-05-18,426.9935,USD,SYNTH
JPM,2026-05-19,424.2692,USD,SYNTH
JPM,2026-05-20,424.5066,USD,SYNTH
JPM,2026-05-21,431.6769,USD,SYNTH
JPM,2026-05-22,428.8711,USD,SYNTH
JNJ,2025-05-01,64.7863,USD,SYNTH
JNJ,2025-05-02,64.7165,USD,SYNTH
JNJ,2025-05-05,64.1729,USD,SYNTH
JNJ,2025-05-06,64.6318,USD,SYNTH
JNJ,2025-05-07,63.5220,USD,SYNTH
JNJ,2025-05-08,63.7800,USD,SYNTH
JNJ,2025-05-09,61.4294,USD,SYNTH
JNJ,2025-05-12,62.1954,USD,SYNTH
JNJ,2025-05-13,62.2887,USD,SYNTH
JNJ,2025-05-14,62.5435,USD,SYNTH
JNJ,2025-05-15,62.7366,USD,SYNTH
JNJ,2025-05-16,61.3170,USD,SYNTH
JNJ,2025-05-19,60.3436,USD,SYNTH
JNJ,2025-05-20,62.0631,USD,SYNTH
JNJ,2025-05-21,62.6343,USD,SYNTH
JNJ,2025-05-22,61.9797,USD,SYNTH
JNJ,2025-05-23,62.4680,USD,SYNTH
JNJ,2025-05-26,62.9452,USD,SYNTH
JNJ,2025-05-27,65.1786,USD,SYNTH
JNJ,2025-05-28,66.5008,USD,SYNTH
JNJ,2025-05-29,67.0129,USD,SYNTH
JNJ,2025-05-30,66.4912,USD,SYNTH
JNJ,2025-06-02,68.6459,USD,SYNTH
JNJ,2025-06-03,68.5411,USD,SYNTH
JNJ,2025-06-04,67.4876,USD,SYNTH
JNJ,2025-06-05,66.0256,USD,SYNTH
JNJ,2025-06-06,65.0204,USD,SYNTH
JNJ,2025-06-09,64.6138,USD,SYNTH
JNJ,2025-06-10,65.5234,USD,SYNTH
JNJ,2025-06-11,66.6201,USD,SYNTH
JNJ,2025-06-12,68.0204,USD,SYNTH
JNJ,2025-06-13,68.2281,USD,SYNTH
JNJ,2025-06-16,69.2697,USD,SYNTH
JNJ,2025-06-17,72.1076,USD,SYNTH
JNJ,2025-06-18,73.3107,USD,SYNTH
JNJ,2025-06-19,75.4478,USD,SYNTH
JNJ,2025-06-20,73.4189,USD,SYNTH
JNJ,2025-06-23,72.4606,USD,SYNTH
JNJ,2025-06-24,71.5027,USD,SYNTH
JNJ,2025-06-25,68.0787,USD,SYNTH
JNJ,2025-06-26,68.1894,USD,SYNTH
JNJ,2025-06-27,69.9190,USD,SYNTH
JNJ,2025-06-30,69.2662,USD,SYNTH
JNJ,2025-07-01,69.5307,USD,SYNTH
JNJ,2025-07-02,68.4826,USD,SYNTH
JNJ,2025-07-03,67.8970,USD,SYNTH
JNJ,2025-07-04,68.2661,USD,SYNTH
JNJ,2025-07-07,66.8172,USD,SYNTH
JNJ,2025-07-08,68.2493,USD,SYNTH
JNJ,2025-07-09,65.9126,USD,SYNTH
JNJ,2025-07-10,66.3147,USD,SYNTH
JNJ,2025-07-11,65.7479,USD,SYNTH
JNJ,2025-07-14,67.5300,USD,SYNTH
JNJ,2025-07-15,68.4763,USD,SYNTH
JNJ,2025-07-16,65.9279,USD,SYNTH
JNJ,2025-07-17,63.0731,USD,SYNTH
JNJ,2025-07-18,61.9551,USD,SYNTH
JNJ,2025-07-21,61.4136,USD,SYNTH
JNJ,2025-07-22,61.2231,USD,SYNTH
JNJ,2025-07-23,61.2748,USD,SYNTH
JNJ,2025-07-24,62.0361,USD,SYNTH
JNJ,2025-07-25,60.5294,USD,SYNTH
JNJ,2025-07-28,58.5858,USD,SYNTH
JNJ,2025-07-29,58.8696,USD,SYNTH
JNJ,2025-07-30,58.5048,USD,SYNTH
JNJ,2025-07-31,58.4135,USD,SYNTH
JNJ,2025-08-01,57.7562,USD,SYNTH
JNJ,2025-08-04,57.5934,USD,SYNTH
JNJ,2025-08-05,59.1517,USD,SYNTH
JNJ,2025-08-06,57.4411,USD,SYNTH
JNJ,2025-08-07,56.1912,USD,SYNTH
JNJ,2025-08-08,56.8570,USD,SYNTH
JNJ,2025-08-11,58.4782,USD,SYNTH
JNJ,2025-08-12,58.2793,USD,SYNTH
JNJ,2025-08-13,56.9721,USD,SYNTH
JNJ,2025-08-14,54.9371,USD,SYNTH
JNJ,2025-08-15,55.2112,USD,SYNTH
JNJ,2025-08-18,53.9862,USD,SYNTH
JNJ,2025-08-19,56.1165,USD,SYNTH
JNJ,2025-08-20,58.4986,USD,SYNTH
JNJ,2025-08-21,58.7544,USD,SYNTH
JNJ,2025-08-22,59.2854,USD,SYNTH
JNJ,2025-08-25,59.1774,USD,SYNTH
JNJ,2025-08-26,60.4114,USD,SYNTH
JNJ,2025-08-27,60.4262,USD,SYNTH
JNJ,2025-08-28,60.5132,USD,SYNTH
JNJ,2025-08-29,62.0132,USD,SYNTH
JNJ,2025-09-01,62.7307,USD,SYNTH
JNJ,2025-09-02,65.1558,USD,SYNTH
JNJ,2025-09-03,63.2556,USD,SYNTH
JNJ,2025-09-04,62.6420,USD,SYNTH
JNJ,2025-09-05,61.6416,USD,SYNTH
JNJ,2025-09-08,62.5941,USD,SYNTH
JNJ,2025-09-09,62.0568,USD,SYNTH
JNJ,2025-09-10,62.7482,USD,SYNTH
JNJ,2025-09-11,61.4467,USD,SYNTH
JNJ,2025-09-12,61.3608,USD,SYNTH
JNJ,2025-09-15,63.9162,USD,SYNTH
JNJ,2025-09-16,65.8203,USD,SYNTH
JNJ,2025-09-17,63.6144,USD,SYNTH
JNJ,2025-09-18,64.0510,USD,SYNTH
JNJ,2025-09-19,65.0229,USD,SYNTH
JNJ,2025-09-22,64.4649,USD,SYNTH
JNJ,2025-09-23,63.2051,USD,SYNTH
JNJ,2025-09-24,63.9772,USD,SYNTH
JNJ,2025-09-25,64.1125,USD,SYNTH
JNJ,2025-09-26,64.7694,USD,SYNTH
JNJ,2025-09-29,64.6045,USD,SYNTH
JNJ,2025-09-30,67.3348,USD,SYNTH
JNJ,2025-10-01,66.2474,USD,SYNTH
JNJ,2025-10-02,65.6758,USD,SYNTH
JNJ,2025-10-03,66.3042,USD,SYNTH
JNJ,2025-10-06,67.1974,USD,SYNTH
JNJ,2025-10-07,65.5499,USD,SYNTH
JNJ,2025-10-08,67.1003,USD,SYNTH
JNJ,2025-10-09,65.3593,USD,SYNTH
JNJ,2025-10-10,65.3864,USD,SYNTH
JNJ,2025-10-13,65.0447,USD,SYNTH
JNJ,2025-10-14,64.2357,USD,SYNTH
JNJ,2025-10-15,65.5653,USD,SYNTH
JNJ,2025-10-16,62.8150,USD,SYNTH
JNJ,2025-10-17,62.0076,USD,SYNTH
JNJ,2025-10-20,61.0186,USD,SYNTH
JNJ,2025-10-21,61.9978,USD,SYNTH
JNJ,2025-10-22,63.7467,USD,SYNTH
JNJ,2025-10-23,64.6556,USD,SYNTH
JNJ,2025-10-24,66.2988,USD,SYNTH
JNJ,2025-10-27,63.6640,USD,SYNTH
JNJ,2025-10-28,63.8705,USD,SYNTH
JNJ,2025-10-29,62.2997,USD,SYNTH
JNJ,2025-10-30,61.8979,USD,SYNTH
JNJ,2025-10-31,62.1891,USD,SYNTH
JNJ,2025-11-03,62.3136,USD,SYNTH
JNJ,2025-11-04,63.8754,USD,SYNTH
JNJ,2025-11-05,61.6196,USD,SYNTH
JNJ,2025-11-06,60.7112,USD,SYNTH
JNJ,2025-11-07,59.1114,USD,SYNTH
JNJ,2025-11-10,57.3854,USD,SYNTH
JNJ,2025-11-11,58.4415,USD,SYNTH
JNJ,2025-11-12,58.6510,USD,SYNTH
JNJ,2025-11-13,60.3119,USD,SYNTH
JNJ,2025-11-14,61.6167,USD,SYNTH
JNJ,2025-11-17,61.7107,USD,SYNTH
JNJ,2025-11-18,60.6522,USD,SYNTH
JNJ,2025-11-19,61.7532,USD,SYNTH
JNJ,2025-11-20,61.0029,USD,SYNTH
JNJ,2025-11-21,59.7042,USD,SYNTH
JNJ,2025-11-24,58.4858,USD,SYNTH
JNJ,2025-11-25,58.6316,USD,SYNTH
JNJ,2025-11-26,59.9848,USD,SYNTH
JNJ,2025-11-27,60.0596,USD,SYNTH
JNJ,2025-11-28,61.4013,USD,SYNTH
JNJ,2025-12-01,61.5207,USD,SYNTH
JNJ,2025-12-02,61.0669,USD,SYNTH
JNJ,2025-12-03,64.0764,USD,SYNTH
JNJ,2025-12-04,66.1960,USD,SYNTH
JNJ,2025-12-05,66.4504,USD,SYNTH
JNJ,2025-12-08,65.4750,USD,SYNTH
JNJ,2025-12-09,63.5983,USD,SYNTH
JNJ,2025-12-10,64.0768,USD,SYNTH
JNJ,2025-12-11,63.8014,USD,SYNTH
JNJ,2025-12-12,64.3568,USD,SYNTH
JNJ,2025-12-15,64.7503,USD,SYNTH
JNJ,2025-12-16,65.2782,USD,SYNTH
JNJ,2025-12-17,66.6400,USD,SYNTH
JNJ,2025-12-18,67.0369,USD,SYNTH
JNJ,2025-12-19,66.1840,USD,SYNTH
JNJ,2025-12-22,65.2859,USD,SYNTH
JNJ,2025-12-23,65.9908,USD,SYNTH
JNJ,2025-12-24,64.7374,USD,SYNTH
JNJ,2025-12-25,65.5939,USD,SYNTH
JNJ,2025-12-26,66.4568,USD,SYNTH
JNJ,2025-12-29,66.4242,USD,SYNTH
JNJ,2025-12-30,65.5099,USD,SYNTH
JNJ,2025-12-31,63.4349,USD,SYNTH
JNJ,2026-01-01,62.1706,USD,SYNTH
JNJ,2026-01-02,60.3697,USD,SYNTH
JNJ,2026-01-05,60.4168,USD,SYNTH
JNJ,2026-01-06,59.9539,USD,SYNTH
JNJ,2026-01-07,58.9784,USD,SYNTH
JNJ,2026-01-08,59.9224,USD,SYNTH
JNJ,2026-01-09,60.0799,USD,SYNTH
JNJ,2026-01-12,60.1494,USD,SYNTH
JNJ,2026-01-13,60.7717,USD,SYNTH
JNJ,2026-01-14,61.9237,USD,SYNTH
JNJ,2026-01-15,60.1557,USD,SYNTH
JNJ,2026-01-16,60.9389,USD,SYNTH
JNJ,2026-01-19,58.9730,USD,SYNTH
JNJ,2026-01-20,58.1474,USD,SYNTH
JNJ,2026-01-21,59.2243,USD,SYNTH
JNJ,2026-01-22,59.9789,USD,SYNTH
JNJ,2026-01-23,60.7146,USD,SYNTH
JNJ,2026-01-26,60.9318,USD,SYNTH
JNJ,2026-01-27,62.4998,USD,SYNTH
JNJ,2026-01-28,60.7851,USD,SYNTH
JNJ,2026-01-29,60.4695,USD,SYNTH
JNJ,2026-01-30,60.5391,USD,SYNTH
JNJ,2026-02-02,62.7752,USD,SYNTH
JNJ,2026-02-03,63.9540,USD,SYNTH
JNJ,2026-02-04,65.1685,USD,SYNTH
JNJ,2026-02-05,64.2950,USD,SYNTH
JNJ,2026-02-06,66.9179,USD,SYNTH
JNJ,2026-02-09,67.5062,USD,SYNTH
JNJ,2026-02-10,66.3042,USD,SYNTH
JNJ,2026-02-11,69.1232,USD,SYNTH
JNJ,2026-02-12,67.3685,USD,SYNTH
JNJ,2026-02-13,66.3353,USD,SYNTH
JNJ,2026-02-16,66.0758,USD,SYNTH
JNJ,2026-02-17,64.9296,USD,SYNTH
JNJ,2026-02-18,65.5652,USD,SYNTH
JNJ,2026-02-19,65.9115,USD,SYNTH
JNJ,2026-02-20,66.0660,USD,SYNTH
JNJ,2026-02-23,68.3379,USD,SYNTH
JNJ,2026-02-24,66.3485,USD,SYNTH
JNJ,2026-02-25,68.0002,USD,SYNTH
JNJ,2026-02-26,67.0112,USD,SYNTH
JNJ,2026-02-27,68.7950,USD,SYNTH
JNJ,2026-03-02,71.1749,USD,SYNTH
JNJ,2026-03-03,74.1449,USD,SYNTH
JNJ,2026-03-04,73.9128,USD,SYNTH
JNJ,2026-03-05,72.3874,USD,SYNTH
JNJ,2026-03-06,72.8364,USD,SYNTH
JNJ,2026-03-09,72.7883,USD,SYNTH
JNJ,2026-03-10,70.5004,USD,SYNTH
JNJ,2026-03-11,71.4550,USD,SYNTH
JNJ,2026-03-12,70.2897,USD,SYNTH
JNJ,2026-03-13,72.1352,USD,SYNTH
JNJ,2026-03-16,73.4101,USD,SYNTH
JNJ,2026-03-17,73.0603,USD,SYNTH
JNJ,2026-03-18,73.1298,USD,SYNTH
JNJ,2026-03-19,72.8325,USD,SYNTH
JNJ,2026-03-20,72.2547,USD,SYNTH
JNJ,2026-03-23,76.3060,USD,SYNTH
JNJ,2026-03-24,75.0430,USD,SYNTH
JNJ,2026-03-25,75.1402,USD,SYNTH
JNJ,2026-03-26,76.5038,USD,SYNTH
JNJ,2026-03-27,75.9975,USD,SYNTH
JNJ,2026-03-30,75.1604,USD,SYNTH
JNJ,2026-03-31,73.3849,USD,SYNTH
JNJ,2026-04-01,74.9815,USD,SYNTH
JNJ,2026-04-02,75.9649,USD,SYNTH
JNJ,2026-04-03,76.6303,USD,SYNTH
JNJ,2026-04-06,74.5721,USD,SYNTH
JNJ,2026-04-07,75.2705,USD,SYNTH
JNJ,2026-04-08,75.6796,USD,SYNTH
JNJ,2026-04-09,75.2418,USD,SYNTH
JNJ,2026-04-10,73.3998,USD,SYNTH
JNJ,2026-04-13,73.3469,USD,SYNTH
JNJ,2026-04-14,72.2192,USD,SYNTH
JNJ,2026-04-15,72.3449,USD,SYNTH
JNJ,2026-04-16,72.4491,USD,SYNTH
JNJ,2026-04-17,72.0298,USD,SYNTH
JNJ,2026-04-20,73.1950,USD,SYNTH
JNJ,2026-04-21,73.1299,USD,SYNTH
JNJ,2026-04-22,73.8483,USD,SYNTH
JNJ,2026-04-23,74.4267,USD,SYNTH
JNJ,2026-04-24,75.7996,USD,SYNTH
JNJ,2026-04-27,74.5070,USD,SYNTH
JNJ,2026-04-28,74.0663,USD,SYNTH
JNJ,2026-04-29,75.3177,USD,SYNTH
JNJ,2026-04-30,75.5484,USD,SYNTH
JNJ,2026-05-01,77.1020,USD,SYNTH
JNJ,2026-05-04,78.1594,USD,SYNTH
JNJ,2026-05-05,77.5573,USD,SYNTH
JNJ,2026-05-06,78.8098,USD,SYNTH
JNJ,2026-05-07,78.4681,USD,SYNTH
JNJ,2026-05-08,79.8428,USD,SYNTH
JNJ,2026-05-11,82.5309,USD,SYNTH
JNJ,2026-05-12,84.1773,USD,SYNTH
JNJ,2026-05-13,87.6716,USD,SYNTH
JNJ,2026-05-14,85.2494,USD,SYNTH
JNJ,2026-05-15,84.4335,USD,SYNTH
JNJ,2026-05-18,84.0540,USD,SYNTH
JNJ,2026-05-19,83.4736,USD,SYNTH
JNJ,2026-05-20,84.0583,USD,SYNTH
JNJ,2026-05-21,83.5265,USD,SYNTH
JNJ,2026-05-22,85.2146,USD,SYNTH
XOM,2025-05-01,189.4659,USD,SYNTH
XOM,2025-05-02,190.9328,USD,SYNTH
XOM,2025-05-05,187.5113,USD,SYNTH
XOM,2025-05-06,189.4151,USD,SYNTH
XOM,2025-05-07,191.7709,USD,SYNTH
XOM,2025-05-08,193.0500,USD,SYNTH
XOM,2025-05-09,193.2121,USD,SYNTH
XOM,2025-05-12,198.1402,USD,SYNTH
XOM,2025-05-13,196.2438,USD,SYNTH
XOM,2025-05-14,195.0074,USD,SYNTH
XOM,2025-05-15,197.4074,USD,SYNTH
XOM,2025-05-16,199.3527,USD,SYNTH
XOM,2025-05-19,202.4719,USD,SYNTH
XOM,2025-05-20,201.4976,USD,SYNTH
XOM,2025-05-21,196.7896,USD,SYNTH
XOM,2025-05-22,192.4649,USD,SYNTH
XOM,2025-05-23,191.0237,USD,SYNTH
XOM,2025-05-26,193.8057,USD,SYNTH
XOM,2025-05-27,196.6276,USD,SYNTH
XOM,2025-05-28,190.2596,USD,SYNTH
XOM,2025-05-29,192.1451,USD,SYNTH
XOM,2025-05-30,191.9010,USD,SYNTH
XOM,2025-06-02,188.3589,USD,SYNTH
XOM,2025-06-03,195.8432,USD,SYNTH
XOM,2025-06-04,196.8324,USD,SYNTH
XOM,2025-06-05,199.8230,USD,SYNTH
XOM,2025-06-06,209.1179,USD,SYNTH
XOM,2025-06-09,206.9932,USD,SYNTH
XOM,2025-06-10,205.5769,USD,SYNTH
XOM,2025-06-11,211.1485,USD,SYNTH
XOM,2025-06-12,206.2418,USD,SYNTH
XOM,2025-06-13,206.5783,USD,SYNTH
XOM,2025-06-16,206.8121,USD,SYNTH
XOM,2025-06-17,210.4858,USD,SYNTH
XOM,2025-06-18,212.0848,USD,SYNTH
XOM,2025-06-19,208.6624,USD,SYNTH
XOM,2025-06-20,212.3766,USD,SYNTH
XOM,2025-06-23,215.6712,USD,SYNTH
XOM,2025-06-24,211.6558,USD,SYNTH
XOM,2025-06-25,209.0989,USD,SYNTH
XOM,2025-06-26,207.1826,USD,SYNTH
XOM,2025-06-27,202.9585,USD,SYNTH
XOM,2025-06-30,206.9089,USD,SYNTH
XOM,2025-07-01,205.7649,USD,SYNTH
XOM,2025-07-02,204.7976,USD,SYNTH
XOM,2025-07-03,201.0335,USD,SYNTH
XOM,2025-07-04,199.6661,USD,SYNTH
XOM,2025-07-07,205.0629,USD,SYNTH
XOM,2025-07-08,207.8865,USD,SYNTH
XOM,2025-07-09,201.8966,USD,SYNTH
XOM,2025-07-10,198.3605,USD,SYNTH
XOM,2025-07-11,200.6894,USD,SYNTH
XOM,2025-07-14,198.9502,USD,SYNTH
XOM,2025-07-15,197.0286,USD,SYNTH
XOM,2025-07-16,194.0360,USD,SYNTH
XOM,2025-07-17,189.4452,USD,SYNTH
XOM,2025-07-18,189.8270,USD,SYNTH
XOM,2025-07-21,188.5846,USD,SYNTH
XOM,2025-07-22,192.5122,USD,SYNTH
XOM,2025-07-23,192.3388,USD,SYNTH
XOM,2025-07-24,189.0550,USD,SYNTH
XOM,2025-07-25,191.4727,USD,SYNTH
XOM,2025-07-28,196.1697,USD,SYNTH
XOM,2025-07-29,193.6306,USD,SYNTH
XOM,2025-07-30,187.7546,USD,SYNTH
XOM,2025-07-31,186.1923,USD,SYNTH
XOM,2025-08-01,181.7239,USD,SYNTH
XOM,2025-08-04,187.1482,USD,SYNTH
XOM,2025-08-05,182.5295,USD,SYNTH
XOM,2025-08-06,181.5076,USD,SYNTH
XOM,2025-08-07,186.3763,USD,SYNTH
XOM,2025-08-08,189.3549,USD,SYNTH
XOM,2025-08-11,187.6610,USD,SYNTH
XOM,2025-08-12,185.0722,USD,SYNTH
XOM,2025-08-13,184.5231,USD,SYNTH
XOM,2025-08-14,183.7808,USD,SYNTH
XOM,2025-08-15,188.7861,USD,SYNTH
XOM,2025-08-18,188.3171,USD,SYNTH
XOM,2025-08-19,183.7976,USD,SYNTH
XOM,2025-08-20,187.1140,USD,SYNTH
XOM,2025-08-21,190.6613,USD,SYNTH
XOM,2025-08-22,189.9401,USD,SYNTH
XOM,2025-08-25,192.6370,USD,SYNTH
XOM,2025-08-26,192.8724,USD,SYNTH
XOM,2025-08-27,188.7407,USD,SYNTH
XOM,2025-08-28,188.5218,USD,SYNTH
XOM,2025-08-29,184.6941,USD,SYNTH
XOM,2025-09-01,182.6412,USD,SYNTH
XOM,2025-09-02,179.6093,USD,SYNTH
XOM,2025-09-03,180.7393,USD,SYNTH
XOM,2025-09-04,181.4002,USD,SYNTH
XOM,2025-09-05,177.1456,USD,SYNTH
XOM,2025-09-08,174.2657,USD,SYNTH
XOM,2025-09-09,174.3095,USD,SYNTH
XOM,2025-09-10,175.8188,USD,SYNTH
XOM,2025-09-11,176.1002,USD,SYNTH
XOM,2025-09-12,169.1579,USD,SYNTH
XOM,2025-09-15,173.1271,USD,SYNTH
XOM,2025-09-16,178.7020,USD,SYNTH
XOM,2025-09-17,183.8501,USD,SYNTH
XOM,2025-09-18,185.7059,USD,SYNTH
XOM,2025-09-19,188.0079,USD,SYNTH
XOM,2025-09-22,185.8504,USD,SYNTH
XOM,2025-09-23,186.5370,USD,SYNTH
XOM,2025-09-24,182.7967,USD,SYNTH
XOM,2025-09-25,183.2521,USD,SYNTH
XOM,2025-09-26,178.5912,USD,SYNTH
XOM,2025-09-29,180.5260,USD,SYNTH
XOM,2025-09-30,179.4281,USD,SYNTH
XOM,2025-10-01,181.9593,USD,SYNTH
XOM,2025-10-02,182.6119,USD,SYNTH
XOM,2025-10-03,181.1561,USD,SYNTH
XOM,2025-10-06,183.9603,USD,SYNTH
XOM,2025-10-07,180.1300,USD,SYNTH
XOM,2025-10-08,179.3253,USD,SYNTH
XOM,2025-10-09,177.6440,USD,SYNTH
XOM,2025-10-10,180.0762,USD,SYNTH
XOM,2025-10-13,179.8855,USD,SYNTH
XOM,2025-10-14,180.8138,USD,SYNTH
XOM,2025-10-15,182.5782,USD,SYNTH
XOM,2025-10-16,174.9227,USD,SYNTH
XOM,2025-10-17,172.0586,USD,SYNTH
XOM,2025-10-20,172.4692,USD,SYNTH
XOM,2025-10-21,175.6641,USD,SYNTH
XOM,2025-10-22,177.5273,USD,SYNTH
XOM,2025-10-23,181.7691,USD,SYNTH
XOM,2025-10-24,181.0986,USD,SYNTH
XOM,2025-10-27,181.4811,USD,SYNTH
XOM,2025-10-28,179.9029,USD,SYNTH
XOM,2025-10-29,178.5460,USD,SYNTH
XOM,2025-10-30,175.9307,USD,SYNTH
XOM,2025-10-31,174.2630,USD,SYNTH
XOM,2025-11-03,173.7179,USD,SYNTH
XOM,2025-11-04,171.7326,USD,SYNTH
XOM,2025-11-05,171.8663,USD,SYNTH
XOM,2025-11-06,166.2917,USD,SYNTH
XOM,2025-11-07,167.6225,USD,SYNTH
XOM,2025-11-10,168.2082,USD,SYNTH
XOM,2025-11-11,169.6098,USD,SYNTH
XOM,2025-11-12,168.2456,USD,SYNTH
XOM,2025-11-13,166.7570,USD,SYNTH
XOM,2025-11-14,169.7557,USD,SYNTH
XOM,2025-11-17,169.3345,USD,SYNTH
XOM,2025-11-18,175.4404,USD,SYNTH
XOM,2025-11-19,171.0526,USD,SYNTH
XOM,2025-11-20,170.3423,USD,SYNTH
XOM,2025-11-21,166.9367,USD,SYNTH
XOM,2025-11-24,164.6227,USD,SYNTH
XOM,2025-11-25,162.3312,USD,SYNTH
XOM,2025-11-26,160.9752,USD,SYNTH
XOM,2025-11-27,163.2918,USD,SYNTH
XOM,2025-11-28,159.9786,USD,SYNTH
XOM,2025-12-01,161.7832,USD,SYNTH
XOM,2025-12-02,157.6357,USD,SYNTH
XOM,2025-12-03,156.5324,USD,SYNTH
XOM,2025-12-04,160.2980,USD,SYNTH
XOM,2025-12-05,161.6792,USD,SYNTH
XOM,2025-12-08,162.5201,USD,SYNTH
XOM,2025-12-09,164.4122,USD,SYNTH
XOM,2025-12-10,166.1661,USD,SYNTH
XOM,2025-12-11,168.0943,USD,SYNTH
XOM,2025-12-12,172.3917,USD,SYNTH
XOM,2025-12-15,169.2211,USD,SYNTH
XOM,2025-12-16,169.0564,USD,SYNTH
XOM,2025-12-17,171.0463,USD,SYNTH
XOM,2025-12-18,173.4057,USD,SYNTH
XOM,2025-12-19,175.1995,USD,SYNTH
XOM,2025-12-22,179.3724,USD,SYNTH
XOM,2025-12-23,177.8086,USD,SYNTH
XOM,2025-12-24,173.5421,USD,SYNTH
XOM,2025-12-25,177.5688,USD,SYNTH
XOM,2025-12-26,177.6195,USD,SYNTH
XOM,2025-12-29,175.9186,USD,SYNTH
XOM,2025-12-30,176.0846,USD,SYNTH
XOM,2025-12-31,174.7673,USD,SYNTH
XOM,2026-01-01,177.9851,USD,SYNTH
XOM,2026-01-02,180.8903,USD,SYNTH
XOM,2026-01-05,181.9596,USD,SYNTH
XOM,2026-01-06,183.7857,USD,SYNTH
XOM,2026-01-07,183.9487,USD,SYNTH
XOM,2026-01-08,187.4027,USD,SYNTH
XOM,2026-01-09,179.4869,USD,SYNTH
XOM,2026-01-12,175.7666,USD,SYNTH
XOM,2026-01-13,175.6930,USD,SYNTH
XOM,2026-01-14,174.4381,USD,SYNTH
XOM,2026-01-15,171.5059,USD,SYNTH
XOM,2026-01-16,173.4712,USD,SYNTH
XOM,2026-01-19,170.4683,USD,SYNTH
XOM,2026-01-20,171.1864,USD,SYNTH
XOM,2026-01-21,171.6207,USD,SYNTH
XOM,2026-01-22,171.8504,USD,SYNTH
XOM,2026-01-23,169.3371,USD,SYNTH
XOM,2026-01-26,168.7991,USD,SYNTH
XOM,2026-01-27,172.5776,USD,SYNTH
XOM,2026-01-28,174.3178,USD,SYNTH
XOM,2026-01-29,177.3912,USD,SYNTH
XOM,2026-01-30,177.1887,USD,SYNTH
XOM,2026-02-02,171.8126,USD,SYNTH
XOM,2026-02-03,170.4216,USD,SYNTH
XOM,2026-02-04,170.0105,USD,SYNTH
XOM,2026-02-05,174.0443,USD,SYNTH
XOM,2026-02-06,177.6553,USD,SYNTH
XOM,2026-02-09,179.0671,USD,SYNTH
XOM,2026-02-10,176.3601,USD,SYNTH
XOM,2026-02-11,176.8208,USD,SYNTH
XOM,2026-02-12,176.0408,USD,SYNTH
XOM,2026-02-13,175.3220,USD,SYNTH
XOM,2026-02-16,171.4818,USD,SYNTH
XOM,2026-02-17,172.9652,USD,SYNTH
XOM,2026-02-18,172.9242,USD,SYNTH
XOM,2026-02-19,175.4798,USD,SYNTH
XOM,2026-02-20,170.9157,USD,SYNTH
XOM,2026-02-23,167.4998,USD,SYNTH
XOM,2026-02-24,178.5436,USD,SYNTH
XOM,2026-02-25,175.7688,USD,SYNTH
XOM,2026-02-26,176.7314,USD,SYNTH
XOM,2026-02-27,178.1770,USD,SYNTH
XOM,2026-03-02,175.0804,USD,SYNTH
XOM,2026-03-03,180.5774,USD,SYNTH
XOM,2026-03-04,180.4183,USD,SYNTH
XOM,2026-03-05,180.9579,USD,SYNTH
XOM,2026-03-06,186.9351,USD,SYNTH
XOM,2026-03-09,184.3295,USD,SYNTH
XOM,2026-03-10,182.7668,USD,SYNTH
XOM,2026-03-11,181.6850,USD,SYNTH
XOM,2026-03-12,177.2505,USD,SYNTH
XOM,2026-03-13,178.1838,USD,SYNTH
XOM,2026-03-16,179.7544,USD,SYNTH
XOM,2026-03-17,180.4015,USD,SYNTH
XOM,2026-03-18,182.5853,USD,SYNTH
XOM,2026-03-19,185.4850,USD,SYNTH
XOM,2026-03-20,186.6715,USD,SYNTH
XOM,2026-03-23,185.9163,USD,SYNTH
XOM,2026-03-24,190.0561,USD,SYNTH
XOM,2026-03-25,187.7299,USD,SYNTH
XOM,2026-03-26,192.5047,USD,SYNTH
XOM,2026-03-27,191.8938,USD,SYNTH
XOM,2026-03-30,194.5931,USD,SYNTH
XOM,2026-03-31,201.0493,USD,SYNTH
XOM,2026-04-01,192.9135,USD,SYNTH
XOM,2026-04-02,192.3038,USD,SYNTH
XOM,2026-04-03,190.9632,USD,SYNTH
XOM,2026-04-06,196.8894,USD,SYNTH
XOM,2026-04-07,195.5067,USD,SYNTH
XOM,2026-04-08,205.1691,USD,SYNTH
XOM,2026-04-09,199.5880,USD,SYNTH
XOM,2026-04-10,200.9035,USD,SYNTH
XOM,2026-04-13,199.5668,USD,SYNTH
XOM,2026-04-14,201.4411,USD,SYNTH
XOM,2026-04-15,199.4523,USD,SYNTH
XOM,2026-04-16,197.8929,USD,SYNTH
XOM,2026-04-17,191.4592,USD,SYNTH
XOM,2026-04-20,191.8895,USD,SYNTH
XOM,2026-04-21,186.7732,USD,SYNTH
XOM,2026-04-22,182.4262,USD,SYNTH
XOM,2026-04-23,182.7662,USD,SYNTH
XOM,2026-04-24,182.4218,USD,SYNTH
XOM,2026-04-27,185.8491,USD,SYNTH
XOM,2026-04-28,181.3782,USD,SYNTH
XOM,2026-04-29,182.8072,USD,SYNTH
XOM,2026-04-30,183.9232,USD,SYNTH
XOM,2026-05-01,182.9774,USD,SYNTH
XOM,2026-05-04,180.3854,USD,SYNTH
XOM,2026-05-05,180.1827,USD,SYNTH
XOM,2026-05-06,183.1038,USD,SYNTH
XOM,2026-05-07,181.9269,USD,SYNTH
XOM,2026-05-08,184.7561,USD,SYNTH
XOM,2026-05-11,183.9009,USD,SYNTH
XOM,2026-05-12,189.6655,USD,SYNTH
XOM,2026-05-13,189.8139,USD,SYNTH
XOM,2026-05-14,189.2711,USD,SYNTH
XOM,2026-05-15,183.8400,USD,SYNTH
XOM,2026-05-18,179.1725,USD,SYNTH
XOM,2026-05-19,180.4560,USD,SYNTH
XOM,2026-05-20,179.7713,USD,SYNTH
XOM,2026-05-21,180.7354,USD,SYNTH
XOM,2026-05-22,178.5624,USD,SYNTH
PG,2025-05-01,40.9262,USD,SYNTH
PG,2025-05-02,40.4790,USD,SYNTH
PG,2025-05-05,40.7062,USD,SYNTH
PG,2025-05-06,40.5586,USD,SYNTH
PG,2025-05-07,41.9321,USD,SYNTH
PG,2025-05-08,41.4253,USD,SYNTH
PG,2025-05-09,42.2720,USD,SYNTH
PG,2025-05-12,41.4823,USD,SYNTH
PG,2025-05-13,41.1473,USD,SYNTH
PG,2025-05-14,40.5363,USD,SYNTH
PG,2025-05-15,41.4676,USD,SYNTH
PG,2025-05-16,41.8062,USD,SYNTH
PG,2025-05-19,41.9220,USD,SYNTH
PG,2025-05-20,42.1115,USD,SYNTH
PG,2025-05-21,41.3022,USD,SYNTH
PG,2025-05-22,42.3575,USD,SYNTH
PG,2025-05-23,43.4297,USD,SYNTH
PG,2025-05-26,43.4159,USD,SYNTH
PG,2025-05-27,43.4393,USD,SYNTH
PG,2025-05-28,43.9599,USD,SYNTH
PG,2025-05-29,43.8344,USD,SYNTH
PG,2025-05-30,43.6896,USD,SYNTH
PG,2025-06-02,43.3151,USD,SYNTH
PG,2025-06-03,43.0584,USD,SYNTH
PG,2025-06-04,42.7024,USD,SYNTH
PG,2025-06-05,43.2762,USD,SYNTH
PG,2025-06-06,43.0335,USD,SYNTH
PG,2025-06-09,42.7145,USD,SYNTH
PG,2025-06-10,42.2454,USD,SYNTH
PG,2025-06-11,41.1179,USD,SYNTH
PG,2025-06-12,42.2849,USD,SYNTH
PG,2025-06-13,42.6847,USD,SYNTH
PG,2025-06-16,43.3633,USD,SYNTH
PG,2025-06-17,42.9627,USD,SYNTH
PG,2025-06-18,44.1025,USD,SYNTH
PG,2025-06-19,44.2310,USD,SYNTH
PG,2025-06-20,45.4007,USD,SYNTH
PG,2025-06-23,45.4034,USD,SYNTH
PG,2025-06-24,45.3806,USD,SYNTH
PG,2025-06-25,44.9629,USD,SYNTH
PG,2025-06-26,45.0391,USD,SYNTH
PG,2025-06-27,45.2350,USD,SYNTH
PG,2025-06-30,46.4640,USD,SYNTH
PG,2025-07-01,47.7657,USD,SYNTH
PG,2025-07-02,47.8573,USD,SYNTH
PG,2025-07-03,48.9218,USD,SYNTH
PG,2025-07-04,46.5433,USD,SYNTH
PG,2025-07-07,46.1633,USD,SYNTH
PG,2025-07-08,46.3846,USD,SYNTH
PG,2025-07-09,47.1392,USD,SYNTH
PG,2025-07-10,47.5124,USD,SYNTH
PG,2025-07-11,47.4787,USD,SYNTH
PG,2025-07-14,47.0985,USD,SYNTH
PG,2025-07-15,46.4347,USD,SYNTH
PG,2025-07-16,48.0383,USD,SYNTH
PG,2025-07-17,49.0231,USD,SYNTH
PG,2025-07-18,50.1918,USD,SYNTH
PG,2025-07-21,50.2164,USD,SYNTH
PG,2025-07-22,49.7484,USD,SYNTH
PG,2025-07-23,50.2600,USD,SYNTH
PG,2025-07-24,50.2528,USD,SYNTH
PG,2025-07-25,50.1520,USD,SYNTH
PG,2025-07-28,50.1447,USD,SYNTH
PG,2025-07-29,49.5884,USD,SYNTH
PG,2025-07-30,48.8255,USD,SYNTH
PG,2025-07-31,48.6271,USD,SYNTH
PG,2025-08-01,47.4290,USD,SYNTH
PG,2025-08-04,47.9540,USD,SYNTH
PG,2025-08-05,48.6922,USD,SYNTH
PG,2025-08-06,48.0323,USD,SYNTH
PG,2025-08-07,46.4668,USD,SYNTH
PG,2025-08-08,46.8099,USD,SYNTH
PG,2025-08-11,47.0248,USD,SYNTH
PG,2025-08-12,47.0563,USD,SYNTH
PG,2025-08-13,45.9401,USD,SYNTH
PG,2025-08-14,44.3681,USD,SYNTH
PG,2025-08-15,45.7483,USD,SYNTH
PG,2025-08-18,45.5838,USD,SYNTH
PG,2025-08-19,46.0114,USD,SYNTH
PG,2025-08-20,45.9666,USD,SYNTH
PG,2025-08-21,46.3225,USD,SYNTH
PG,2025-08-22,45.2706,USD,SYNTH
PG,2025-08-25,44.9210,USD,SYNTH
PG,2025-08-26,43.8385,USD,SYNTH
PG,2025-08-27,42.9938,USD,SYNTH
PG,2025-08-28,42.4580,USD,SYNTH
PG,2025-08-29,41.0901,USD,SYNTH
PG,2025-09-01,40.7613,USD,SYNTH
PG,2025-09-02,40.2520,USD,SYNTH
PG,2025-09-03,39.4046,USD,SYNTH
PG,2025-09-04,39.3222,USD,SYNTH
PG,2025-09-05,39.3260,USD,SYNTH
PG,2025-09-08,38.7453,USD,SYNTH
PG,2025-09-09,40.1601,USD,SYNTH
PG,2025-09-10,40.6913,USD,SYNTH
PG,2025-09-11,41.5251,USD,SYNTH
PG,2025-09-12,41.2921,USD,SYNTH
PG,2025-09-15,41.9687,USD,SYNTH
PG,2025-09-16,42.5596,USD,SYNTH
PG,2025-09-17,41.7921,USD,SYNTH
PG,2025-09-18,41.2914,USD,SYNTH
PG,2025-09-19,43.4706,USD,SYNTH
PG,2025-09-22,43.1618,USD,SYNTH
PG,2025-09-23,43.5530,USD,SYNTH
PG,2025-09-24,43.3979,USD,SYNTH
PG,2025-09-25,44.0603,USD,SYNTH
PG,2025-09-26,43.2848,USD,SYNTH
PG,2025-09-29,42.5145,USD,SYNTH
PG,2025-09-30,43.3953,USD,SYNTH
PG,2025-10-01,43.5634,USD,SYNTH
PG,2025-10-02,41.6337,USD,SYNTH
PG,2025-10-03,41.6637,USD,SYNTH
PG,2025-10-06,41.5397,USD,SYNTH
PG,2025-10-07,42.0836,USD,SYNTH
PG,2025-10-08,42.3394,USD,SYNTH
PG,2025-10-09,42.6129,USD,SYNTH
PG,2025-10-10,42.6928,USD,SYNTH
PG,2025-10-13,42.9288,USD,SYNTH
PG,2025-10-14,42.0510,USD,SYNTH
PG,2025-10-15,41.4468,USD,SYNTH
PG,2025-10-16,40.8234,USD,SYNTH
PG,2025-10-17,39.8501,USD,SYNTH
PG,2025-10-20,40.4275,USD,SYNTH
PG,2025-10-21,41.2238,USD,SYNTH
PG,2025-10-22,41.6918,USD,SYNTH
PG,2025-10-23,41.2531,USD,SYNTH
PG,2025-10-24,40.8666,USD,SYNTH
PG,2025-10-27,40.5553,USD,SYNTH
PG,2025-10-28,41.3799,USD,SYNTH
PG,2025-10-29,41.7845,USD,SYNTH
PG,2025-10-30,43.1049,USD,SYNTH
PG,2025-10-31,42.3656,USD,SYNTH
PG,2025-11-03,42.2062,USD,SYNTH
PG,2025-11-04,41.2611,USD,SYNTH
PG,2025-11-05,40.2209,USD,SYNTH
PG,2025-11-06,40.1206,USD,SYNTH
PG,2025-11-07,39.8902,USD,SYNTH
PG,2025-11-10,39.5339,USD,SYNTH
PG,2025-11-11,38.4537,USD,SYNTH
PG,2025-11-12,38.6014,USD,SYNTH
PG,2025-11-13,38.4157,USD,SYNTH
PG,2025-11-14,39.0599,USD,SYNTH
PG,2025-11-17,39.4587,USD,SYNTH
PG,2025-11-18,38.5388,USD,SYNTH
PG,2025-11-19,38.8249,USD,SYNTH
PG,2025-11-20,38.4180,USD,SYNTH
PG,2025-11-21,39.4893,USD,SYNTH
PG,2025-11-24,39.4801,USD,SYNTH
PG,2025-11-25,39.1341,USD,SYNTH
PG,2025-11-26,38.8595,USD,SYNTH
PG,2025-11-27,37.8213,USD,SYNTH
PG,2025-11-28,38.7003,USD,SYNTH
PG,2025-12-01,40.1883,USD,SYNTH
PG,2025-12-02,38.9490,USD,SYNTH
PG,2025-12-03,38.7842,USD,SYNTH
PG,2025-12-04,38.7187,USD,SYNTH
PG,2025-12-05,38.3162,USD,SYNTH
PG,2025-12-08,39.1674,USD,SYNTH
PG,2025-12-09,40.0586,USD,SYNTH
PG,2025-12-10,39.8937,USD,SYNTH
PG,2025-12-11,41.3930,USD,SYNTH
PG,2025-12-12,41.4299,USD,SYNTH
PG,2025-12-15,41.2619,USD,SYNTH
PG,2025-12-16,41.4821,USD,SYNTH
PG,2025-12-17,40.9375,USD,SYNTH
PG,2025-12-18,42.0205,USD,SYNTH
PG,2025-12-19,42.4996,USD,SYNTH
PG,2025-12-22,42.2408,USD,SYNTH
PG,2025-12-23,42.1124,USD,SYNTH
PG,2025-12-24,41.4369,USD,SYNTH
PG,2025-12-25,41.6451,USD,SYNTH
PG,2025-12-26,40.6879,USD,SYNTH
PG,2025-12-29,40.7024,USD,SYNTH
PG,2025-12-30,40.3357,USD,SYNTH
PG,2025-12-31,40.7595,USD,SYNTH
PG,2026-01-01,41.5367,USD,SYNTH
PG,2026-01-02,42.1375,USD,SYNTH
PG,2026-01-05,42.0572,USD,SYNTH
PG,2026-01-06,41.5326,USD,SYNTH
PG,2026-01-07,41.3210,USD,SYNTH
PG,2026-01-08,41.3210,USD,SYNTH
PG,2026-01-09,41.6963,USD,SYNTH
PG,2026-01-12,41.2824,USD,SYNTH
PG,2026-01-13,40.5760,USD,SYNTH
PG,2026-01-14,40.7149,USD,SYNTH
PG,2026-01-15,41.7229,USD,SYNTH
PG,2026-01-16,43.1416,USD,SYNTH
PG,2026-01-19,43.7705,USD,SYNTH
PG,2026-01-20,43.0034,USD,SYNTH
PG,2026-01-21,44.1066,USD,SYNTH
PG,2026-01-22,43.4485,USD,SYNTH
PG,2026-01-23,42.8589,USD,SYNTH
PG,2026-01-26,43.2016,USD,SYNTH
PG,2026-01-27,42.1412,USD,SYNTH
PG,2026-01-28,42.7619,USD,SYNTH
PG,2026-01-29,42.7335,USD,SYNTH
PG,2026-01-30,43.0533,USD,SYNTH
PG,2026-02-02,42.4281,USD,SYNTH
PG,2026-02-03,43.0872,USD,SYNTH
PG,2026-02-04,43.4981,USD,SYNTH
PG,2026-02-05,43.2267,USD,SYNTH
PG,2026-02-06,43.9752,USD,SYNTH
PG,2026-02-09,41.8826,USD,SYNTH
PG,2026-02-10,42.1683,USD,SYNTH
PG,2026-02-11,42.0994,USD,SYNTH
PG,2026-02-12,41.5095,USD,SYNTH
PG,2026-02-13,41.6544,USD,SYNTH
PG,2026-02-16,42.0416,USD,SYNTH
PG,2026-02-17,41.4966,USD,SYNTH
PG,2026-02-18,41.4197,USD,SYNTH
PG,2026-02-19,41.4013,USD,SYNTH
PG,2026-02-20,41.7065,USD,SYNTH
PG,2026-02-23,42.6400,USD,SYNTH
PG,2026-02-24,42.2967,USD,SYNTH
PG,2026-02-25,43.3120,USD,SYNTH
PG,2026-02-26,42.3082,USD,SYNTH
PG,2026-02-27,42.5499,USD,SYNTH
PG,2026-03-02,41.2456,USD,SYNTH
PG,2026-03-03,41.3113,USD,SYNTH
PG,2026-03-04,41.8608,USD,SYNTH
PG,2026-03-05,43.3976,USD,SYNTH
PG,2026-03-06,43.4492,USD,SYNTH
PG,2026-03-09,42.8770,USD,SYNTH
PG,2026-03-10,43.6821,USD,SYNTH
PG,2026-03-11,43.7275,USD,SYNTH
PG,2026-03-12,43.8181,USD,SYNTH
PG,2026-03-13,44.5545,USD,SYNTH
PG,2026-03-16,45.4442,USD,SYNTH
PG,2026-03-17,44.0410,USD,SYNTH
PG,2026-03-18,44.0951,USD,SYNTH
PG,2026-03-19,44.0953,USD,SYNTH
PG,2026-03-20,43.2596,USD,SYNTH
PG,2026-03-23,42.0081,USD,SYNTH
PG,2026-03-24,41.9701,USD,SYNTH
PG,2026-03-25,41.6324,USD,SYNTH
PG,2026-03-26,41.1018,USD,SYNTH
PG,2026-03-27,41.0125,USD,SYNTH
PG,2026-03-30,40.7657,USD,SYNTH
PG,2026-03-31,40.7908,USD,SYNTH
PG,2026-04-01,41.9608,USD,SYNTH
PG,2026-04-02,41.9506,USD,SYNTH
PG,2026-04-03,43.3831,USD,SYNTH
PG,2026-04-06,44.3676,USD,SYNTH
PG,2026-04-07,45.1536,USD,SYNTH
PG,2026-04-08,44.5751,USD,SYNTH
PG,2026-04-09,44.3530,USD,SYNTH
PG,2026-04-10,43.6321,USD,SYNTH
PG,2026-04-13,43.9718,USD,SYNTH
PG,2026-04-14,43.9319,USD,SYNTH
PG,2026-04-15,44.2943,USD,SYNTH
PG,2026-04-16,44.5488,USD,SYNTH
PG,2026-04-17,44.6968,USD,SYNTH
PG,2026-04-20,44.4230,USD,SYNTH
PG,2026-04-21,43.6584,USD,SYNTH
PG,2026-04-22,43.3244,USD,SYNTH
PG,2026-04-23,43.8962,USD,SYNTH
PG,2026-04-24,43.7799,USD,SYNTH
PG,2026-04-27,43.7457,USD,SYNTH
PG,2026-04-28,44.4422,USD,SYNTH
PG,2026-04-29,44.8455,USD,SYNTH
PG,2026-04-30,43.6685,USD,SYNTH
PG,2026-05-01,43.6184,USD,SYNTH
PG,2026-05-04,42.9474,USD,SYNTH
PG,2026-05-05,42.9184,USD,SYNTH
PG,2026-05-06,43.2328,USD,SYNTH
PG,2026-05-07,43.6422,USD,SYNTH
PG,2026-05-08,44.9622,USD,SYNTH
PG,2026-05-11,44.5704,USD,SYNTH
PG,2026-05-12,44.3472,USD,SYNTH
PG,2026-05-13,44.8187,USD,SYNTH
PG,2026-05-14,45.6082,USD,SYNTH
PG,2026-05-15,44.7751,USD,SYNTH
PG,2026-05-18,45.3420,USD,SYNTH
PG,2026-05-19,45.8988,USD,SYNTH
PG,2026-05-20,45.7883,USD,SYNTH
PG,2026-05-21,45.5704,USD,SYNTH
PG,2026-05-22,46.1850,USD,SYNTH
HD,2025-05-01,111.7820,USD,SYNTH
HD,2025-05-02,112.6218,USD,SYNTH
HD,2025-05-05,111.1721,USD,SYNTH
HD,2025-05-06,107.7589,USD,SYNTH
HD,2025-05-07,107.6089,USD,SYNTH
HD,2025-05-08,107.1161,USD,SYNTH
HD,2025-05-09,108.0316,USD,SYNTH
HD,2025-05-12,106.5774,USD,SYNTH
HD,2025-05-13,107.8269,USD,SYNTH
HD,2025-05-14,108.6543,USD,SYNTH
HD,2025-05-15,107.2393,USD,SYNTH
HD,2025-05-16,109.0957,USD,SYNTH
HD,2025-05-19,108.4551,USD,SYNTH
HD,2025-05-20,107.1279,USD,SYNTH
HD,2025-05-21,107.6438,USD,SYNTH
HD,2025-05-22,107.6476,USD,SYNTH
HD,2025-05-23,105.9262,USD,SYNTH
HD,2025-05-26,107.1404,USD,SYNTH
HD,2025-05-27,107.1549,USD,SYNTH
HD,2025-05-28,105.7246,USD,SYNTH
HD,2025-05-29,102.4185,USD,SYNTH
HD,2025-05-30,103.2353,USD,SYNTH
HD,2025-06-02,103.4503,USD,SYNTH
HD,2025-06-03,103.7036,USD,SYNTH
HD,2025-06-04,106.3048,USD,SYNTH
HD,2025-06-05,101.5709,USD,SYNTH
HD,2025-06-06,103.9219,USD,SYNTH
HD,2025-06-09,106.5042,USD,SYNTH
HD,2025-06-10,104.6572,USD,SYNTH
HD,2025-06-11,106.6001,USD,SYNTH
HD,2025-06-12,105.0741,USD,SYNTH
HD,2025-06-13,103.1339,USD,SYNTH
HD,2025-06-16,102.9766,USD,SYNTH
HD,2025-06-17,106.3952,USD,SYNTH
HD,2025-06-18,107.1197,USD,SYNTH
HD,2025-06-19,107.2480,USD,SYNTH
HD,2025-06-20,108.9899,USD,SYNTH
HD,2025-06-23,107.8014,USD,SYNTH
HD,2025-06-24,110.7396,USD,SYNTH
HD,2025-06-25,113.9035,USD,SYNTH
HD,2025-06-26,114.8177,USD,SYNTH
HD,2025-06-27,113.2230,USD,SYNTH
HD,2025-06-30,115.4418,USD,SYNTH
HD,2025-07-01,116.0887,USD,SYNTH
HD,2025-07-02,117.4686,USD,SYNTH
HD,2025-07-03,119.9070,USD,SYNTH
HD,2025-07-04,120.8849,USD,SYNTH
HD,2025-07-07,118.9574,USD,SYNTH
HD,2025-07-08,122.1842,USD,SYNTH
HD,2025-07-09,122.8350,USD,SYNTH
HD,2025-07-10,123.5886,USD,SYNTH
HD,2025-07-11,124.9940,USD,SYNTH
HD,2025-07-14,125.7329,USD,SYNTH
HD,2025-07-15,127.4633,USD,SYNTH
HD,2025-07-16,127.9546,USD,SYNTH
HD,2025-07-17,127.5840,USD,SYNTH
HD,2025-07-18,126.3588,USD,SYNTH
HD,2025-07-21,125.2337,USD,SYNTH
HD,2025-07-22,124.6217,USD,SYNTH
HD,2025-07-23,126.8786,USD,SYNTH
HD,2025-07-24,126.1472,USD,SYNTH
HD,2025-07-25,125.9328,USD,SYNTH
HD,2025-07-28,125.7415,USD,SYNTH
HD,2025-07-29,126.9876,USD,SYNTH
HD,2025-07-30,128.5091,USD,SYNTH
HD,2025-07-31,133.1149,USD,SYNTH
HD,2025-08-01,129.8169,USD,SYNTH
HD,2025-08-04,129.3232,USD,SYNTH
HD,2025-08-05,130.6959,USD,SYNTH
HD,2025-08-06,126.7708,USD,SYNTH
HD,2025-08-07,130.7824,USD,SYNTH
HD,2025-08-08,130.5483,USD,SYNTH
HD,2025-08-11,128.7217,USD,SYNTH
HD,2025-08-12,131.0095,USD,SYNTH
HD,2025-08-13,125.8655,USD,SYNTH
HD,2025-08-14,126.3841,USD,SYNTH
HD,2025-08-15,124.1665,USD,SYNTH
HD,2025-08-18,124.1704,USD,SYNTH
HD,2025-08-19,125.0437,USD,SYNTH
HD,2025-08-20,126.8650,USD,SYNTH
HD,2025-08-21,127.8424,USD,SYNTH
HD,2025-08-22,132.6819,USD,SYNTH
HD,2025-08-25,132.8697,USD,SYNTH
HD,2025-08-26,132.0918,USD,SYNTH
HD,2025-08-27,135.0467,USD,SYNTH
HD,2025-08-28,134.9285,USD,SYNTH
HD,2025-08-29,135.9847,USD,SYNTH
HD,2025-09-01,126.3881,USD,SYNTH
HD,2025-09-02,127.4571,USD,SYNTH
HD,2025-09-03,127.3238,USD,SYNTH
HD,2025-09-04,126.3653,USD,SYNTH
HD,2025-09-05,124.9103,USD,SYNTH
HD,2025-09-08,126.9784,USD,SYNTH
HD,2025-09-09,122.3501,USD,SYNTH
HD,2025-09-10,129.3222,USD,SYNTH
HD,2025-09-11,132.0475,USD,SYNTH
HD,2025-09-12,132.9661,USD,SYNTH
HD,2025-09-15,137.5543,USD,SYNTH
HD,2025-09-16,138.2756,USD,SYNTH
HD,2025-09-17,136.0896,USD,SYNTH
HD,2025-09-18,138.6464,USD,SYNTH
HD,2025-09-19,134.6050,USD,SYNTH
HD,2025-09-22,136.0993,USD,SYNTH
HD,2025-09-23,139.0752,USD,SYNTH
HD,2025-09-24,140.4561,USD,SYNTH
HD,2025-09-25,136.8293,USD,SYNTH
HD,2025-09-26,137.3755,USD,SYNTH
HD,2025-09-29,137.1124,USD,SYNTH
HD,2025-09-30,135.3217,USD,SYNTH
HD,2025-10-01,129.7308,USD,SYNTH
HD,2025-10-02,127.0014,USD,SYNTH
HD,2025-10-03,125.8948,USD,SYNTH
HD,2025-10-06,128.4832,USD,SYNTH
HD,2025-10-07,134.8890,USD,SYNTH
HD,2025-10-08,137.0097,USD,SYNTH
HD,2025-10-09,135.1069,USD,SYNTH
HD,2025-10-10,134.1235,USD,SYNTH
HD,2025-10-13,136.7763,USD,SYNTH
HD,2025-10-14,138.3285,USD,SYNTH
HD,2025-10-15,139.3434,USD,SYNTH
HD,2025-10-16,139.9823,USD,SYNTH
HD,2025-10-17,143.0462,USD,SYNTH
HD,2025-10-20,148.8463,USD,SYNTH
HD,2025-10-21,148.9166,USD,SYNTH
HD,2025-10-22,149.3869,USD,SYNTH
HD,2025-10-23,150.7881,USD,SYNTH
HD,2025-10-24,149.5790,USD,SYNTH
HD,2025-10-27,143.7204,USD,SYNTH
HD,2025-10-28,145.0407,USD,SYNTH
HD,2025-10-29,143.1691,USD,SYNTH
HD,2025-10-30,146.6050,USD,SYNTH
HD,2025-10-31,147.1304,USD,SYNTH
HD,2025-11-03,151.1402,USD,SYNTH
HD,2025-11-04,148.8525,USD,SYNTH
HD,2025-11-05,151.9280,USD,SYNTH
HD,2025-11-06,147.5116,USD,SYNTH
HD,2025-11-07,150.0455,USD,SYNTH
HD,2025-11-10,149.4498,USD,SYNTH
HD,2025-11-11,152.0164,USD,SYNTH
HD,2025-11-12,151.0821,USD,SYNTH
HD,2025-11-13,152.9834,USD,SYNTH
HD,2025-11-14,154.4134,USD,SYNTH
HD,2025-11-17,155.5247,USD,SYNTH
HD,2025-11-18,156.8106,USD,SYNTH
HD,2025-11-19,161.6008,USD,SYNTH
HD,2025-11-20,160.0166,USD,SYNTH
HD,2025-11-21,164.1068,USD,SYNTH
HD,2025-11-24,163.1100,USD,SYNTH
HD,2025-11-25,166.7025,USD,SYNTH
HD,2025-11-26,173.7732,USD,SYNTH
HD,2025-11-27,171.3283,USD,SYNTH
HD,2025-11-28,164.7306,USD,SYNTH
HD,2025-12-01,165.2655,USD,SYNTH
HD,2025-12-02,163.2575,USD,SYNTH
HD,2025-12-03,161.7593,USD,SYNTH
HD,2025-12-04,160.8492,USD,SYNTH
HD,2025-12-05,159.3519,USD,SYNTH
HD,2025-12-08,163.5043,USD,SYNTH
HD,2025-12-09,166.8655,USD,SYNTH
HD,2025-12-10,170.3970,USD,SYNTH
HD,2025-12-11,177.5398,USD,SYNTH
HD,2025-12-12,175.1299,USD,SYNTH
HD,2025-12-15,167.3117,USD,SYNTH
HD,2025-12-16,173.4561,USD,SYNTH
HD,2025-12-17,174.2901,USD,SYNTH
HD,2025-12-18,174.1677,USD,SYNTH
HD,2025-12-19,168.5678,USD,SYNTH
HD,2025-12-22,164.5170,USD,SYNTH
HD,2025-12-23,166.6153,USD,SYNTH
HD,2025-12-24,166.2360,USD,SYNTH
HD,2025-12-25,159.8440,USD,SYNTH
HD,2025-12-26,157.1860,USD,SYNTH
HD,2025-12-29,160.2015,USD,SYNTH
HD,2025-12-30,163.9368,USD,SYNTH
HD,2025-12-31,164.6179,USD,SYNTH
HD,2026-01-01,173.0648,USD,SYNTH
HD,2026-01-02,176.3151,USD,SYNTH
HD,2026-01-05,182.1132,USD,SYNTH
HD,2026-01-06,186.5384,USD,SYNTH
HD,2026-01-07,189.3854,USD,SYNTH
HD,2026-01-08,184.8770,USD,SYNTH
HD,2026-01-09,179.6068,USD,SYNTH
HD,2026-01-12,177.2639,USD,SYNTH
HD,2026-01-13,178.1415,USD,SYNTH
HD,2026-01-14,178.1984,USD,SYNTH
HD,2026-01-15,179.4537,USD,SYNTH
HD,2026-01-16,179.4430,USD,SYNTH
HD,2026-01-19,181.0399,USD,SYNTH
HD,2026-01-20,184.3124,USD,SYNTH
HD,2026-01-21,184.3941,USD,SYNTH
HD,2026-01-22,183.4935,USD,SYNTH
HD,2026-01-23,174.8908,USD,SYNTH
HD,2026-01-26,177.6890,USD,SYNTH
HD,2026-01-27,175.2689,USD,SYNTH
HD,2026-01-28,172.4532,USD,SYNTH
HD,2026-01-29,175.1984,USD,SYNTH
HD,2026-01-30,178.1474,USD,SYNTH
HD,2026-02-02,180.3812,USD,SYNTH
HD,2026-02-03,183.5296,USD,SYNTH
HD,2026-02-04,179.9704,USD,SYNTH
HD,2026-02-05,179.2819,USD,SYNTH
HD,2026-02-06,177.5608,USD,SYNTH
HD,2026-02-09,183.1428,USD,SYNTH
HD,2026-02-10,186.0453,USD,SYNTH
HD,2026-02-11,185.2842,USD,SYNTH
HD,2026-02-12,188.1462,USD,SYNTH
HD,2026-02-13,189.4716,USD,SYNTH
HD,2026-02-16,189.1279,USD,SYNTH
HD,2026-02-17,190.7741,USD,SYNTH
HD,2026-02-18,193.7521,USD,SYNTH
HD,2026-02-19,193.3145,USD,SYNTH
HD,2026-02-20,189.0212,USD,SYNTH
HD,2026-02-23,190.2844,USD,SYNTH
HD,2026-02-24,189.4370,USD,SYNTH
HD,2026-02-25,185.5883,USD,SYNTH
HD,2026-02-26,183.0777,USD,SYNTH
HD,2026-02-27,182.3106,USD,SYNTH
HD,2026-03-02,182.4544,USD,SYNTH
HD,2026-03-03,184.3538,USD,SYNTH
HD,2026-03-04,183.7040,USD,SYNTH
HD,2026-03-05,185.2469,USD,SYNTH
HD,2026-03-06,184.0574,USD,SYNTH
HD,2026-03-09,185.9204,USD,SYNTH
HD,2026-03-10,187.3251,USD,SYNTH
HD,2026-03-11,189.3005,USD,SYNTH
HD,2026-03-12,194.2542,USD,SYNTH
HD,2026-03-13,193.3235,USD,SYNTH
HD,2026-03-16,187.8373,USD,SYNTH
HD,2026-03-17,187.6303,USD,SYNTH
HD,2026-03-18,190.4204,USD,SYNTH
HD,2026-03-19,190.5630,USD,SYNTH
HD,2026-03-20,191.7113,USD,SYNTH
HD,2026-03-23,185.8243,USD,SYNTH
HD,2026-03-24,183.0899,USD,SYNTH
HD,2026-03-25,184.9203,USD,SYNTH
HD,2026-03-26,187.5647,USD,SYNTH
HD,2026-03-27,185.0874,USD,SYNTH
HD,2026-03-30,186.3656,USD,SYNTH
HD,2026-03-31,184.0364,USD,SYNTH
HD,2026-04-01,180.2740,USD,SYNTH
HD,2026-04-02,180.5585,USD,SYNTH
HD,2026-04-03,181.3180,USD,SYNTH
HD,2026-04-06,182.6661,USD,SYNTH
HD,2026-04-07,185.1213,USD,SYNTH
HD,2026-04-08,190.7653,USD,SYNTH
HD,2026-04-09,194.0803,USD,SYNTH
HD,2026-04-10,192.8779,USD,SYNTH
HD,2026-04-13,196.1982,USD,SYNTH
HD,2026-04-14,191.0744,USD,SYNTH
HD,2026-04-15,191.4780,USD,SYNTH
HD,2026-04-16,195.1664,USD,SYNTH
HD,2026-04-17,197.6108,USD,SYNTH
HD,2026-04-20,200.6162,USD,SYNTH
HD,2026-04-21,207.5737,USD,SYNTH
HD,2026-04-22,204.8683,USD,SYNTH
HD,2026-04-23,207.8606,USD,SYNTH
HD,2026-04-24,207.5737,USD,SYNTH
HD,2026-04-27,211.8008,USD,SYNTH
HD,2026-04-28,212.3127,USD,SYNTH
HD,2026-04-29,215.3652,USD,SYNTH
HD,2026-04-30,221.4260,USD,SYNTH
HD,2026-05-01,224.0071,USD,SYNTH
HD,2026-05-04,223.2283,USD,SYNTH
HD,2026-05-05,221.8179,USD,SYNTH
HD,2026-05-06,219.1133,USD,SYNTH
HD,2026-05-07,223.2734,USD,SYNTH
HD,2026-05-08,228.6145,USD,SYNTH
HD,2026-05-11,227.6777,USD,SYNTH
HD,2026-05-12,220.3309,USD,SYNTH
HD,2026-05-13,217.8845,USD,SYNTH
HD,2026-05-14,219.6519,USD,SYNTH
HD,2026-05-15,215.9745,USD,SYNTH
HD,2026-05-18,208.4255,USD,SYNTH
HD,2026-05-19,206.8207,USD,SYNTH
HD,2026-05-20,199.2876,USD,SYNTH
HD,2026-05-21,200.5148,USD,SYNTH
HD,2026-05-22,199.1274,USD,SYNTH
BAC,2025-05-01,217.2819,USD,SYNTH
BAC,2025-05-02,222.4184,USD,SYNTH
BAC,2025-05-05,218.8502,USD,SYNTH
BAC,2025-05-06,210.4546,USD,SYNTH
BAC,2025-05-07,210.4103,USD,SYNTH
BAC,2025-05-08,212.2496,USD,SYNTH
BAC,2025-05-09,206.8517,USD,SYNTH
BAC,2025-05-12,205.5419,USD,SYNTH
BAC,2025-05-13,204.3190,USD,SYNTH
BAC,2025-05-14,204.4826,USD,SYNTH
BAC,2025-05-15,202.2785,USD,SYNTH
BAC,2025-05-16,212.0369,USD,SYNTH
BAC,2025-05-19,211.0988,USD,SYNTH
BAC,2025-05-20,211.8709,USD,SYNTH
BAC,2025-05-21,210.0858,USD,SYNTH
BAC,2025-05-22,200.1538,USD,SYNTH
BAC,2025-05-23,205.1889,USD,SYNTH
BAC,2025-05-26,193.5911,USD,SYNTH
BAC,2025-05-27,198.3772,USD,SYNTH
BAC,2025-05-28,193.7182,USD,SYNTH
BAC,2025-05-29,189.0379,USD,SYNTH
BAC,2025-05-30,188.7240,USD,SYNTH
BAC,2025-06-02,196.2402,USD,SYNTH
BAC,2025-06-03,197.4280,USD,SYNTH
BAC,2025-06-04,196.8076,USD,SYNTH
BAC,2025-06-05,194.1469,USD,SYNTH
BAC,2025-06-06,196.4792,USD,SYNTH
BAC,2025-06-09,195.2292,USD,SYNTH
BAC,2025-06-10,197.7962,USD,SYNTH
BAC,2025-06-11,190.8649,USD,SYNTH
BAC,2025-06-12,192.7377,USD,SYNTH
BAC,2025-06-13,193.8987,USD,SYNTH
BAC,2025-06-16,189.2094,USD,SYNTH
BAC,2025-06-17,185.7493,USD,SYNTH
BAC,2025-06-18,185.3123,USD,SYNTH
BAC,2025-06-19,183.7451,USD,SYNTH
BAC,2025-06-20,184.7594,USD,SYNTH
BAC,2025-06-23,180.0436,USD,SYNTH
BAC,2025-06-24,177.2309,USD,SYNTH
BAC,2025-06-25,184.0281,USD,SYNTH
BAC,2025-06-26,181.2929,USD,SYNTH
BAC,2025-06-27,179.9568,USD,SYNTH
BAC,2025-06-30,179.4372,USD,SYNTH
BAC,2025-07-01,178.5915,USD,SYNTH
BAC,2025-07-02,182.5249,USD,SYNTH
BAC,2025-07-03,180.6998,USD,SYNTH
BAC,2025-07-04,183.5347,USD,SYNTH
BAC,2025-07-07,180.7637,USD,SYNTH
BAC,2025-07-08,183.3333,USD,SYNTH
BAC,2025-07-09,182.6819,USD,SYNTH
BAC,2025-07-10,182.1620,USD,SYNTH
BAC,2025-07-11,181.9261,USD,SYNTH
BAC,2025-07-14,183.7826,USD,SYNTH
BAC,2025-07-15,179.8896,USD,SYNTH
BAC,2025-07-16,176.8012,USD,SYNTH
BAC,2025-07-17,183.3376,USD,SYNTH
BAC,2025-07-18,185.0641,USD,SYNTH
BAC,2025-07-21,183.9174,USD,SYNTH
BAC,2025-07-22,186.0983,USD,SYNTH
BAC,2025-07-23,185.9526,USD,SYNTH
BAC,2025-07-24,178.4726,USD,SYNTH
BAC,2025-07-25,179.0445,USD,SYNTH
BAC,2025-07-28,178.7054,USD,SYNTH
BAC,2025-07-29,179.8821,USD,SYNTH
BAC,2025-07-30,177.4276,USD,SYNTH
BAC,2025-07-31,176.7767,USD,SYNTH
BAC,2025-08-01,180.4640,USD,SYNTH
BAC,2025-08-04,180.0281,USD,SYNTH
BAC,2025-08-05,178.6921,USD,SYNTH
BAC,2025-08-06,179.9199,USD,SYNTH
BAC,2025-08-07,178.6973,USD,SYNTH
BAC,2025-08-08,182.1857,USD,SYNTH
BAC,2025-08-11,181.6681,USD,SYNTH
BAC,2025-08-12,182.9109,USD,SYNTH
BAC,2025-08-13,180.6475,USD,SYNTH
BAC,2025-08-14,176.6443,USD,SYNTH
BAC,2025-08-15,178.9844,USD,SYNTH
BAC,2025-08-18,179.8821,USD,SYNTH
BAC,2025-08-19,182.0000,USD,SYNTH
BAC,2025-08-20,184.4680,USD,SYNTH
BAC,2025-08-21,179.6448,USD,SYNTH
BAC,2025-08-22,180.0860,USD,SYNTH
BAC,2025-08-25,173.6381,USD,SYNTH
BAC,2025-08-26,175.3134,USD,SYNTH
BAC,2025-08-27,171.9402,USD,SYNTH
BAC,2025-08-28,173.4380,USD,SYNTH
BAC,2025-08-29,175.7564,USD,SYNTH
BAC,2025-09-01,174.1025,USD,SYNTH
BAC,2025-09-02,174.0825,USD,SYNTH
BAC,2025-09-03,177.9648,USD,SYNTH
BAC,2025-09-04,172.7202,USD,SYNTH
BAC,2025-09-05,174.7730,USD,SYNTH
BAC,2025-09-08,175.1978,USD,SYNTH
BAC,2025-09-09,178.2404,USD,SYNTH
BAC,2025-09-10,172.9941,USD,SYNTH
BAC,2025-09-11,173.0570,USD,SYNTH
BAC,2025-09-12,176.5485,USD,SYNTH
BAC,2025-09-15,180.9207,USD,SYNTH
BAC,2025-09-16,178.4699,USD,SYNTH
BAC,2025-09-17,177.6254,USD,SYNTH
BAC,2025-09-18,183.5662,USD,SYNTH
BAC,2025-09-19,178.9299,USD,SYNTH
BAC,2025-09-22,178.8363,USD,SYNTH
BAC,2025-09-23,179.4610,USD,SYNTH
BAC,2025-09-24,180.0800,USD,SYNTH
BAC,2025-09-25,177.1057,USD,SYNTH
BAC,2025-09-26,180.2335,USD,SYNTH
BAC,2025-09-29,183.1701,USD,SYNTH
BAC,2025-09-30,189.2130,USD,SYNTH
BAC,2025-10-01,186.5690,USD,SYNTH
BAC,2025-10-02,185.0073,USD,SYNTH
BAC,2025-10-03,188.7147,USD,SYNTH
BAC,2025-10-06,194.9377,USD,SYNTH
BAC,2025-10-07,194.9612,USD,SYNTH
BAC,2025-10-08,189.6574,USD,SYNTH
BAC,2025-10-09,188.9766,USD,SYNTH
BAC,2025-10-10,192.3148,USD,SYNTH
BAC,2025-10-13,194.7199,USD,SYNTH
BAC,2025-10-14,198.6791,USD,SYNTH
BAC,2025-10-15,205.6227,USD,SYNTH
BAC,2025-10-16,204.0880,USD,SYNTH
BAC,2025-10-17,200.8267,USD,SYNTH
BAC,2025-10-20,196.5393,USD,SYNTH
BAC,2025-10-21,196.1639,USD,SYNTH
BAC,2025-10-22,199.8211,USD,SYNTH
BAC,2025-10-23,206.0933,USD,SYNTH
BAC,2025-10-24,206.9667,USD,SYNTH
BAC,2025-10-27,207.0837,USD,SYNTH
BAC,2025-10-28,206.6505,USD,SYNTH
BAC,2025-10-29,211.2743,USD,SYNTH
BAC,2025-10-30,208.4398,USD,SYNTH
BAC,2025-10-31,208.1086,USD,SYNTH
BAC,2025-11-03,207.8811,USD,SYNTH
BAC,2025-11-04,207.8419,USD,SYNTH
BAC,2025-11-05,214.6691,USD,SYNTH
BAC,2025-11-06,211.2868,USD,SYNTH
BAC,2025-11-07,220.6880,USD,SYNTH
BAC,2025-11-10,218.1511,USD,SYNTH
BAC,2025-11-11,214.9947,USD,SYNTH
BAC,2025-11-12,212.5017,USD,SYNTH
BAC,2025-11-13,215.0469,USD,SYNTH
BAC,2025-11-14,215.0569,USD,SYNTH
BAC,2025-11-17,219.4617,USD,SYNTH
BAC,2025-11-18,216.2738,USD,SYNTH
BAC,2025-11-19,209.8250,USD,SYNTH
BAC,2025-11-20,208.4869,USD,SYNTH
BAC,2025-11-21,209.5994,USD,SYNTH
BAC,2025-11-24,204.1172,USD,SYNTH
BAC,2025-11-25,203.7871,USD,SYNTH
BAC,2025-11-26,205.8129,USD,SYNTH
BAC,2025-11-27,202.8862,USD,SYNTH
BAC,2025-11-28,199.9380,USD,SYNTH
BAC,2025-12-01,196.0565,USD,SYNTH
BAC,2025-12-02,195.6091,USD,SYNTH
BAC,2025-12-03,197.2745,USD,SYNTH
BAC,2025-12-04,207.0901,USD,SYNTH
BAC,2025-12-05,211.4957,USD,SYNTH
BAC,2025-12-08,206.7559,USD,SYNTH
BAC,2025-12-09,201.0986,USD,SYNTH
BAC,2025-12-10,200.7597,USD,SYNTH
BAC,2025-12-11,206.5006,USD,SYNTH
BAC,2025-12-12,209.0051,USD,SYNTH
BAC,2025-12-15,207.0840,USD,SYNTH
BAC,2025-12-16,210.8798,USD,SYNTH
BAC,2025-12-17,216.1712,USD,SYNTH
BAC,2025-12-18,221.9238,USD,SYNTH
BAC,2025-12-19,217.7305,USD,SYNTH
BAC,2025-12-22,219.5101,USD,SYNTH
BAC,2025-12-23,214.5138,USD,SYNTH
BAC,2025-12-24,211.4681,USD,SYNTH
BAC,2025-12-25,206.6646,USD,SYNTH
BAC,2025-12-26,205.7521,USD,SYNTH
BAC,2025-12-29,200.4955,USD,SYNTH
BAC,2025-12-30,203.3523,USD,SYNTH
BAC,2025-12-31,203.3682,USD,SYNTH
BAC,2026-01-01,200.2648,USD,SYNTH
BAC,2026-01-02,202.0747,USD,SYNTH
BAC,2026-01-05,207.7032,USD,SYNTH
BAC,2026-01-06,209.0568,USD,SYNTH
BAC,2026-01-07,206.9232,USD,SYNTH
BAC,2026-01-08,205.9280,USD,SYNTH
BAC,2026-01-09,205.6039,USD,SYNTH
BAC,2026-01-12,203.0692,USD,SYNTH
BAC,2026-01-13,196.8734,USD,SYNTH
BAC,2026-01-14,195.5911,USD,SYNTH
BAC,2026-01-15,200.0250,USD,SYNTH
BAC,2026-01-16,197.1066,USD,SYNTH
BAC,2026-01-19,190.3170,USD,SYNTH
BAC,2026-01-20,190.0700,USD,SYNTH
BAC,2026-01-21,193.9000,USD,SYNTH
BAC,2026-01-22,187.9465,USD,SYNTH
BAC,2026-01-23,188.6458,USD,SYNTH
BAC,2026-01-26,190.0995,USD,SYNTH
BAC,2026-01-27,191.9936,USD,SYNTH
BAC,2026-01-28,193.9764,USD,SYNTH
BAC,2026-01-29,196.1580,USD,SYNTH
BAC,2026-01-30,190.6242,USD,SYNTH
BAC,2026-02-02,192.7952,USD,SYNTH
BAC,2026-02-03,197.6335,USD,SYNTH
BAC,2026-02-04,196.9042,USD,SYNTH
BAC,2026-02-05,198.2797,USD,SYNTH
BAC,2026-02-06,194.7187,USD,SYNTH
BAC,2026-02-09,199.3440,USD,SYNTH
BAC,2026-02-10,197.1849,USD,SYNTH
BAC,2026-02-11,203.0987,USD,SYNTH
BAC,2026-02-12,201.7706,USD,SYNTH
BAC,2026-02-13,204.2927,USD,SYNTH
BAC,2026-02-16,202.3924,USD,SYNTH
BAC,2026-02-17,209.2939,USD,SYNTH
BAC,2026-02-18,201.9271,USD,SYNTH
BAC,2026-02-19,203.3301,USD,SYNTH
BAC,2026-02-20,195.7804,USD,SYNTH
BAC,2026-02-23,191.5935,USD,SYNTH
BAC,2026-02-24,198.1758,USD,SYNTH
BAC,2026-02-25,201.4743,USD,SYNTH
BAC,2026-02-26,194.2435,USD,SYNTH
BAC,2026-02-27,194.2807,USD,SYNTH
BAC,2026-03-02,192.1719,USD,SYNTH
BAC,2026-03-03,194.2006,USD,SYNTH
BAC,2026-03-04,200.7271,USD,SYNTH
BAC,2026-03-05,203.1499,USD,SYNTH
BAC,2026-03-06,204.8003,USD,SYNTH
BAC,2026-03-09,206.7345,USD,SYNTH
BAC,2026-03-10,202.7311,USD,SYNTH
BAC,2026-03-11,205.3505,USD,SYNTH
BAC,2026-03-12,208.8167,USD,SYNTH
BAC,2026-03-13,206.5777,USD,SYNTH
BAC,2026-03-16,204.2507,USD,SYNTH
BAC,2026-03-17,209.6428,USD,SYNTH
BAC,2026-03-18,210.4948,USD,SYNTH
BAC,2026-03-19,206.2488,USD,SYNTH
BAC,2026-03-20,204.7363,USD,SYNTH
BAC,2026-03-23,203.1116,USD,SYNTH
BAC,2026-03-24,202.9367,USD,SYNTH
BAC,2026-03-25,202.7320,USD,SYNTH
BAC,2026-03-26,201.8831,USD,SYNTH
BAC,2026-03-27,208.0266,USD,SYNTH
BAC,2026-03-30,211.2055,USD,SYNTH
BAC,2026-03-31,216.9067,USD,SYNTH
BAC,2026-04-01,210.3553,USD,SYNTH
BAC,2026-04-02,210.8392,USD,SYNTH
BAC,2026-04-03,215.3609,USD,SYNTH
BAC,2026-04-06,218.2376,USD,SYNTH
BAC,2026-04-07,215.6344,USD,SYNTH
BAC,2026-04-08,212.7648,USD,SYNTH
BAC,2026-04-09,216.5053,USD,SYNTH
BAC,2026-04-10,215.7421,USD,SYNTH
BAC,2026-04-13,218.3244,USD,SYNTH
BAC,2026-04-14,219.0054,USD,SYNTH
BAC,2026-04-15,218.6073,USD,SYNTH
BAC,2026-04-16,219.1470,USD,SYNTH
BAC,2026-04-17,215.9402,USD,SYNTH
BAC,2026-04-20,222.6174,USD,SYNTH
BAC,2026-04-21,224.8808,USD,SYNTH
BAC,2026-04-22,230.6126,USD,SYNTH
BAC,2026-04-23,228.4850,USD,SYNTH
BAC,2026-04-24,226.3305,USD,SYNTH
BAC,2026-04-27,225.0978,USD,SYNTH
BAC,2026-04-28,221.6744,USD,SYNTH
BAC,2026-04-29,224.4468,USD,SYNTH
BAC,2026-04-30,227.3927,USD,SYNTH
BAC,2026-05-01,225.3606,USD,SYNTH
BAC,2026-05-04,224.1315,USD,SYNTH
BAC,2026-05-05,225.7181,USD,SYNTH
BAC,2026-05-06,222.7281,USD,SYNTH
BAC,2026-05-07,221.1539,USD,SYNTH
BAC,2026-05-08,227.4322,USD,SYNTH
BAC,2026-05-11,224.4441,USD,SYNTH
BAC,2026-05-12,222.4235,USD,SYNTH
BAC,2026-05-13,232.5182,USD,SYNTH
BAC,2026-05-14,223.6884,USD,SYNTH
BAC,2026-05-15,218.9867,USD,SYNTH
BAC,2026-05-18,226.1370,USD,SYNTH
BAC,2026-05-19,224.5378,USD,SYNTH
BAC,2026-05-20,226.6253,USD,SYNTH
BAC,2026-05-21,235.3399,USD,SYNTH
BAC,2026-05-22,232.3730,USD,SYNTH
KO,2025-05-01,39.4063,USD,SYNTH
KO,2025-05-02,39.7095,USD,SYNTH
KO,2025-05-05,39.6672,USD,SYNTH
KO,2025-05-06,39.3043,USD,SYNTH
KO,2025-05-07,39.2218,USD,SYNTH
KO,2025-05-08,38.2959,USD,SYNTH
KO,2025-05-09,38.6284,USD,SYNTH
KO,2025-05-12,39.2202,USD,SYNTH
KO,2025-05-13,39.1180,USD,SYNTH
KO,2025-05-14,38.9722,USD,SYNTH
KO,2025-05-15,39.3688,USD,SYNTH
KO,2025-05-16,38.9992,USD,SYNTH
KO,2025-05-19,38.7946,USD,SYNTH
KO,2025-05-20,38.7586,USD,SYNTH
KO,2025-05-21,39.7971,USD,SYNTH
KO,2025-05-22,39.7738,USD,SYNTH
KO,2025-05-23,39.7043,USD,SYNTH
KO,2025-05-26,39.5989,USD,SYNTH
KO,2025-05-27,39.3372,USD,SYNTH
KO,2025-05-28,38.6658,USD,SYNTH
KO,2025-05-29,38.0377,USD,SYNTH
KO,2025-05-30,38.6382,USD,SYNTH
KO,2025-06-02,38.2540,USD,SYNTH
KO,2025-06-03,38.3291,USD,SYNTH
KO,2025-06-04,38.0120,USD,SYNTH
KO,2025-06-05,37.1148,USD,SYNTH
KO,2025-06-06,36.8154,USD,SYNTH
KO,2025-06-09,37.7522,USD,SYNTH
KO,2025-06-10,37.4818,USD,SYNTH
KO,2025-06-11,37.0367,USD,SYNTH
KO,2025-06-12,36.7626,USD,SYNTH
KO,2025-06-13,36.5522,USD,SYNTH
KO,2025-06-16,36.7135,USD,SYNTH
KO,2025-06-17,36.4525,USD,SYNTH
KO,2025-06-18,36.3994,USD,SYNTH
KO,2025-06-19,36.0886,USD,SYNTH
KO,2025-06-20,36.3317,USD,SYNTH
KO,2025-06-23,36.5461,USD,SYNTH
KO,2025-06-24,36.6964,USD,SYNTH
KO,2025-06-25,37.1256,USD,SYNTH
KO,2025-06-26,37.0704,USD,SYNTH
KO,2025-06-27,37.8909,USD,SYNTH
KO,2025-06-30,38.2202,USD,SYNTH
KO,2025-07-01,39.2552,USD,SYNTH
KO,2025-07-02,39.2107,USD,SYNTH
KO,2025-07-03,39.4145,USD,SYNTH
KO,2025-07-04,38.9424,USD,SYNTH
KO,2025-07-07,38.9650,USD,SYNTH
KO,2025-07-08,39.5504,USD,SYNTH
KO,2025-07-09,39.3021,USD,SYNTH
KO,2025-07-10,40.3695,USD,SYNTH
KO,2025-07-11,40.4003,USD,SYNTH
KO,2025-07-14,41.5637,USD,SYNTH
KO,2025-07-15,40.7915,USD,SYNTH
KO,2025-07-16,40.6004,USD,SYNTH
KO,2025-07-17,40.2499,USD,SYNTH
KO,2025-07-18,40.9942,USD,SYNTH
KO,2025-07-21,41.4803,USD,SYNTH
KO,2025-07-22,41.4357,USD,SYNTH
KO,2025-07-23,41.1081,USD,SYNTH
KO,2025-07-24,41.1006,USD,SYNTH
KO,2025-07-25,41.6490,USD,SYNTH
KO,2025-07-28,42.2880,USD,SYNTH
KO,2025-07-29,42.2553,USD,SYNTH
KO,2025-07-30,41.9280,USD,SYNTH
KO,2025-07-31,42.0176,USD,SYNTH
KO,2025-08-01,42.1279,USD,SYNTH
KO,2025-08-04,42.3321,USD,SYNTH
KO,2025-08-05,41.9992,USD,SYNTH
KO,2025-08-06,43.3276,USD,SYNTH
KO,2025-08-07,42.8502,USD,SYNTH
KO,2025-08-08,44.0296,USD,SYNTH
KO,2025-08-11,45.1474,USD,SYNTH
KO,2025-08-12,45.9306,USD,SYNTH
KO,2025-08-13,47.4938,USD,SYNTH
KO,2025-08-14,47.9832,USD,SYNTH
KO,2025-08-15,47.7241,USD,SYNTH
KO,2025-08-18,47.2890,USD,SYNTH
KO,2025-08-19,46.7320,USD,SYNTH
KO,2025-08-20,47.4504,USD,SYNTH
KO,2025-08-21,46.2000,USD,SYNTH
KO,2025-08-22,45.0310,USD,SYNTH
KO,2025-08-25,46.2867,USD,SYNTH
KO,2025-08-26,47.1445,USD,SYNTH
KO,2025-08-27,47.5102,USD,SYNTH
KO,2025-08-28,48.3141,USD,SYNTH
KO,2025-08-29,49.0020,USD,SYNTH
KO,2025-09-01,48.8519,USD,SYNTH
KO,2025-09-02,47.5751,USD,SYNTH
KO,2025-09-03,48.6882,USD,SYNTH
KO,2025-09-04,49.0938,USD,SYNTH
KO,2025-09-05,47.8924,USD,SYNTH
KO,2025-09-08,48.0294,USD,SYNTH
KO,2025-09-09,47.6386,USD,SYNTH
KO,2025-09-10,47.5540,USD,SYNTH
KO,2025-09-11,47.2875,USD,SYNTH
KO,2025-09-12,47.7709,USD,SYNTH
KO,2025-09-15,47.6060,USD,SYNTH
KO,2025-09-16,46.6306,USD,SYNTH
KO,2025-09-17,47.2095,USD,SYNTH
KO,2025-09-18,47.6364,USD,SYNTH
KO,2025-09-19,46.4282,USD,SYNTH
KO,2025-09-22,46.7840,USD,SYNTH
KO,2025-09-23,47.5455,USD,SYNTH
KO,2025-09-24,47.4293,USD,SYNTH
KO,2025-09-25,47.6038,USD,SYNTH
KO,2025-09-26,46.9631,USD,SYNTH
KO,2025-09-29,45.4978,USD,SYNTH
KO,2025-09-30,45.9388,USD,SYNTH
KO,2025-10-01,45.8799,USD,SYNTH
KO,2025-10-02,46.2485,USD,SYNTH
KO,2025-10-03,46.0669,USD,SYNTH
KO,2025-10-06,45.8648,USD,SYNTH
KO,2025-10-07,46.0126,USD,SYNTH
KO,2025-10-08,45.9739,USD,SYNTH
KO,2025-10-09,46.7046,USD,SYNTH
KO,2025-10-10,46.3622,USD,SYNTH
KO,2025-10-13,45.1708,USD,SYNTH
KO,2025-10-14,45.3015,USD,SYNTH
KO,2025-10-15,44.2524,USD,SYNTH
KO,2025-10-16,42.2473,USD,SYNTH
KO,2025-10-17,41.4259,USD,SYNTH
KO,2025-10-20,41.1113,USD,SYNTH
KO,2025-10-21,40.5346,USD,SYNTH
KO,2025-10-22,39.4256,USD,SYNTH
KO,2025-10-23,39.2780,USD,SYNTH
KO,2025-10-24,40.1498,USD,SYNTH
KO,2025-10-27,40.7613,USD,SYNTH
KO,2025-10-28,40.7796,USD,SYNTH
KO,2025-10-29,41.4679,USD,SYNTH
KO,2025-10-30,41.1516,USD,SYNTH
KO,2025-10-31,40.5107,USD,SYNTH
KO,2025-11-03,41.0176,USD,SYNTH
KO,2025-11-04,40.2298,USD,SYNTH
KO,2025-11-05,40.4838,USD,SYNTH
KO,2025-11-06,40.4772,USD,SYNTH
KO,2025-11-07,40.2251,USD,SYNTH
KO,2025-11-10,39.9055,USD,SYNTH
KO,2025-11-11,40.7343,USD,SYNTH
KO,2025-11-12,39.5812,USD,SYNTH
KO,2025-11-13,39.7847,USD,SYNTH
KO,2025-11-14,39.5900,USD,SYNTH
KO,2025-11-17,39.0735,USD,SYNTH
KO,2025-11-18,39.1126,USD,SYNTH
KO,2025-11-19,39.3467,USD,SYNTH
KO,2025-11-20,39.3160,USD,SYNTH
KO,2025-11-21,39.5012,USD,SYNTH
KO,2025-11-24,40.5191,USD,SYNTH
KO,2025-11-25,40.0930,USD,SYNTH
KO,2025-11-26,40.4066,USD,SYNTH
KO,2025-11-27,39.1542,USD,SYNTH
KO,2025-11-28,39.4880,USD,SYNTH
KO,2025-12-01,38.1729,USD,SYNTH
KO,2025-12-02,38.6181,USD,SYNTH
KO,2025-12-03,38.2994,USD,SYNTH
KO,2025-12-04,38.4241,USD,SYNTH
KO,2025-12-05,37.4289,USD,SYNTH
KO,2025-12-08,37.4563,USD,SYNTH
KO,2025-12-09,38.0231,USD,SYNTH
KO,2025-12-10,38.4588,USD,SYNTH
KO,2025-12-11,38.4584,USD,SYNTH
KO,2025-12-12,38.4654,USD,SYNTH
KO,2025-12-15,39.2701,USD,SYNTH
KO,2025-12-16,39.8021,USD,SYNTH
KO,2025-12-17,39.3664,USD,SYNTH
KO,2025-12-18,38.9674,USD,SYNTH
KO,2025-12-19,38.5022,USD,SYNTH
KO,2025-12-22,38.4890,USD,SYNTH
KO,2025-12-23,37.6965,USD,SYNTH
KO,2025-12-24,36.2432,USD,SYNTH
KO,2025-12-25,36.1117,USD,SYNTH
KO,2025-12-26,36.2869,USD,SYNTH
KO,2025-12-29,36.4196,USD,SYNTH
KO,2025-12-30,37.1417,USD,SYNTH
KO,2025-12-31,36.2888,USD,SYNTH
KO,2026-01-01,35.9645,USD,SYNTH
KO,2026-01-02,35.0415,USD,SYNTH
KO,2026-01-05,35.2071,USD,SYNTH
KO,2026-01-06,35.1513,USD,SYNTH
KO,2026-01-07,34.8577,USD,SYNTH
KO,2026-01-08,34.8941,USD,SYNTH
KO,2026-01-09,34.4606,USD,SYNTH
KO,2026-01-12,33.8370,USD,SYNTH
KO,2026-01-13,34.8098,USD,SYNTH
KO,2026-01-14,35.3280,USD,SYNTH
KO,2026-01-15,35.2214,USD,SYNTH
KO,2026-01-16,34.2548,USD,SYNTH
KO,2026-01-19,34.1329,USD,SYNTH
KO,2026-01-20,34.4960,USD,SYNTH
KO,2026-01-21,34.6118,USD,SYNTH
KO,2026-01-22,35.2509,USD,SYNTH
KO,2026-01-23,36.0399,USD,SYNTH
KO,2026-01-26,35.9959,USD,SYNTH
KO,2026-01-27,35.7034,USD,SYNTH
KO,2026-01-28,35.3964,USD,SYNTH
KO,2026-01-29,35.1436,USD,SYNTH
KO,2026-01-30,35.7263,USD,SYNTH
KO,2026-02-02,35.4643,USD,SYNTH
KO,2026-02-03,34.4020,USD,SYNTH
KO,2026-02-04,34.7002,USD,SYNTH
KO,2026-02-05,34.6488,USD,SYNTH
KO,2026-02-06,34.3679,USD,SYNTH
KO,2026-02-09,33.1635,USD,SYNTH
KO,2026-02-10,33.8719,USD,SYNTH
KO,2026-02-11,34.3066,USD,SYNTH
KO,2026-02-12,33.6149,USD,SYNTH
KO,2026-02-13,33.7168,USD,SYNTH
KO,2026-02-16,33.0692,USD,SYNTH
KO,2026-02-17,32.2692,USD,SYNTH
KO,2026-02-18,31.0599,USD,SYNTH
KO,2026-02-19,31.5049,USD,SYNTH
KO,2026-02-20,32.0133,USD,SYNTH
KO,2026-02-23,31.8444,USD,SYNTH
KO,2026-02-24,31.8197,USD,SYNTH
KO,2026-02-25,32.8343,USD,SYNTH
KO,2026-02-26,32.3977,USD,SYNTH
KO,2026-02-27,31.7166,USD,SYNTH
KO,2026-03-02,31.7989,USD,SYNTH
KO,2026-03-03,32.1230,USD,SYNTH
KO,2026-03-04,31.9609,USD,SYNTH
KO,2026-03-05,31.1501,USD,SYNTH
KO,2026-03-06,30.7293,USD,SYNTH
KO,2026-03-09,31.1174,USD,SYNTH
KO,2026-03-10,31.5271,USD,SYNTH
KO,2026-03-11,30.5884,USD,SYNTH
KO,2026-03-12,29.9244,USD,SYNTH
KO,2026-03-13,29.4028,USD,SYNTH
KO,2026-03-16,29.3981,USD,SYNTH
KO,2026-03-17,30.5747,USD,SYNTH
KO,2026-03-18,30.4266,USD,SYNTH
KO,2026-03-19,30.4697,USD,SYNTH
KO,2026-03-20,30.0417,USD,SYNTH
KO,2026-03-23,31.4487,USD,SYNTH
KO,2026-03-24,31.1174,USD,SYNTH
KO,2026-03-25,30.8401,USD,SYNTH
KO,2026-03-26,30.9361,USD,SYNTH
KO,2026-03-27,30.2079,USD,SYNTH
KO,2026-03-30,30.6567,USD,SYNTH
KO,2026-03-31,30.6613,USD,SYNTH
KO,2026-04-01,30.2054,USD,SYNTH
KO,2026-04-02,29.8905,USD,SYNTH
KO,2026-04-03,28.8804,USD,SYNTH
KO,2026-04-06,28.6003,USD,SYNTH
KO,2026-04-07,27.4379,USD,SYNTH
KO,2026-04-08,27.2237,USD,SYNTH
KO,2026-04-09,26.9890,USD,SYNTH
KO,2026-04-10,26.7109,USD,SYNTH
KO,2026-04-13,26.4387,USD,SYNTH
KO,2026-04-14,26.0460,USD,SYNTH
KO,2026-04-15,26.6323,USD,SYNTH
KO,2026-04-16,27.3303,USD,SYNTH
KO,2026-04-17,27.2550,USD,SYNTH
KO,2026-04-20,27.8243,USD,SYNTH
KO,2026-04-21,27.6791,USD,SYNTH
KO,2026-04-22,27.5368,USD,SYNTH
KO,2026-04-23,27.1342,USD,SYNTH
KO,2026-04-24,27.4830,USD,SYNTH
KO,2026-04-27,27.7970,USD,SYNTH
KO,2026-04-28,27.1597,USD,SYNTH
KO,2026-04-29,27.2460,USD,SYNTH
KO,2026-04-30,27.0006,USD,SYNTH
KO,2026-05-01,26.5704,USD,SYNTH
KO,2026-05-04,26.5661,USD,SYNTH
KO,2026-05-05,25.6565,USD,SYNTH
KO,2026-05-06,25.4638,USD,SYNTH
KO,2026-05-07,26.3375,USD,SYNTH
KO,2026-05-08,26.5519,USD,SYNTH
KO,2026-05-11,26.0171,USD,SYNTH
KO,2026-05-12,26.2841,USD,SYNTH
KO,2026-05-13,26.3339,USD,SYNTH
KO,2026-05-14,26.1897,USD,SYNTH
KO,2026-05-15,25.9215,USD,SYNTH
KO,2026-05-18,25.9296,USD,SYNTH
KO,2026-05-19,25.6608,USD,SYNTH
KO,2026-05-20,25.5885,USD,SYNTH
KO,2026-05-21,25.9368,USD,SYNTH
KO,2026-05-22,26.3254,USD,SYNTH
PEP,2025-05-01,101.1841,USD,SYNTH
PEP,2025-05-02,100.3613,USD,SYNTH
PEP,2025-05-05,103.2943,USD,SYNTH
PEP,2025-05-06,106.6656,USD,SYNTH
PEP,2025-05-07,107.4076,USD,SYNTH
PEP,2025-05-08,110.5516,USD,SYNTH
PEP,2025-05-09,112.9890,USD,SYNTH
PEP,2025-05-12,112.7545,USD,SYNTH
PEP,2025-05-13,108.7367,USD,SYNTH
PEP,2025-05-14,108.6496,USD,SYNTH
PEP,2025-05-15,106.1746,USD,SYNTH
PEP,2025-05-16,106.4671,USD,SYNTH
PEP,2025-05-19,109.8454,USD,SYNTH
PEP,2025-05-20,110.3701,USD,SYNTH
PEP,2025-05-21,108.8434,USD,SYNTH
PEP,2025-05-22,106.5851,USD,SYNTH
PEP,2025-05-23,102.8511,USD,SYNTH
PEP,2025-05-26,99.3533,USD,SYNTH
PEP,2025-05-27,102.2923,USD,SYNTH
PEP,2025-05-28,103.8991,USD,SYNTH
PEP,2025-05-29,103.6852,USD,SYNTH
PEP,2025-05-30,103.4308,USD,SYNTH
PEP,2025-06-02,103.3651,USD,SYNTH
PEP,2025-06-03,103.3742,USD,SYNTH
PEP,2025-06-04,105.9956,USD,SYNTH
PEP,2025-06-05,106.7717,USD,SYNTH
PEP,2025-06-06,102.9937,USD,SYNTH
PEP,2025-06-09,104.9910,USD,SYNTH
PEP,2025-06-10,101.3754,USD,SYNTH
PEP,2025-06-11,100.6647,USD,SYNTH
PEP,2025-06-12,98.1834,USD,SYNTH
PEP,2025-06-13,98.2841,USD,SYNTH
PEP,2025-06-16,96.0896,USD,SYNTH
PEP,2025-06-17,93.7354,USD,SYNTH
PEP,2025-06-18,91.9978,USD,SYNTH
PEP,2025-06-19,93.3730,USD,SYNTH
PEP,2025-06-20,93.0889,USD,SYNTH
PEP,2025-06-23,94.2347,USD,SYNTH
PEP,2025-06-24,96.5704,USD,SYNTH
PEP,2025-06-25,97.0136,USD,SYNTH
PEP,2025-06-26,98.0383,USD,SYNTH
PEP,2025-06-27,96.3569,USD,SYNTH
PEP,2025-06-30,96.2391,USD,SYNTH
PEP,2025-07-01,94.2778,USD,SYNTH
PEP,2025-07-02,95.2459,USD,SYNTH
PEP,2025-07-03,96.8282,USD,SYNTH
PEP,2025-07-04,98.5406,USD,SYNTH
PEP,2025-07-07,98.5201,USD,SYNTH
PEP,2025-07-08,100.1376,USD,SYNTH
PEP,2025-07-09,99.9057,USD,SYNTH
PEP,2025-07-10,98.9259,USD,SYNTH
PEP,2025-07-11,99.8496,USD,SYNTH
PEP,2025-07-14,101.1843,USD,SYNTH
PEP,2025-07-15,105.2282,USD,SYNTH
PEP,2025-07-16,106.6409,USD,SYNTH
PEP,2025-07-17,104.5596,USD,SYNTH
PEP,2025-07-18,102.7501,USD,SYNTH
PEP,2025-07-21,100.3734,USD,SYNTH
PEP,2025-07-22,100.5433,USD,SYNTH
PEP,2025-07-23,98.5833,USD,SYNTH
PEP,2025-07-24,101.0303,USD,SYNTH
PEP,2025-07-25,100.5305,USD,SYNTH
PEP,2025-07-28,101.7219,USD,SYNTH
PEP,2025-07-29,102.0302,USD,SYNTH
PEP,2025-07-30,102.6922,USD,SYNTH
PEP,2025-07-31,100.8071,USD,SYNTH
PEP,2025-08-01,100.7766,USD,SYNTH
PEP,2025-08-04,100.0316,USD,SYNTH
PEP,2025-08-05,99.8792,USD,SYNTH
PEP,2025-08-06,100.1333,USD,SYNTH
PEP,2025-08-07,101.3917,USD,SYNTH
PEP,2025-08-08,100.5724,USD,SYNTH
PEP,2025-08-11,102.0936,USD,SYNTH
PEP,2025-08-12,102.7292,USD,SYNTH
PEP,2025-08-13,105.7903,USD,SYNTH
PEP,2025-08-14,99.5141,USD,SYNTH
PEP,2025-08-15,98.3928,USD,SYNTH
PEP,2025-08-18,100.6513,USD,SYNTH
PEP,2025-08-19,96.1137,USD,SYNTH
PEP,2025-08-20,98.7110,USD,SYNTH
PEP,2025-08-21,98.8867,USD,SYNTH
PEP,2025-08-22,95.2813,USD,SYNTH
PEP,2025-08-25,96.5543,USD,SYNTH
PEP,2025-08-26,94.7539,USD,SYNTH
PEP,2025-08-27,93.2255,USD,SYNTH
PEP,2025-08-28,95.7112,USD,SYNTH
PEP,2025-08-29,95.0734,USD,SYNTH
PEP,2025-09-01,93.4602,USD,SYNTH
PEP,2025-09-02,96.8661,USD,SYNTH
PEP,2025-09-03,98.5151,USD,SYNTH
PEP,2025-09-04,97.9514,USD,SYNTH
PEP,2025-09-05,96.5888,USD,SYNTH
PEP,2025-09-08,96.2632,USD,SYNTH
PEP,2025-09-09,99.0251,USD,SYNTH
PEP,2025-09-10,97.3036,USD,SYNTH
PEP,2025-09-11,95.1016,USD,SYNTH
PEP,2025-09-12,97.3119,USD,SYNTH
PEP,2025-09-15,96.8470,USD,SYNTH
PEP,2025-09-16,97.0511,USD,SYNTH
PEP,2025-09-17,97.9972,USD,SYNTH
PEP,2025-09-18,97.3385,USD,SYNTH
PEP,2025-09-19,93.1205,USD,SYNTH
PEP,2025-09-22,92.7928,USD,SYNTH
PEP,2025-09-23,94.8935,USD,SYNTH
PEP,2025-09-24,98.6327,USD,SYNTH
PEP,2025-09-25,98.4530,USD,SYNTH
PEP,2025-09-26,98.4318,USD,SYNTH
PEP,2025-09-29,100.8806,USD,SYNTH
PEP,2025-09-30,101.9925,USD,SYNTH
PEP,2025-10-01,102.5655,USD,SYNTH
PEP,2025-10-02,98.9424,USD,SYNTH
PEP,2025-10-03,98.2306,USD,SYNTH
PEP,2025-10-06,98.6398,USD,SYNTH
PEP,2025-10-07,95.9812,USD,SYNTH
PEP,2025-10-08,95.3776,USD,SYNTH
PEP,2025-10-09,98.3393,USD,SYNTH
PEP,2025-10-10,97.9137,USD,SYNTH
PEP,2025-10-13,95.4151,USD,SYNTH
PEP,2025-10-14,92.2026,USD,SYNTH
PEP,2025-10-15,92.2116,USD,SYNTH
PEP,2025-10-16,91.2803,USD,SYNTH
PEP,2025-10-17,89.8807,USD,SYNTH
PEP,2025-10-20,90.2757,USD,SYNTH
PEP,2025-10-21,90.7656,USD,SYNTH
PEP,2025-10-22,91.0781,USD,SYNTH
PEP,2025-10-23,91.6800,USD,SYNTH
PEP,2025-10-24,89.6794,USD,SYNTH
PEP,2025-10-27,88.6723,USD,SYNTH
PEP,2025-10-28,88.1784,USD,SYNTH
PEP,2025-10-29,88.1194,USD,SYNTH
PEP,2025-10-30,89.7154,USD,SYNTH
PEP,2025-10-31,88.5664,USD,SYNTH
PEP,2025-11-03,87.3534,USD,SYNTH
PEP,2025-11-04,89.7183,USD,SYNTH
PEP,2025-11-05,90.0011,USD,SYNTH
PEP,2025-11-06,87.7632,USD,SYNTH
PEP,2025-11-07,87.2983,USD,SYNTH
PEP,2025-11-10,85.3820,USD,SYNTH
PEP,2025-11-11,83.6602,USD,SYNTH
PEP,2025-11-12,81.6761,USD,SYNTH
PEP,2025-11-13,80.5304,USD,SYNTH
PEP,2025-11-14,83.5402,USD,SYNTH
PEP,2025-11-17,85.0847,USD,SYNTH
PEP,2025-11-18,87.2263,USD,SYNTH
PEP,2025-11-19,88.9601,USD,SYNTH
PEP,2025-11-20,88.7708,USD,SYNTH
PEP,2025-11-21,89.4421,USD,SYNTH
PEP,2025-11-24,89.6345,USD,SYNTH
PEP,2025-11-25,87.9381,USD,SYNTH
PEP,2025-11-26,86.1245,USD,SYNTH
PEP,2025-11-27,87.5461,USD,SYNTH
PEP,2025-11-28,85.6524,USD,SYNTH
PEP,2025-12-01,85.9878,USD,SYNTH
PEP,2025-12-02,87.0229,USD,SYNTH
PEP,2025-12-03,88.2281,USD,SYNTH
PEP,2025-12-04,88.8410,USD,SYNTH
PEP,2025-12-05,86.9476,USD,SYNTH
PEP,2025-12-08,87.8194,USD,SYNTH
PEP,2025-12-09,87.6272,USD,SYNTH
PEP,2025-12-10,86.1116,USD,SYNTH
PEP,2025-12-11,83.0548,USD,SYNTH
PEP,2025-12-12,83.7543,USD,SYNTH
PEP,2025-12-15,81.4390,USD,SYNTH
PEP,2025-12-16,78.9607,USD,SYNTH
PEP,2025-12-17,81.4687,USD,SYNTH
PEP,2025-12-18,79.7314,USD,SYNTH
PEP,2025-12-19,79.1525,USD,SYNTH
PEP,2025-12-22,79.2786,USD,SYNTH
PEP,2025-12-23,79.4026,USD,SYNTH
PEP,2025-12-24,77.9695,USD,SYNTH
PEP,2025-12-25,76.9988,USD,SYNTH
PEP,2025-12-26,78.1385,USD,SYNTH
PEP,2025-12-29,77.7699,USD,SYNTH
PEP,2025-12-30,77.7608,USD,SYNTH
PEP,2025-12-31,74.7572,USD,SYNTH
PEP,2026-01-01,74.0076,USD,SYNTH
PEP,2026-01-02,75.1720,USD,SYNTH
PEP,2026-01-05,74.2079,USD,SYNTH
PEP,2026-01-06,72.9591,USD,SYNTH
PEP,2026-01-07,73.4734,USD,SYNTH
PEP,2026-01-08,74.2871,USD,SYNTH
PEP,2026-01-09,74.7557,USD,SYNTH
PEP,2026-01-12,74.0160,USD,SYNTH
PEP,2026-01-13,75.0369,USD,SYNTH
PEP,2026-01-14,77.2596,USD,SYNTH
PEP,2026-01-15,78.9099,USD,SYNTH
PEP,2026-01-16,76.7130,USD,SYNTH
PEP,2026-01-19,80.7812,USD,SYNTH
PEP,2026-01-20,78.8779,USD,SYNTH
PEP,2026-01-21,77.1610,USD,SYNTH
PEP,2026-01-22,77.6069,USD,SYNTH
PEP,2026-01-23,77.4984,USD,SYNTH
PEP,2026-01-26,78.0257,USD,SYNTH
PEP,2026-01-27,79.8913,USD,SYNTH
PEP,2026-01-28,81.2534,USD,SYNTH
PEP,2026-01-29,79.9710,USD,SYNTH
PEP,2026-01-30,80.0987,USD,SYNTH
PEP,2026-02-02,81.5807,USD,SYNTH
PEP,2026-02-03,83.1513,USD,SYNTH
PEP,2026-02-04,84.8592,USD,SYNTH
PEP,2026-02-05,86.1333,USD,SYNTH
PEP,2026-02-06,87.2567,USD,SYNTH
PEP,2026-02-09,86.4763,USD,SYNTH
PEP,2026-02-10,84.4504,USD,SYNTH
PEP,2026-02-11,85.1179,USD,SYNTH
PEP,2026-02-12,84.4478,USD,SYNTH
PEP,2026-02-13,86.3648,USD,SYNTH
PEP,2026-02-16,85.0343,USD,SYNTH
PEP,2026-02-17,84.4763,USD,SYNTH
PEP,2026-02-18,83.8507,USD,SYNTH
PEP,2026-02-19,85.3354,USD,SYNTH
PEP,2026-02-20,86.5152,USD,SYNTH
PEP,2026-02-23,86.5767,USD,SYNTH
PEP,2026-02-24,87.0577,USD,SYNTH
PEP,2026-02-25,89.6143,USD,SYNTH
PEP,2026-02-26,86.7979,USD,SYNTH
PEP,2026-02-27,87.9926,USD,SYNTH
PEP,2026-03-02,89.7295,USD,SYNTH
PEP,2026-03-03,91.7177,USD,SYNTH
PEP,2026-03-04,93.0701,USD,SYNTH
PEP,2026-03-05,91.8015,USD,SYNTH
PEP,2026-03-06,90.9383,USD,SYNTH
PEP,2026-03-09,92.0495,USD,SYNTH
PEP,2026-03-10,91.1007,USD,SYNTH
PEP,2026-03-11,90.8028,USD,SYNTH
PEP,2026-03-12,88.3698,USD,SYNTH
PEP,2026-03-13,86.4995,USD,SYNTH
PEP,2026-03-16,87.0652,USD,SYNTH
PEP,2026-03-17,86.4237,USD,SYNTH
PEP,2026-03-18,85.2693,USD,SYNTH
PEP,2026-03-19,85.0066,USD,SYNTH
PEP,2026-03-20,85.4933,USD,SYNTH
PEP,2026-03-23,85.1169,USD,SYNTH
PEP,2026-03-24,85.4068,USD,SYNTH
PEP,2026-03-25,85.5685,USD,SYNTH
PEP,2026-03-26,85.2068,USD,SYNTH
PEP,2026-03-27,85.2149,USD,SYNTH
PEP,2026-03-30,83.8796,USD,SYNTH
PEP,2026-03-31,83.1474,USD,SYNTH
PEP,2026-04-01,80.4229,USD,SYNTH
PEP,2026-04-02,78.7585,USD,SYNTH
PEP,2026-04-03,77.0993,USD,SYNTH
PEP,2026-04-06,76.5688,USD,SYNTH
PEP,2026-04-07,78.1497,USD,SYNTH
PEP,2026-04-08,78.1604,USD,SYNTH
PEP,2026-04-09,78.3955,USD,SYNTH
PEP,2026-04-10,77.0892,USD,SYNTH
PEP,2026-04-13,77.5107,USD,SYNTH
PEP,2026-04-14,79.8999,USD,SYNTH
PEP,2026-04-15,79.7984,USD,SYNTH
PEP,2026-04-16,78.6377,USD,SYNTH
PEP,2026-04-17,77.0110,USD,SYNTH
PEP,2026-04-20,77.3985,USD,SYNTH
PEP,2026-04-21,76.1104,USD,SYNTH
PEP,2026-04-22,77.1105,USD,SYNTH
PEP,2026-04-23,75.7286,USD,SYNTH
PEP,2026-04-24,73.4938,USD,SYNTH
PEP,2026-04-27,74.1508,USD,SYNTH
PEP,2026-04-28,72.4463,USD,SYNTH
PEP,2026-04-29,73.2585,USD,SYNTH
PEP,2026-04-30,74.6484,USD,SYNTH
PEP,2026-05-01,73.8743,USD,SYNTH
PEP,2026-05-04,74.1734,USD,SYNTH
PEP,2026-05-05,76.0544,USD,SYNTH
PEP,2026-05-06,75.4409,USD,SYNTH
PEP,2026-05-07,77.6341,USD,SYNTH
PEP,2026-05-08,77.1983,USD,SYNTH
PEP,2026-05-11,75.9184,USD,SYNTH
PEP,2026-05-12,76.0745,USD,SYNTH
PEP,2026-05-13,76.4056,USD,SYNTH
PEP,2026-05-14,77.9886,USD,SYNTH
PEP,2026-05-15,79.2563,USD,SYNTH
PEP,2026-05-18,79.8073,USD,SYNTH
PEP,2026-05-19,80.7738,USD,SYNTH
PEP,2026-05-20,81.0611,USD,SYNTH
PEP,2026-05-21,82.2411,USD,SYNTH
PEP,2026-05-22,81.4980,USD,SYNTH
CSCO,2025-05-01,265.2745,USD,SYNTH
CSCO,2025-05-02,266.3500,USD,SYNTH
CSCO,2025-05-05,279.3225,USD,SYNTH
CSCO,2025-05-06,283.4671,USD,SYNTH
CSCO,2025-05-07,279.9804,USD,SYNTH
CSCO,2025-05-08,287.0892,USD,SYNTH
CSCO,2025-05-09,277.5404,USD,SYNTH
CSCO,2025-05-12,276.3653,USD,SYNTH
CSCO,2025-05-13,278.4252,USD,SYNTH
CSCO,2025-05-14,275.1347,USD,SYNTH
CSCO,2025-05-15,272.2746,USD,SYNTH
CSCO,2025-05-16,271.5231,USD,SYNTH
CSCO,2025-05-19,268.9531,USD,SYNTH
CSCO,2025-05-20,265.2376,USD,SYNTH
CSCO,2025-05-21,260.1408,USD,SYNTH
CSCO,2025-05-22,252.9138,USD,SYNTH
CSCO,2025-05-23,248.5902,USD,SYNTH
CSCO,2025-05-26,248.2103,USD,SYNTH
CSCO,2025-05-27,252.7811,USD,SYNTH
CSCO,2025-05-28,249.8384,USD,SYNTH
CSCO,2025-05-29,244.4643,USD,SYNTH
CSCO,2025-05-30,251.6021,USD,SYNTH
CSCO,2025-06-02,246.5000,USD,SYNTH
CSCO,2025-06-03,246.9936,USD,SYNTH
CSCO,2025-06-04,242.9047,USD,SYNTH
CSCO,2025-06-05,239.8342,USD,SYNTH
CSCO,2025-06-06,241.5750,USD,SYNTH
CSCO,2025-06-09,243.6527,USD,SYNTH
CSCO,2025-06-10,249.3002,USD,SYNTH
CSCO,2025-06-11,252.3760,USD,SYNTH
CSCO,2025-06-12,253.1514,USD,SYNTH
CSCO,2025-06-13,256.0734,USD,SYNTH
CSCO,2025-06-16,251.4015,USD,SYNTH
CSCO,2025-06-17,256.9548,USD,SYNTH
CSCO,2025-06-18,259.4955,USD,SYNTH
CSCO,2025-06-19,261.8612,USD,SYNTH
CSCO,2025-06-20,264.7608,USD,SYNTH
CSCO,2025-06-23,257.7884,USD,SYNTH
CSCO,2025-06-24,252.6040,USD,SYNTH
CSCO,2025-06-25,253.2813,USD,SYNTH
CSCO,2025-06-26,254.0181,USD,SYNTH
CSCO,2025-06-27,256.7235,USD,SYNTH
CSCO,2025-06-30,257.2930,USD,SYNTH
CSCO,2025-07-01,256.5157,USD,SYNTH
CSCO,2025-07-02,262.4002,USD,SYNTH
CSCO,2025-07-03,264.1300,USD,SYNTH
CSCO,2025-07-04,267.7591,USD,SYNTH
CSCO,2025-07-07,273.6000,USD,SYNTH
CSCO,2025-07-08,279.9068,USD,SYNTH
CSCO,2025-07-09,281.5914,USD,SYNTH
CSCO,2025-07-10,285.3546,USD,SYNTH
CSCO,2025-07-11,286.8065,USD,SYNTH
CSCO,2025-07-14,292.4294,USD,SYNTH
CSCO,2025-07-15,304.5218,USD,SYNTH
CSCO,2025-07-16,298.8856,USD,SYNTH
CSCO,2025-07-17,294.9256,USD,SYNTH
CSCO,2025-07-18,303.4214,USD,SYNTH
CSCO,2025-07-21,304.5290,USD,SYNTH
CSCO,2025-07-22,302.2638,USD,SYNTH
CSCO,2025-07-23,298.5779,USD,SYNTH
CSCO,2025-07-24,303.7056,USD,SYNTH
CSCO,2025-07-25,306.8600,USD,SYNTH
CSCO,2025-07-28,318.0419,USD,SYNTH
CSCO,2025-07-29,317.6152,USD,SYNTH
CSCO,2025-07-30,322.8649,USD,SYNTH
CSCO,2025-07-31,332.5734,USD,SYNTH
CSCO,2025-08-01,324.0893,USD,SYNTH
CSCO,2025-08-04,318.0415,USD,SYNTH
CSCO,2025-08-05,319.6907,USD,SYNTH
CSCO,2025-08-06,316.4918,USD,SYNTH
CSCO,2025-08-07,314.1856,USD,SYNTH
CSCO,2025-08-08,310.5422,USD,SYNTH
CSCO,2025-08-11,309.8085,USD,SYNTH
CSCO,2025-08-12,304.8601,USD,SYNTH
CSCO,2025-08-13,297.9290,USD,SYNTH
CSCO,2025-08-14,300.0839,USD,SYNTH
CSCO,2025-08-15,300.8482,USD,SYNTH
CSCO,2025-08-18,306.2393,USD,SYNTH
CSCO,2025-08-19,309.2083,USD,SYNTH
CSCO,2025-08-20,311.6607,USD,SYNTH
CSCO,2025-08-21,315.9778,USD,SYNTH
CSCO,2025-08-22,310.8693,USD,SYNTH
CSCO,2025-08-25,308.1734,USD,SYNTH
CSCO,2025-08-26,309.7905,USD,SYNTH
CSCO,2025-08-27,315.0965,USD,SYNTH
CSCO,2025-08-28,318.8582,USD,SYNTH
CSCO,2025-08-29,317.7372,USD,SYNTH
CSCO,2025-09-01,316.7671,USD,SYNTH
CSCO,2025-09-02,318.2868,USD,SYNTH
CSCO,2025-09-03,311.7571,USD,SYNTH
CSCO,2025-09-04,316.6125,USD,SYNTH
CSCO,2025-09-05,321.1088,USD,SYNTH
CSCO,2025-09-08,326.5749,USD,SYNTH
CSCO,2025-09-09,332.5127,USD,SYNTH
CSCO,2025-09-10,338.5850,USD,SYNTH
CSCO,2025-09-11,327.2041,USD,SYNTH
CSCO,2025-09-12,328.6291,USD,SYNTH
CSCO,2025-09-15,320.2696,USD,SYNTH
CSCO,2025-09-16,314.8735,USD,SYNTH
CSCO,2025-09-17,314.2152,USD,SYNTH
CSCO,2025-09-18,321.0007,USD,SYNTH
CSCO,2025-09-19,323.0104,USD,SYNTH
CSCO,2025-09-22,324.4529,USD,SYNTH
CSCO,2025-09-23,334.9785,USD,SYNTH
CSCO,2025-09-24,336.5323,USD,SYNTH
CSCO,2025-09-25,330.8802,USD,SYNTH
CSCO,2025-09-26,322.6778,USD,SYNTH
CSCO,2025-09-29,317.7044,USD,SYNTH
CSCO,2025-09-30,318.4397,USD,SYNTH
CSCO,2025-10-01,309.7043,USD,SYNTH
CSCO,2025-10-02,312.2403,USD,SYNTH
CSCO,2025-10-03,314.0701,USD,SYNTH
CSCO,2025-10-06,310.0938,USD,SYNTH
CSCO,2025-10-07,310.7681,USD,SYNTH
CSCO,2025-10-08,313.7504,USD,SYNTH
CSCO,2025-10-09,310.2757,USD,SYNTH
CSCO,2025-10-10,314.4615,USD,SYNTH
CSCO,2025-10-13,310.4990,USD,SYNTH
CSCO,2025-10-14,313.8757,USD,SYNTH
CSCO,2025-10-15,322.2052,USD,SYNTH
CSCO,2025-10-16,324.1697,USD,SYNTH
CSCO,2025-10-17,316.8362,USD,SYNTH
CSCO,2025-10-20,317.4371,USD,SYNTH
CSCO,2025-10-21,317.9955,USD,SYNTH
CSCO,2025-10-22,313.1614,USD,SYNTH
CSCO,2025-10-23,306.1557,USD,SYNTH
CSCO,2025-10-24,304.1445,USD,SYNTH
CSCO,2025-10-27,308.9896,USD,SYNTH
CSCO,2025-10-28,313.6313,USD,SYNTH
CSCO,2025-10-29,320.4991,USD,SYNTH
CSCO,2025-10-30,320.3366,USD,SYNTH
CSCO,2025-10-31,331.7607,USD,SYNTH
CSCO,2025-11-03,326.8073,USD,SYNTH
CSCO,2025-11-04,329.4985,USD,SYNTH
CSCO,2025-11-05,328.1644,USD,SYNTH
CSCO,2025-11-06,337.0725,USD,SYNTH
CSCO,2025-11-07,337.3693,USD,SYNTH
CSCO,2025-11-10,331.2030,USD,SYNTH
CSCO,2025-11-11,332.7442,USD,SYNTH
CSCO,2025-11-12,326.1239,USD,SYNTH
CSCO,2025-11-13,321.1014,USD,SYNTH
CSCO,2025-11-14,326.5520,USD,SYNTH
CSCO,2025-11-17,326.5306,USD,SYNTH
CSCO,2025-11-18,331.6573,USD,SYNTH
CSCO,2025-11-19,326.5413,USD,SYNTH
CSCO,2025-11-20,334.2614,USD,SYNTH
CSCO,2025-11-21,333.3068,USD,SYNTH
CSCO,2025-11-24,321.6635,USD,SYNTH
CSCO,2025-11-25,316.5739,USD,SYNTH
CSCO,2025-11-26,308.7057,USD,SYNTH
CSCO,2025-11-27,300.6644,USD,SYNTH
CSCO,2025-11-28,303.5173,USD,SYNTH
CSCO,2025-12-01,305.6061,USD,SYNTH
CSCO,2025-12-02,308.9478,USD,SYNTH
CSCO,2025-12-03,304.9404,USD,SYNTH
CSCO,2025-12-04,307.9504,USD,SYNTH
CSCO,2025-12-05,299.9051,USD,SYNTH
CSCO,2025-12-08,297.3882,USD,SYNTH
CSCO,2025-12-09,296.6276,USD,SYNTH
CSCO,2025-12-10,293.6715,USD,SYNTH
CSCO,2025-12-11,294.2907,USD,SYNTH
CSCO,2025-12-12,294.2585,USD,SYNTH
CSCO,2025-12-15,296.8421,USD,SYNTH
CSCO,2025-12-16,298.5529,USD,SYNTH
CSCO,2025-12-17,303.7761,USD,SYNTH
CSCO,2025-12-18,301.2413,USD,SYNTH
CSCO,2025-12-19,304.8644,USD,SYNTH
CSCO,2025-12-22,306.4786,USD,SYNTH
CSCO,2025-12-23,307.9115,USD,SYNTH
CSCO,2025-12-24,308.7450,USD,SYNTH
CSCO,2025-12-25,296.8532,USD,SYNTH
CSCO,2025-12-26,307.1881,USD,SYNTH
CSCO,2025-12-29,302.2191,USD,SYNTH
CSCO,2025-12-30,297.9771,USD,SYNTH
CSCO,2025-12-31,296.3378,USD,SYNTH
CSCO,2026-01-01,289.4391,USD,SYNTH
CSCO,2026-01-02,298.6218,USD,SYNTH
CSCO,2026-01-05,295.3804,USD,SYNTH
CSCO,2026-01-06,291.8333,USD,SYNTH
CSCO,2026-01-07,287.5625,USD,SYNTH
CSCO,2026-01-08,289.9109,USD,SYNTH
CSCO,2026-01-09,297.2820,USD,SYNTH
CSCO,2026-01-12,298.8307,USD,SYNTH
CSCO,2026-01-13,294.7560,USD,SYNTH
CSCO,2026-01-14,301.8626,USD,SYNTH
CSCO,2026-01-15,303.4939,USD,SYNTH
CSCO,2026-01-16,299.6384,USD,SYNTH
CSCO,2026-01-19,299.3399,USD,SYNTH
CSCO,2026-01-20,300.1374,USD,SYNTH
CSCO,2026-01-21,301.5082,USD,SYNTH
CSCO,2026-01-22,301.6074,USD,SYNTH
CSCO,2026-01-23,301.8278,USD,SYNTH
CSCO,2026-01-26,312.0388,USD,SYNTH
CSCO,2026-01-27,328.0484,USD,SYNTH
CSCO,2026-01-28,329.1685,USD,SYNTH
CSCO,2026-01-29,323.8327,USD,SYNTH
CSCO,2026-01-30,317.8081,USD,SYNTH
CSCO,2026-02-02,322.5550,USD,SYNTH
CSCO,2026-02-03,313.2225,USD,SYNTH
CSCO,2026-02-04,312.2914,USD,SYNTH
CSCO,2026-02-05,314.6052,USD,SYNTH
CSCO,2026-02-06,315.7283,USD,SYNTH
CSCO,2026-02-09,313.5233,USD,SYNTH
CSCO,2026-02-10,323.9887,USD,SYNTH
CSCO,2026-02-11,328.7295,USD,SYNTH
CSCO,2026-02-12,326.0421,USD,SYNTH
CSCO,2026-02-13,330.7367,USD,SYNTH
CSCO,2026-02-16,329.7408,USD,SYNTH
CSCO,2026-02-17,326.7755,USD,SYNTH
CSCO,2026-02-18,324.4762,USD,SYNTH
CSCO,2026-02-19,331.4801,USD,SYNTH
CSCO,2026-02-20,328.2439,USD,SYNTH
CSCO,2026-02-23,327.9211,USD,SYNTH
CSCO,2026-02-24,334.0404,USD,SYNTH
CSCO,2026-02-25,335.9691,USD,SYNTH
CSCO,2026-02-26,337.5237,USD,SYNTH
CSCO,2026-02-27,333.5830,USD,SYNTH
CSCO,2026-03-02,347.6786,USD,SYNTH
CSCO,2026-03-03,352.9040,USD,SYNTH
CSCO,2026-03-04,337.9642,USD,SYNTH
CSCO,2026-03-05,345.9994,USD,SYNTH
CSCO,2026-03-06,338.0936,USD,SYNTH
CSCO,2026-03-09,329.8452,USD,SYNTH
CSCO,2026-03-10,325.8004,USD,SYNTH
CSCO,2026-03-11,333.2747,USD,SYNTH
CSCO,2026-03-12,331.7405,USD,SYNTH
CSCO,2026-03-13,333.0977,USD,SYNTH
CSCO,2026-03-16,323.1847,USD,SYNTH
CSCO,2026-03-17,329.5381,USD,SYNTH
CSCO,2026-03-18,328.0518,USD,SYNTH
CSCO,2026-03-19,320.5371,USD,SYNTH
CSCO,2026-03-20,322.5073,USD,SYNTH
CSCO,2026-03-23,325.4479,USD,SYNTH
CSCO,2026-03-24,326.0436,USD,SYNTH
CSCO,2026-03-25,333.7205,USD,SYNTH
CSCO,2026-03-26,337.3264,USD,SYNTH
CSCO,2026-03-27,346.5489,USD,SYNTH
CSCO,2026-03-30,346.3111,USD,SYNTH
CSCO,2026-03-31,347.0980,USD,SYNTH
CSCO,2026-04-01,352.6013,USD,SYNTH
CSCO,2026-04-02,360.0608,USD,SYNTH
CSCO,2026-04-03,358.0099,USD,SYNTH
CSCO,2026-04-06,370.2700,USD,SYNTH
CSCO,2026-04-07,371.1499,USD,SYNTH
CSCO,2026-04-08,371.2936,USD,SYNTH
CSCO,2026-04-09,374.3579,USD,SYNTH
CSCO,2026-04-10,368.7040,USD,SYNTH
CSCO,2026-04-13,357.8907,USD,SYNTH
CSCO,2026-04-14,371.2413,USD,SYNTH
CSCO,2026-04-15,378.4644,USD,SYNTH
CSCO,2026-04-16,372.2837,USD,SYNTH
CSCO,2026-04-17,373.3141,USD,SYNTH
CSCO,2026-04-20,377.6160,USD,SYNTH
CSCO,2026-04-21,374.4125,USD,SYNTH
CSCO,2026-04-22,384.1833,USD,SYNTH
CSCO,2026-04-23,380.8788,USD,SYNTH
CSCO,2026-04-24,387.7968,USD,SYNTH
CSCO,2026-04-27,383.5125,USD,SYNTH
CSCO,2026-04-28,387.1287,USD,SYNTH
CSCO,2026-04-29,398.0448,USD,SYNTH
CSCO,2026-04-30,401.5634,USD,SYNTH
CSCO,2026-05-01,398.1559,USD,SYNTH
CSCO,2026-05-04,399.8640,USD,SYNTH
CSCO,2026-05-05,405.2011,USD,SYNTH
CSCO,2026-05-06,402.2006,USD,SYNTH
CSCO,2026-05-07,399.4622,USD,SYNTH
CSCO,2026-05-08,412.2514,USD,SYNTH
CSCO,2026-05-11,422.7413,USD,SYNTH
CSCO,2026-05-12,417.8211,USD,SYNTH
CSCO,2026-05-13,408.0317,USD,SYNTH
CSCO,2026-05-14,398.7280,USD,SYNTH
CSCO,2026-05-15,390.8466,USD,SYNTH
CSCO,2026-05-18,388.9662,USD,SYNTH
CSCO,2026-05-19,388.5528,USD,SYNTH
CSCO,2026-05-20,378.9914,USD,SYNTH
CSCO,2026-05-21,380.1597,USD,SYNTH
CSCO,2026-05-22,360.4075,USD,SYNTH
PFE,2025-05-01,232.2808,USD,SYNTH
PFE,2025-05-02,239.0729,USD,SYNTH
PFE,2025-05-05,233.9156,USD,SYNTH
PFE,2025-05-06,221.8610,USD,SYNTH
PFE,2025-05-07,222.5927,USD,SYNTH
PFE,2025-05-08,225.4668,USD,SYNTH
PFE,2025-05-09,223.8769,USD,SYNTH
PFE,2025-05-12,224.8658,USD,SYNTH
PFE,2025-05-13,230.1590,USD,SYNTH
PFE,2025-05-14,237.2269,USD,SYNTH
PFE,2025-05-15,239.8516,USD,SYNTH
PFE,2025-05-16,234.5874,USD,SYNTH
PFE,2025-05-19,235.3731,USD,SYNTH
PFE,2025-05-20,231.2058,USD,SYNTH
PFE,2025-05-21,231.2104,USD,SYNTH
PFE,2025-05-22,230.2751,USD,SYNTH
PFE,2025-05-23,227.9776,USD,SYNTH
PFE,2025-05-26,234.3293,USD,SYNTH
PFE,2025-05-27,233.4393,USD,SYNTH
PFE,2025-05-28,227.2865,USD,SYNTH
PFE,2025-05-29,228.9075,USD,SYNTH
PFE,2025-05-30,231.8031,USD,SYNTH
PFE,2025-06-02,232.0857,USD,SYNTH
PFE,2025-06-03,228.9183,USD,SYNTH
PFE,2025-06-04,227.2052,USD,SYNTH
PFE,2025-06-05,224.8653,USD,SYNTH
PFE,2025-06-06,222.8901,USD,SYNTH
PFE,2025-06-09,220.1414,USD,SYNTH
PFE,2025-06-10,219.3315,USD,SYNTH
PFE,2025-06-11,214.0447,USD,SYNTH
PFE,2025-06-12,215.0596,USD,SYNTH
PFE,2025-06-13,212.0956,USD,SYNTH
PFE,2025-06-16,215.5077,USD,SYNTH
PFE,2025-06-17,217.0513,USD,SYNTH
PFE,2025-06-18,222.9994,USD,SYNTH
PFE,2025-06-19,217.5900,USD,SYNTH
PFE,2025-06-20,223.1825,USD,SYNTH
PFE,2025-06-23,222.7811,USD,SYNTH
PFE,2025-06-24,225.3298,USD,SYNTH
PFE,2025-06-25,229.0062,USD,SYNTH
PFE,2025-06-26,233.0370,USD,SYNTH
PFE,2025-06-27,233.3653,USD,SYNTH
PFE,2025-06-30,235.3447,USD,SYNTH
PFE,2025-07-01,235.0269,USD,SYNTH
PFE,2025-07-02,238.1757,USD,SYNTH
PFE,2025-07-03,234.4240,USD,SYNTH
PFE,2025-07-04,236.2014,USD,SYNTH
PFE,2025-07-07,242.8172,USD,SYNTH
PFE,2025-07-08,251.6596,USD,SYNTH
PFE,2025-07-09,256.5735,USD,SYNTH
PFE,2025-07-10,263.3994,USD,SYNTH
PFE,2025-07-11,265.9610,USD,SYNTH
PFE,2025-07-14,271.0857,USD,SYNTH
PFE,2025-07-15,280.6579,USD,SYNTH
PFE,2025-07-16,280.4680,USD,SYNTH
PFE,2025-07-17,272.5366,USD,SYNTH
PFE,2025-07-18,271.7828,USD,SYNTH
PFE,2025-07-21,272.7742,USD,SYNTH
PFE,2025-07-22,268.8106,USD,SYNTH
PFE,2025-07-23,263.0953,USD,SYNTH
PFE,2025-07-24,260.8396,USD,SYNTH
PFE,2025-07-25,255.1428,USD,SYNTH
PFE,2025-07-28,259.4108,USD,SYNTH
PFE,2025-07-29,267.4485,USD,SYNTH
PFE,2025-07-30,270.7800,USD,SYNTH
PFE,2025-07-31,264.0640,USD,SYNTH
PFE,2025-08-01,265.1275,USD,SYNTH
PFE,2025-08-04,261.1110,USD,SYNTH
PFE,2025-08-05,262.5041,USD,SYNTH
PFE,2025-08-06,258.6935,USD,SYNTH
PFE,2025-08-07,263.3477,USD,SYNTH
PFE,2025-08-08,266.7559,USD,SYNTH
PFE,2025-08-11,265.2965,USD,SYNTH
PFE,2025-08-12,267.7851,USD,SYNTH
PFE,2025-08-13,268.1701,USD,SYNTH
PFE,2025-08-14,276.5889,USD,SYNTH
PFE,2025-08-15,267.2047,USD,SYNTH
PFE,2025-08-18,269.2708,USD,SYNTH
PFE,2025-08-19,275.3763,USD,SYNTH
PFE,2025-08-20,273.6408,USD,SYNTH
PFE,2025-08-21,271.2646,USD,SYNTH
PFE,2025-08-22,272.2117,USD,SYNTH
PFE,2025-08-25,267.7868,USD,SYNTH
PFE,2025-08-26,265.2807,USD,SYNTH
PFE,2025-08-27,260.4698,USD,SYNTH
PFE,2025-08-28,259.7156,USD,SYNTH
PFE,2025-08-29,250.0138,USD,SYNTH
PFE,2025-09-01,247.3761,USD,SYNTH
PFE,2025-09-02,249.9370,USD,SYNTH
PFE,2025-09-03,248.3090,USD,SYNTH
PFE,2025-09-04,246.5425,USD,SYNTH
PFE,2025-09-05,250.6059,USD,SYNTH
PFE,2025-09-08,257.7983,USD,SYNTH
PFE,2025-09-09,254.4546,USD,SYNTH
PFE,2025-09-10,260.0498,USD,SYNTH
PFE,2025-09-11,251.9340,USD,SYNTH
PFE,2025-09-12,248.1739,USD,SYNTH
PFE,2025-09-15,250.6418,USD,SYNTH
PFE,2025-09-16,251.8795,USD,SYNTH
PFE,2025-09-17,252.4951,USD,SYNTH
PFE,2025-09-18,256.5016,USD,SYNTH
PFE,2025-09-19,255.6426,USD,SYNTH
PFE,2025-09-22,259.2280,USD,SYNTH
PFE,2025-09-23,257.0241,USD,SYNTH
PFE,2025-09-24,254.1982,USD,SYNTH
PFE,2025-09-25,245.6957,USD,SYNTH
PFE,2025-09-26,248.7606,USD,SYNTH
PFE,2025-09-29,244.9494,USD,SYNTH
PFE,2025-09-30,249.4652,USD,SYNTH
PFE,2025-10-01,254.0739,USD,SYNTH
PFE,2025-10-02,253.1340,USD,SYNTH
PFE,2025-10-03,253.6075,USD,SYNTH
PFE,2025-10-06,254.5866,USD,SYNTH
PFE,2025-10-07,253.7233,USD,SYNTH
PFE,2025-10-08,247.1380,USD,SYNTH
PFE,2025-10-09,253.6435,USD,SYNTH
PFE,2025-10-10,251.1272,USD,SYNTH
PFE,2025-10-13,253.5959,USD,SYNTH
PFE,2025-10-14,255.0019,USD,SYNTH
PFE,2025-10-15,256.4080,USD,SYNTH
PFE,2025-10-16,257.4954,USD,SYNTH
PFE,2025-10-17,261.8000,USD,SYNTH
PFE,2025-10-20,257.7754,USD,SYNTH
PFE,2025-10-21,262.4559,USD,SYNTH
PFE,2025-10-22,263.3182,USD,SYNTH
PFE,2025-10-23,263.5831,USD,SYNTH
PFE,2025-10-24,261.6927,USD,SYNTH
PFE,2025-10-27,261.5574,USD,SYNTH
PFE,2025-10-28,264.3625,USD,SYNTH
PFE,2025-10-29,258.8651,USD,SYNTH
PFE,2025-10-30,250.9256,USD,SYNTH
PFE,2025-10-31,249.7598,USD,SYNTH
PFE,2025-11-03,252.9911,USD,SYNTH
PFE,2025-11-04,251.7052,USD,SYNTH
PFE,2025-11-05,257.9931,USD,SYNTH
PFE,2025-11-06,264.0891,USD,SYNTH
PFE,2025-11-07,270.8353,USD,SYNTH
PFE,2025-11-10,277.9966,USD,SYNTH
PFE,2025-11-11,279.3987,USD,SYNTH
PFE,2025-11-12,282.3338,USD,SYNTH
PFE,2025-11-13,278.9521,USD,SYNTH
PFE,2025-11-14,265.5515,USD,SYNTH
PFE,2025-11-17,267.5689,USD,SYNTH
PFE,2025-11-18,263.9323,USD,SYNTH
PFE,2025-11-19,263.0558,USD,SYNTH
PFE,2025-11-20,251.3663,USD,SYNTH
PFE,2025-11-21,255.5027,USD,SYNTH
PFE,2025-11-24,254.6515,USD,SYNTH
PFE,2025-11-25,252.0200,USD,SYNTH
PFE,2025-11-26,246.8565,USD,SYNTH
PFE,2025-11-27,243.3198,USD,SYNTH
PFE,2025-11-28,239.6836,USD,SYNTH
PFE,2025-12-01,235.5661,USD,SYNTH
PFE,2025-12-02,229.6453,USD,SYNTH
PFE,2025-12-03,228.8469,USD,SYNTH
PFE,2025-12-04,227.5227,USD,SYNTH
PFE,2025-12-05,231.1105,USD,SYNTH
PFE,2025-12-08,223.8936,USD,SYNTH
PFE,2025-12-09,222.1640,USD,SYNTH
PFE,2025-12-10,218.6662,USD,SYNTH
PFE,2025-12-11,220.0737,USD,SYNTH
PFE,2025-12-12,219.9322,USD,SYNTH
PFE,2025-12-15,223.3593,USD,SYNTH
PFE,2025-12-16,230.8166,USD,SYNTH
PFE,2025-12-17,230.8903,USD,SYNTH
PFE,2025-12-18,233.1622,USD,SYNTH
PFE,2025-12-19,230.0860,USD,SYNTH
PFE,2025-12-22,229.6298,USD,SYNTH
PFE,2025-12-23,229.8014,USD,SYNTH
PFE,2025-12-24,238.7176,USD,SYNTH
PFE,2025-12-25,233.8926,USD,SYNTH
PFE,2025-12-26,233.3984,USD,SYNTH
PFE,2025-12-29,233.5501,USD,SYNTH
PFE,2025-12-30,230.4491,USD,SYNTH
PFE,2025-12-31,231.9802,USD,SYNTH
PFE,2026-01-01,232.1090,USD,SYNTH
PFE,2026-01-02,232.6780,USD,SYNTH
PFE,2026-01-05,229.7232,USD,SYNTH
PFE,2026-01-06,232.8296,USD,SYNTH
PFE,2026-01-07,229.0000,USD,SYNTH
PFE,2026-01-08,227.5347,USD,SYNTH
PFE,2026-01-09,231.0734,USD,SYNTH
PFE,2026-01-12,236.9570,USD,SYNTH
PFE,2026-01-13,233.8282,USD,SYNTH
PFE,2026-01-14,236.5198,USD,SYNTH
PFE,2026-01-15,236.2275,USD,SYNTH
PFE,2026-01-16,240.7375,USD,SYNTH
PFE,2026-01-19,241.2927,USD,SYNTH
PFE,2026-01-20,248.7359,USD,SYNTH
PFE,2026-01-21,255.6724,USD,SYNTH
PFE,2026-01-22,251.2701,USD,SYNTH
PFE,2026-01-23,249.8675,USD,SYNTH
PFE,2026-01-26,246.5670,USD,SYNTH
PFE,2026-01-27,246.2823,USD,SYNTH
PFE,2026-01-28,238.3001,USD,SYNTH
PFE,2026-01-29,231.1925,USD,SYNTH
PFE,2026-01-30,235.5057,USD,SYNTH
PFE,2026-02-02,237.0208,USD,SYNTH
PFE,2026-02-03,240.3065,USD,SYNTH
PFE,2026-02-04,236.4654,USD,SYNTH
PFE,2026-02-05,232.0625,USD,SYNTH
PFE,2026-02-06,231.3236,USD,SYNTH
PFE,2026-02-09,237.1509,USD,SYNTH
PFE,2026-02-10,237.5439,USD,SYNTH
PFE,2026-02-11,238.3976,USD,SYNTH
PFE,2026-02-12,243.5231,USD,SYNTH
PFE,2026-02-13,245.2605,USD,SYNTH
PFE,2026-02-16,246.1374,USD,SYNTH
PFE,2026-02-17,248.1048,USD,SYNTH
PFE,2026-02-18,247.3276,USD,SYNTH
PFE,2026-02-19,254.4064,USD,SYNTH
PFE,2026-02-20,254.0048,USD,SYNTH
PFE,2026-02-23,250.7867,USD,SYNTH
PFE,2026-02-24,253.9388,USD,SYNTH
PFE,2026-02-25,258.3422,USD,SYNTH
PFE,2026-02-26,256.2259,USD,SYNTH
PFE,2026-02-27,259.6419,USD,SYNTH
PFE,2026-03-02,264.7510,USD,SYNTH
PFE,2026-03-03,248.8577,USD,SYNTH
PFE,2026-03-04,241.2068,USD,SYNTH
PFE,2026-03-05,243.0181,USD,SYNTH
PFE,2026-03-06,239.0204,USD,SYNTH
PFE,2026-03-09,246.3478,USD,SYNTH
PFE,2026-03-10,247.8586,USD,SYNTH
PFE,2026-03-11,247.4797,USD,SYNTH
PFE,2026-03-12,247.8291,USD,SYNTH
PFE,2026-03-13,246.2088,USD,SYNTH
PFE,2026-03-16,243.4380,USD,SYNTH
PFE,2026-03-17,244.0449,USD,SYNTH
PFE,2026-03-18,248.5237,USD,SYNTH
PFE,2026-03-19,241.6776,USD,SYNTH
PFE,2026-03-20,242.7976,USD,SYNTH
PFE,2026-03-23,240.9054,USD,SYNTH
PFE,2026-03-24,241.3510,USD,SYNTH
PFE,2026-03-25,238.1574,USD,SYNTH
PFE,2026-03-26,238.8455,USD,SYNTH
PFE,2026-03-27,234.3076,USD,SYNTH
PFE,2026-03-30,234.2923,USD,SYNTH
PFE,2026-03-31,233.2648,USD,SYNTH
PFE,2026-04-01,226.3428,USD,SYNTH
PFE,2026-04-02,228.1148,USD,SYNTH
PFE,2026-04-03,216.6376,USD,SYNTH
PFE,2026-04-06,215.2376,USD,SYNTH
PFE,2026-04-07,209.5272,USD,SYNTH
PFE,2026-04-08,210.5594,USD,SYNTH
PFE,2026-04-09,209.3489,USD,SYNTH
PFE,2026-04-10,212.4902,USD,SYNTH
PFE,2026-04-13,211.7809,USD,SYNTH
PFE,2026-04-14,211.0326,USD,SYNTH
PFE,2026-04-15,215.3526,USD,SYNTH
PFE,2026-04-16,213.6154,USD,SYNTH
PFE,2026-04-17,213.5654,USD,SYNTH
PFE,2026-04-20,219.1122,USD,SYNTH
PFE,2026-04-21,221.7885,USD,SYNTH
PFE,2026-04-22,229.7711,USD,SYNTH
PFE,2026-04-23,231.7387,USD,SYNTH
PFE,2026-04-24,229.5989,USD,SYNTH
PFE,2026-04-27,234.1066,USD,SYNTH
PFE,2026-04-28,238.0635,USD,SYNTH
PFE,2026-04-29,236.9645,USD,SYNTH
PFE,2026-04-30,239.3394,USD,SYNTH
PFE,2026-05-01,239.0561,USD,SYNTH
PFE,2026-05-04,241.2710,USD,SYNTH
PFE,2026-05-05,241.4850,USD,SYNTH
PFE,2026-05-06,240.9928,USD,SYNTH
PFE,2026-05-07,248.3908,USD,SYNTH
PFE,2026-05-08,250.5051,USD,SYNTH
PFE,2026-05-11,244.5808,USD,SYNTH
PFE,2026-05-12,245.5717,USD,SYNTH
PFE,2026-05-13,244.3230,USD,SYNTH
PFE,2026-05-14,245.7729,USD,SYNTH
PFE,2026-05-15,246.9080,USD,SYNTH
PFE,2026-05-18,248.6098,USD,SYNTH
PFE,2026-05-19,241.0841,USD,SYNTH
PFE,2026-05-20,234.3525,USD,SYNTH
PFE,2026-05-21,240.3309,USD,SYNTH
PFE,2026-05-22,240.2878,USD,SYNTH
VZ,2025-05-01,114.2836,USD,SYNTH
VZ,2025-05-02,115.4032,USD,SYNTH
VZ,2025-05-05,114.3304,USD,SYNTH
VZ,2025-05-06,110.8899,USD,SYNTH
VZ,2025-05-07,111.9450,USD,SYNTH
VZ,2025-05-08,113.0209,USD,SYNTH
VZ,2025-05-09,116.6174,USD,SYNTH
VZ,2025-05-12,116.2273,USD,SYNTH
VZ,2025-05-13,116.4214,USD,SYNTH
VZ,2025-05-14,112.6674,USD,SYNTH
VZ,2025-05-15,111.4704,USD,SYNTH
VZ,2025-05-16,111.9974,USD,SYNTH
VZ,2025-05-19,111.3238,USD,SYNTH
VZ,2025-05-20,109.6059,USD,SYNTH
VZ,2025-05-21,112.4359,USD,SYNTH
VZ,2025-05-22,115.7132,USD,SYNTH
VZ,2025-05-23,113.5231,USD,SYNTH
VZ,2025-05-26,113.7593,USD,SYNTH
VZ,2025-05-27,112.9160,USD,SYNTH
VZ,2025-05-28,115.9678,USD,SYNTH
VZ,2025-05-29,116.4983,USD,SYNTH
VZ,2025-05-30,117.7857,USD,SYNTH
VZ,2025-06-02,115.8386,USD,SYNTH
VZ,2025-06-03,118.6413,USD,SYNTH
VZ,2025-06-04,118.0385,USD,SYNTH
VZ,2025-06-05,122.0320,USD,SYNTH
VZ,2025-06-06,124.4683,USD,SYNTH
VZ,2025-06-09,123.0472,USD,SYNTH
VZ,2025-06-10,124.2512,USD,SYNTH
VZ,2025-06-11,124.8329,USD,SYNTH
VZ,2025-06-12,124.3731,USD,SYNTH
VZ,2025-06-13,126.0891,USD,SYNTH
VZ,2025-06-16,126.0692,USD,SYNTH
VZ,2025-06-17,126.1708,USD,SYNTH
VZ,2025-06-18,124.7744,USD,SYNTH
VZ,2025-06-19,123.1399,USD,SYNTH
VZ,2025-06-20,123.3467,USD,SYNTH
VZ,2025-06-23,123.7804,USD,SYNTH
VZ,2025-06-24,126.2146,USD,SYNTH
VZ,2025-06-25,123.1751,USD,SYNTH
VZ,2025-06-26,123.4614,USD,SYNTH
VZ,2025-06-27,127.0406,USD,SYNTH
VZ,2025-06-30,125.5282,USD,SYNTH
VZ,2025-07-01,123.2082,USD,SYNTH
VZ,2025-07-02,121.1902,USD,SYNTH
VZ,2025-07-03,122.9531,USD,SYNTH
VZ,2025-07-04,120.1877,USD,SYNTH
VZ,2025-07-07,120.2660,USD,SYNTH
VZ,2025-07-08,118.8534,USD,SYNTH
VZ,2025-07-09,117.6579,USD,SYNTH
VZ,2025-07-10,117.0445,USD,SYNTH
VZ,2025-07-11,116.2905,USD,SYNTH
VZ,2025-07-14,115.5560,USD,SYNTH
VZ,2025-07-15,115.4784,USD,SYNTH
VZ,2025-07-16,116.0721,USD,SYNTH
VZ,2025-07-17,115.1594,USD,SYNTH
VZ,2025-07-18,116.1695,USD,SYNTH
VZ,2025-07-21,115.2015,USD,SYNTH
VZ,2025-07-22,114.2944,USD,SYNTH
VZ,2025-07-23,114.4148,USD,SYNTH
VZ,2025-07-24,110.9146,USD,SYNTH
VZ,2025-07-25,109.3088,USD,SYNTH
VZ,2025-07-28,108.0273,USD,SYNTH
VZ,2025-07-29,106.0709,USD,SYNTH
VZ,2025-07-30,105.6606,USD,SYNTH
VZ,2025-07-31,104.2978,USD,SYNTH
VZ,2025-08-01,102.6184,USD,SYNTH
VZ,2025-08-04,104.5259,USD,SYNTH
VZ,2025-08-05,108.4753,USD,SYNTH
VZ,2025-08-06,110.4486,USD,SYNTH
VZ,2025-08-07,111.0744,USD,SYNTH
VZ,2025-08-08,113.3549,USD,SYNTH
VZ,2025-08-11,114.0300,USD,SYNTH
VZ,2025-08-12,113.5291,USD,SYNTH
VZ,2025-08-13,113.7910,USD,SYNTH
VZ,2025-08-14,113.1372,USD,SYNTH
VZ,2025-08-15,108.6811,USD,SYNTH
VZ,2025-08-18,107.0678,USD,SYNTH
VZ,2025-08-19,105.5022,USD,SYNTH
VZ,2025-08-20,106.4523,USD,SYNTH
VZ,2025-08-21,105.5625,USD,SYNTH
VZ,2025-08-22,102.1744,USD,SYNTH
VZ,2025-08-25,102.1525,USD,SYNTH
VZ,2025-08-26,102.7103,USD,SYNTH
VZ,2025-08-27,104.1634,USD,SYNTH
VZ,2025-08-28,104.8776,USD,SYNTH
VZ,2025-08-29,109.4221,USD,SYNTH
VZ,2025-09-01,107.7465,USD,SYNTH
VZ,2025-09-02,110.3333,USD,SYNTH
VZ,2025-09-03,112.1956,USD,SYNTH
VZ,2025-09-04,110.9461,USD,SYNTH
VZ,2025-09-05,110.7236,USD,SYNTH
VZ,2025-09-08,109.2697,USD,SYNTH
VZ,2025-09-09,109.0588,USD,SYNTH
VZ,2025-09-10,108.2218,USD,SYNTH
VZ,2025-09-11,107.3876,USD,SYNTH
VZ,2025-09-12,107.4097,USD,SYNTH
VZ,2025-09-15,105.4393,USD,SYNTH
VZ,2025-09-16,107.6052,USD,SYNTH
VZ,2025-09-17,109.3383,USD,SYNTH
VZ,2025-09-18,108.0028,USD,SYNTH
VZ,2025-09-19,109.7123,USD,SYNTH
VZ,2025-09-22,107.6689,USD,SYNTH
VZ,2025-09-23,104.2437,USD,SYNTH
VZ,2025-09-24,104.8658,USD,SYNTH
VZ,2025-09-25,105.9289,USD,SYNTH
VZ,2025-09-26,104.5510,USD,SYNTH
VZ,2025-09-29,105.5726,USD,SYNTH
VZ,2025-09-30,109.3298,USD,SYNTH
VZ,2025-10-01,115.2907,USD,SYNTH
VZ,2025-10-02,113.5138,USD,SYNTH
VZ,2025-10-03,114.2152,USD,SYNTH
VZ,2025-10-06,111.7237,USD,SYNTH
VZ,2025-10-07,117.4514,USD,SYNTH
VZ,2025-10-08,116.5653,USD,SYNTH
VZ,2025-10-09,118.4046,USD,SYNTH
VZ,2025-10-10,118.6415,USD,SYNTH
VZ,2025-10-13,116.4197,USD,SYNTH
VZ,2025-10-14,116.0212,USD,SYNTH
VZ,2025-10-15,113.2291,USD,SYNTH
VZ,2025-10-16,111.9588,USD,SYNTH
VZ,2025-10-17,111.4520,USD,SYNTH
VZ,2025-10-20,111.9367,USD,SYNTH
VZ,2025-10-21,107.3931,USD,SYNTH
VZ,2025-10-22,107.2985,USD,SYNTH
VZ,2025-10-23,112.2615,USD,SYNTH
VZ,2025-10-24,110.3720,USD,SYNTH
VZ,2025-10-27,111.0524,USD,SYNTH
VZ,2025-10-28,110.2399,USD,SYNTH
VZ,2025-10-29,104.6728,USD,SYNTH
VZ,2025-10-30,102.8287,USD,SYNTH
VZ,2025-10-31,101.5945,USD,SYNTH
VZ,2025-11-03,103.1739,USD,SYNTH
VZ,2025-11-04,103.1397,USD,SYNTH
VZ,2025-11-05,102.7616,USD,SYNTH
VZ,2025-11-06,104.0377,USD,SYNTH
VZ,2025-11-07,104.3108,USD,SYNTH
VZ,2025-11-10,104.0324,USD,SYNTH
VZ,2025-11-11,105.3149,USD,SYNTH
VZ,2025-11-12,102.7376,USD,SYNTH
VZ,2025-11-13,102.3870,USD,SYNTH
VZ,2025-11-14,104.7275,USD,SYNTH
VZ,2025-11-17,100.7246,USD,SYNTH
VZ,2025-11-18,99.3213,USD,SYNTH
VZ,2025-11-19,99.6306,USD,SYNTH
VZ,2025-11-20,100.0714,USD,SYNTH
VZ,2025-11-21,99.4956,USD,SYNTH
VZ,2025-11-24,100.2954,USD,SYNTH
VZ,2025-11-25,98.7250,USD,SYNTH
VZ,2025-11-26,100.4951,USD,SYNTH
VZ,2025-11-27,100.8775,USD,SYNTH
VZ,2025-11-28,104.2037,USD,SYNTH
VZ,2025-12-01,105.8229,USD,SYNTH
VZ,2025-12-02,106.9054,USD,SYNTH
VZ,2025-12-03,109.6624,USD,SYNTH
VZ,2025-12-04,108.1098,USD,SYNTH
VZ,2025-12-05,107.5716,USD,SYNTH
VZ,2025-12-08,104.2150,USD,SYNTH
VZ,2025-12-09,105.8792,USD,SYNTH
VZ,2025-12-10,109.0635,USD,SYNTH
VZ,2025-12-11,108.1432,USD,SYNTH
VZ,2025-12-12,105.8063,USD,SYNTH
VZ,2025-12-15,107.9803,USD,SYNTH
VZ,2025-12-16,106.5797,USD,SYNTH
VZ,2025-12-17,105.6439,USD,SYNTH
VZ,2025-12-18,108.6031,USD,SYNTH
VZ,2025-12-19,107.9344,USD,SYNTH
VZ,2025-12-22,107.6046,USD,SYNTH
VZ,2025-12-23,110.7588,USD,SYNTH
VZ,2025-12-24,111.9701,USD,SYNTH
VZ,2025-12-25,109.8592,USD,SYNTH
VZ,2025-12-26,112.8688,USD,SYNTH
VZ,2025-12-29,109.3648,USD,SYNTH
VZ,2025-12-30,111.3810,USD,SYNTH
VZ,2025-12-31,112.3971,USD,SYNTH
VZ,2026-01-01,111.3719,USD,SYNTH
VZ,2026-01-02,109.8439,USD,SYNTH
VZ,2026-01-05,107.6774,USD,SYNTH
VZ,2026-01-06,111.0609,USD,SYNTH
VZ,2026-01-07,111.3429,USD,SYNTH
VZ,2026-01-08,110.1125,USD,SYNTH
VZ,2026-01-09,111.2830,USD,SYNTH
VZ,2026-01-12,113.7293,USD,SYNTH
VZ,2026-01-13,114.4162,USD,SYNTH
VZ,2026-01-14,115.8859,USD,SYNTH
VZ,2026-01-15,117.9107,USD,SYNTH
VZ,2026-01-16,118.0708,USD,SYNTH
VZ,2026-01-19,118.7790,USD,SYNTH
VZ,2026-01-20,118.5680,USD,SYNTH
VZ,2026-01-21,116.4857,USD,SYNTH
VZ,2026-01-22,113.8640,USD,SYNTH
VZ,2026-01-23,114.8218,USD,SYNTH
VZ,2026-01-26,113.3921,USD,SYNTH
VZ,2026-01-27,113.3831,USD,SYNTH
VZ,2026-01-28,112.9116,USD,SYNTH
VZ,2026-01-29,114.9175,USD,SYNTH
VZ,2026-01-30,115.5310,USD,SYNTH
VZ,2026-02-02,116.2030,USD,SYNTH
VZ,2026-02-03,115.6386,USD,SYNTH
VZ,2026-02-04,115.3860,USD,SYNTH
VZ,2026-02-05,114.7147,USD,SYNTH
VZ,2026-02-06,115.2645,USD,SYNTH
VZ,2026-02-09,111.7220,USD,SYNTH
VZ,2026-02-10,111.7158,USD,SYNTH
VZ,2026-02-11,112.4884,USD,SYNTH
VZ,2026-02-12,113.3184,USD,SYNTH
VZ,2026-02-13,111.1546,USD,SYNTH
VZ,2026-02-16,110.3454,USD,SYNTH
VZ,2026-02-17,109.6222,USD,SYNTH
VZ,2026-02-18,108.5896,USD,SYNTH
VZ,2026-02-19,106.2437,USD,SYNTH
VZ,2026-02-20,104.1979,USD,SYNTH
VZ,2026-02-23,104.2462,USD,SYNTH
VZ,2026-02-24,105.0008,USD,SYNTH
VZ,2026-02-25,105.3121,USD,SYNTH
VZ,2026-02-26,103.6916,USD,SYNTH
VZ,2026-02-27,104.4413,USD,SYNTH
VZ,2026-03-02,104.0989,USD,SYNTH
VZ,2026-03-03,103.2016,USD,SYNTH
VZ,2026-03-04,101.5138,USD,SYNTH
VZ,2026-03-05,100.6135,USD,SYNTH
VZ,2026-03-06,101.9422,USD,SYNTH
VZ,2026-03-09,101.6352,USD,SYNTH
VZ,2026-03-10,101.4404,USD,SYNTH
VZ,2026-03-11,99.6430,USD,SYNTH
VZ,2026-03-12,104.6777,USD,SYNTH
VZ,2026-03-13,100.4415,USD,SYNTH
VZ,2026-03-16,96.8053,USD,SYNTH
VZ,2026-03-17,95.9198,USD,SYNTH
VZ,2026-03-18,96.2929,USD,SYNTH
VZ,2026-03-19,99.3958,USD,SYNTH
VZ,2026-03-20,100.3448,USD,SYNTH
VZ,2026-03-23,100.9183,USD,SYNTH
VZ,2026-03-24,102.6191,USD,SYNTH
VZ,2026-03-25,102.8255,USD,SYNTH
VZ,2026-03-26,99.2377,USD,SYNTH
VZ,2026-03-27,99.7227,USD,SYNTH
VZ,2026-03-30,100.1427,USD,SYNTH
VZ,2026-03-31,104.0837,USD,SYNTH
VZ,2026-04-01,102.7642,USD,SYNTH
VZ,2026-04-02,105.1209,USD,SYNTH
VZ,2026-04-03,102.5787,USD,SYNTH
VZ,2026-04-06,105.4396,USD,SYNTH
VZ,2026-04-07,105.7229,USD,SYNTH
VZ,2026-04-08,107.3474,USD,SYNTH
VZ,2026-04-09,108.7396,USD,SYNTH
VZ,2026-04-10,110.0989,USD,SYNTH
VZ,2026-04-13,110.3252,USD,SYNTH
VZ,2026-04-14,109.0556,USD,SYNTH
VZ,2026-04-15,108.7749,USD,SYNTH
VZ,2026-04-16,107.3088,USD,SYNTH
VZ,2026-04-17,107.1233,USD,SYNTH
VZ,2026-04-20,104.0532,USD,SYNTH
VZ,2026-04-21,104.4070,USD,SYNTH
VZ,2026-04-22,106.2750,USD,SYNTH
VZ,2026-04-23,108.6061,USD,SYNTH
VZ,2026-04-24,111.2070,USD,SYNTH
VZ,2026-04-27,111.5456,USD,SYNTH
VZ,2026-04-28,111.2696,USD,SYNTH
VZ,2026-04-29,110.7917,USD,SYNTH
VZ,2026-04-30,111.6074,USD,SYNTH
VZ,2026-05-01,113.0815,USD,SYNTH
VZ,2026-05-04,113.8037,USD,SYNTH
VZ,2026-05-05,111.0818,USD,SYNTH
VZ,2026-05-06,113.8705,USD,SYNTH
VZ,2026-05-07,114.8834,USD,SYNTH
VZ,2026-05-08,116.9665,USD,SYNTH
VZ,2026-05-11,117.1109,USD,SYNTH
VZ,2026-05-12,116.5959,USD,SYNTH
VZ,2026-05-13,120.6972,USD,SYNTH
VZ,2026-05-14,118.4092,USD,SYNTH
VZ,2026-05-15,114.8466,USD,SYNTH
VZ,2026-05-18,119.0069,USD,SYNTH
VZ,2026-05-19,119.5575,USD,SYNTH
VZ,2026-05-20,118.6716,USD,SYNTH
VZ,2026-05-21,117.4575,USD,SYNTH
VZ,2026-05-22,113.2514,USD,SYNTH
T,2025-05-01,256.4392,USD,SYNTH
T,2025-05-02,259.7732,USD,SYNTH
T,2025-05-05,262.2358,USD,SYNTH
T,2025-05-06,266.2071,USD,SYNTH
T,2025-05-07,261.9042,USD,SYNTH
T,2025-05-08,264.1438,USD,SYNTH
T,2025-05-09,269.3851,USD,SYNTH
T,2025-05-12,258.7744,USD,SYNTH
T,2025-05-13,261.6280,USD,SYNTH
T,2025-05-14,265.2247,USD,SYNTH
T,2025-05-15,265.7888,USD,SYNTH
T,2025-05-16,261.6318,USD,SYNTH
T,2025-05-19,260.9306,USD,SYNTH
T,2025-05-20,258.8569,USD,SYNTH
T,2025-05-21,260.6252,USD,SYNTH
T,2025-05-22,258.2072,USD,SYNTH
T,2025-05-23,261.8374,USD,SYNTH
T,2025-05-26,259.4730,USD,SYNTH
T,2025-05-27,257.1229,USD,SYNTH
T,2025-05-28,262.6083,USD,SYNTH
T,2025-05-29,261.9273,USD,SYNTH
T,2025-05-30,264.5123,USD,SYNTH
T,2025-06-02,258.4144,USD,SYNTH
T,2025-06-03,265.5662,USD,SYNTH
T,2025-06-04,258.7042,USD,SYNTH
T,2025-06-05,259.2332,USD,SYNTH
T,2025-06-06,258.2632,USD,SYNTH
T,2025-06-09,254.7934,USD,SYNTH
T,2025-06-10,253.6114,USD,SYNTH
T,2025-06-11,259.3258,USD,SYNTH
T,2025-06-12,267.5208,USD,SYNTH
T,2025-06-13,266.4615,USD,SYNTH
T,2025-06-16,264.8270,USD,SYNTH
T,2025-06-17,255.9545,USD,SYNTH
T,2025-06-18,263.9331,USD,SYNTH
T,2025-06-19,258.9476,USD,SYNTH
T,2025-06-20,254.7841,USD,SYNTH
T,2025-06-23,255.3413,USD,SYNTH
T,2025-06-24,258.7917,USD,SYNTH
T,2025-06-25,265.9651,USD,SYNTH
T,2025-06-26,276.4555,USD,SYNTH
T,2025-06-27,280.2897,USD,SYNTH
T,2025-06-30,277.9513,USD,SYNTH
T,2025-07-01,274.7486,USD,SYNTH
T,2025-07-02,273.9482,USD,SYNTH
T,2025-07-03,277.9972,USD,SYNTH
T,2025-07-04,282.8588,USD,SYNTH
T,2025-07-07,286.0848,USD,SYNTH
T,2025-07-08,276.4151,USD,SYNTH
T,2025-07-09,273.6810,USD,SYNTH
T,2025-07-10,280.9392,USD,SYNTH
T,2025-07-11,278.3277,USD,SYNTH
T,2025-07-14,278.0087,USD,SYNTH
T,2025-07-15,291.7374,USD,SYNTH
T,2025-07-16,291.4367,USD,SYNTH
T,2025-07-17,298.9913,USD,SYNTH
T,2025-07-18,308.9766,USD,SYNTH
T,2025-07-21,313.2860,USD,SYNTH
T,2025-07-22,310.9274,USD,SYNTH
T,2025-07-23,298.2601,USD,SYNTH
T,2025-07-24,293.7382,USD,SYNTH
T,2025-07-25,297.2277,USD,SYNTH
T,2025-07-28,300.4840,USD,SYNTH
T,2025-07-29,306.9146,USD,SYNTH
T,2025-07-30,300.8974,USD,SYNTH
T,2025-07-31,302.0679,USD,SYNTH
T,2025-08-01,291.0116,USD,SYNTH
T,2025-08-04,286.4746,USD,SYNTH
T,2025-08-05,289.2899,USD,SYNTH
T,2025-08-06,278.0132,USD,SYNTH
T,2025-08-07,282.1836,USD,SYNTH
T,2025-08-08,291.5667,USD,SYNTH
T,2025-08-11,284.1173,USD,SYNTH
T,2025-08-12,282.8786,USD,SYNTH
T,2025-08-13,291.7136,USD,SYNTH
T,2025-08-14,294.4299,USD,SYNTH
T,2025-08-15,296.6240,USD,SYNTH
T,2025-08-18,297.2870,USD,SYNTH
T,2025-08-19,290.0355,USD,SYNTH
T,2025-08-20,289.4081,USD,SYNTH
T,2025-08-21,296.1976,USD,SYNTH
T,2025-08-22,296.7502,USD,SYNTH
T,2025-08-25,300.6941,USD,SYNTH
T,2025-08-26,298.8264,USD,SYNTH
T,2025-08-27,294.2287,USD,SYNTH
T,2025-08-28,292.0332,USD,SYNTH
T,2025-08-29,286.5854,USD,SYNTH
T,2025-09-01,279.6439,USD,SYNTH
T,2025-09-02,279.6276,USD,SYNTH
T,2025-09-03,278.5600,USD,SYNTH
T,2025-09-04,273.9283,USD,SYNTH
T,2025-09-05,277.4426,USD,SYNTH
T,2025-09-08,272.8736,USD,SYNTH
T,2025-09-09,275.0458,USD,SYNTH
T,2025-09-10,277.5957,USD,SYNTH
T,2025-09-11,286.0033,USD,SYNTH
T,2025-09-12,287.8500,USD,SYNTH
T,2025-09-15,292.0275,USD,SYNTH
T,2025-09-16,292.5078,USD,SYNTH
T,2025-09-17,285.1865,USD,SYNTH
T,2025-09-18,289.6648,USD,SYNTH
T,2025-09-19,298.5080,USD,SYNTH
T,2025-09-22,297.9297,USD,SYNTH
T,2025-09-23,309.2475,USD,SYNTH
T,2025-09-24,314.4829,USD,SYNTH
T,2025-09-25,325.9042,USD,SYNTH
T,2025-09-26,324.9390,USD,SYNTH
T,2025-09-29,319.8622,USD,SYNTH
T,2025-09-30,320.2804,USD,SYNTH
T,2025-10-01,316.1897,USD,SYNTH
T,2025-10-02,317.4141,USD,SYNTH
T,2025-10-03,316.1287,USD,SYNTH
T,2025-10-06,317.1597,USD,SYNTH
T,2025-10-07,316.7408,USD,SYNTH
T,2025-10-08,311.2812,USD,SYNTH
T,2025-10-09,308.4083,USD,SYNTH
T,2025-10-10,315.5462,USD,SYNTH
T,2025-10-13,315.2802,USD,SYNTH
T,2025-10-14,307.7655,USD,SYNTH
T,2025-10-15,296.6852,USD,SYNTH
T,2025-10-16,295.0523,USD,SYNTH
T,2025-10-17,296.6215,USD,SYNTH
T,2025-10-20,290.4091,USD,SYNTH
T,2025-10-21,281.1533,USD,SYNTH
T,2025-10-22,284.0758,USD,SYNTH
T,2025-10-23,300.4936,USD,SYNTH
T,2025-10-24,305.3003,USD,SYNTH
T,2025-10-27,299.9151,USD,SYNTH
T,2025-10-28,299.3699,USD,SYNTH
T,2025-10-29,298.8193,USD,SYNTH
T,2025-10-30,292.0684,USD,SYNTH
T,2025-10-31,284.7741,USD,SYNTH
T,2025-11-03,284.1277,USD,SYNTH
T,2025-11-04,288.2541,USD,SYNTH
T,2025-11-05,289.6526,USD,SYNTH
T,2025-11-06,286.1770,USD,SYNTH
T,2025-11-07,288.8870,USD,SYNTH
T,2025-11-10,291.6842,USD,SYNTH
T,2025-11-11,286.6123,USD,SYNTH
T,2025-11-12,280.4155,USD,SYNTH
T,2025-11-13,283.7561,USD,SYNTH
T,2025-11-14,289.6446,USD,SYNTH
T,2025-11-17,291.8452,USD,SYNTH
T,2025-11-18,298.1275,USD,SYNTH
T,2025-11-19,306.0892,USD,SYNTH
T,2025-11-20,297.7605,USD,SYNTH
T,2025-11-21,300.4151,USD,SYNTH
T,2025-11-24,307.6212,USD,SYNTH
T,2025-11-25,313.9903,USD,SYNTH
T,2025-11-26,322.1509,USD,SYNTH
T,2025-11-27,318.8404,USD,SYNTH
T,2025-11-28,322.8486,USD,SYNTH
T,2025-12-01,327.4566,USD,SYNTH
T,2025-12-02,324.0291,USD,SYNTH
T,2025-12-03,325.2384,USD,SYNTH
T,2025-12-04,317.5398,USD,SYNTH
T,2025-12-05,312.7833,USD,SYNTH
T,2025-12-08,314.7214,USD,SYNTH
T,2025-12-09,320.7720,USD,SYNTH
T,2025-12-10,320.8637,USD,SYNTH
T,2025-12-11,329.8202,USD,SYNTH
T,2025-12-12,338.7610,USD,SYNTH
T,2025-12-15,332.8696,USD,SYNTH
T,2025-12-16,332.3620,USD,SYNTH
T,2025-12-17,329.4498,USD,SYNTH
T,2025-12-18,334.4306,USD,SYNTH
T,2025-12-19,338.8541,USD,SYNTH
T,2025-12-22,334.1146,USD,SYNTH
T,2025-12-23,339.7724,USD,SYNTH
T,2025-12-24,331.7972,USD,SYNTH
T,2025-12-25,338.9313,USD,SYNTH
T,2025-12-26,324.1522,USD,SYNTH
T,2025-12-29,323.2043,USD,SYNTH
T,2025-12-30,319.1828,USD,SYNTH
T,2025-12-31,323.1620,USD,SYNTH
T,2026-01-01,324.7280,USD,SYNTH
T,2026-01-02,312.0157,USD,SYNTH
T,2026-01-05,304.5531,USD,SYNTH
T,2026-01-06,301.4258,USD,SYNTH
T,2026-01-07,307.9390,USD,SYNTH
T,2026-01-08,317.0733,USD,SYNTH
T,2026-01-09,321.0608,USD,SYNTH
T,2026-01-12,329.3805,USD,SYNTH
T,2026-01-13,325.0143,USD,SYNTH
T,2026-01-14,327.5490,USD,SYNTH
T,2026-01-15,328.3960,USD,SYNTH
T,2026-01-16,322.1116,USD,SYNTH
T,2026-01-19,320.1766,USD,SYNTH
T,2026-01-20,318.2161,USD,SYNTH
T,2026-01-21,320.9240,USD,SYNTH
T,2026-01-22,323.8820,USD,SYNTH
T,2026-01-23,320.7818,USD,SYNTH
T,2026-01-26,317.8069,USD,SYNTH
T,2026-01-27,307.0297,USD,SYNTH
T,2026-01-28,309.9145,USD,SYNTH
T,2026-01-29,309.4306,USD,SYNTH
T,2026-01-30,309.3619,USD,SYNTH
T,2026-02-02,312.4940,USD,SYNTH
T,2026-02-03,309.8014,USD,SYNTH
T,2026-02-04,304.5196,USD,SYNTH
T,2026-02-05,301.3109,USD,SYNTH
T,2026-02-06,299.5374,USD,SYNTH
T,2026-02-09,300.8007,USD,SYNTH
T,2026-02-10,297.6107,USD,SYNTH
T,2026-02-11,295.3388,USD,SYNTH
T,2026-02-12,288.3592,USD,SYNTH
T,2026-02-13,286.3301,USD,SYNTH
T,2026-02-16,277.4118,USD,SYNTH
T,2026-02-17,274.1955,USD,SYNTH
T,2026-02-18,276.9428,USD,SYNTH
T,2026-02-19,277.8803,USD,SYNTH
T,2026-02-20,277.1824,USD,SYNTH
T,2026-02-23,276.1451,USD,SYNTH
T,2026-02-24,280.7029,USD,SYNTH
T,2026-02-25,274.8329,USD,SYNTH
T,2026-02-26,277.1031,USD,SYNTH
T,2026-02-27,273.6126,USD,SYNTH
T,2026-03-02,275.0651,USD,SYNTH
T,2026-03-03,274.3946,USD,SYNTH
T,2026-03-04,271.7938,USD,SYNTH
T,2026-03-05,273.4033,USD,SYNTH
T,2026-03-06,270.3051,USD,SYNTH
T,2026-03-09,264.4847,USD,SYNTH
T,2026-03-10,262.2645,USD,SYNTH
T,2026-03-11,256.4200,USD,SYNTH
T,2026-03-12,257.1670,USD,SYNTH
T,2026-03-13,254.4301,USD,SYNTH
T,2026-03-16,248.7182,USD,SYNTH
T,2026-03-17,250.4237,USD,SYNTH
T,2026-03-18,252.3101,USD,SYNTH
T,2026-03-19,251.5477,USD,SYNTH
T,2026-03-20,250.2998,USD,SYNTH
T,2026-03-23,254.4896,USD,SYNTH
T,2026-03-24,253.3238,USD,SYNTH
T,2026-03-25,254.5765,USD,SYNTH
T,2026-03-26,249.4519,USD,SYNTH
T,2026-03-27,252.0304,USD,SYNTH
T,2026-03-30,251.4575,USD,SYNTH
T,2026-03-31,253.8786,USD,SYNTH
T,2026-04-01,252.7067,USD,SYNTH
T,2026-04-02,249.3574,USD,SYNTH
T,2026-04-03,244.0371,USD,SYNTH
T,2026-04-06,243.2041,USD,SYNTH
T,2026-04-07,241.2660,USD,SYNTH
T,2026-04-08,235.7049,USD,SYNTH
T,2026-04-09,241.0827,USD,SYNTH
T,2026-04-10,245.6058,USD,SYNTH
T,2026-04-13,236.6846,USD,SYNTH
T,2026-04-14,227.6428,USD,SYNTH
T,2026-04-15,221.4844,USD,SYNTH
T,2026-04-16,222.1749,USD,SYNTH
T,2026-04-17,232.9581,USD,SYNTH
T,2026-04-20,228.0723,USD,SYNTH
T,2026-04-21,226.8384,USD,SYNTH
T,2026-04-22,232.3488,USD,SYNTH
T,2026-04-23,230.3469,USD,SYNTH
T,2026-04-24,235.0428,USD,SYNTH
T,2026-04-27,239.0654,USD,SYNTH
T,2026-04-28,239.0114,USD,SYNTH
T,2026-04-29,242.8779,USD,SYNTH
T,2026-04-30,247.0424,USD,SYNTH
T,2026-05-01,240.8782,USD,SYNTH
T,2026-05-04,240.1935,USD,SYNTH
T,2026-05-05,237.5455,USD,SYNTH
T,2026-05-06,237.7436,USD,SYNTH
T,2026-05-07,232.6210,USD,SYNTH
T,2026-05-08,228.5184,USD,SYNTH
T,2026-05-11,228.8164,USD,SYNTH
T,2026-05-12,228.8549,USD,SYNTH
T,2026-05-13,234.6313,USD,SYNTH
T,2026-05-14,235.5904,USD,SYNTH
T,2026-05-15,241.7351,USD,SYNTH
T,2026-05-18,247.5093,USD,SYNTH
T,2026-05-19,252.6529,USD,SYNTH
T,2026-05-20,236.6532,USD,SYNTH
T,2026-05-21,233.4314,USD,SYNTH
T,2026-05-22,235.4488,USD,SYNTH
WMT,2025-05-01,321.7406,USD,SYNTH
WMT,2025-05-02,318.7799,USD,SYNTH
WMT,2025-05-05,322.7119,USD,SYNTH
WMT,2025-05-06,323.0848,USD,SYNTH
WMT,2025-05-07,321.1529,USD,SYNTH
WMT,2025-05-08,331.2642,USD,SYNTH
WMT,2025-05-09,328.8466,USD,SYNTH
WMT,2025-05-12,335.5235,USD,SYNTH
WMT,2025-05-13,335.3241,USD,SYNTH
WMT,2025-05-14,336.0232,USD,SYNTH
WMT,2025-05-15,333.9554,USD,SYNTH
WMT,2025-05-16,329.0026,USD,SYNTH
WMT,2025-05-19,327.7889,USD,SYNTH
WMT,2025-05-20,319.8295,USD,SYNTH
WMT,2025-05-21,323.4437,USD,SYNTH
WMT,2025-05-22,324.1990,USD,SYNTH
WMT,2025-05-23,321.7281,USD,SYNTH
WMT,2025-05-26,326.4252,USD,SYNTH
WMT,2025-05-27,320.3993,USD,SYNTH
WMT,2025-05-28,309.1478,USD,SYNTH
WMT,2025-05-29,311.5857,USD,SYNTH
WMT,2025-05-30,303.9537,USD,SYNTH
WMT,2025-06-02,296.4110,USD,SYNTH
WMT,2025-06-03,297.3694,USD,SYNTH
WMT,2025-06-04,302.6309,USD,SYNTH
WMT,2025-06-05,298.4805,USD,SYNTH
WMT,2025-06-06,293.7766,USD,SYNTH
WMT,2025-06-09,301.8298,USD,SYNTH
WMT,2025-06-10,294.2463,USD,SYNTH
WMT,2025-06-11,298.8257,USD,SYNTH
WMT,2025-06-12,301.2274,USD,SYNTH
WMT,2025-06-13,297.3828,USD,SYNTH
WMT,2025-06-16,296.7418,USD,SYNTH
WMT,2025-06-17,292.2375,USD,SYNTH
WMT,2025-06-18,288.8212,USD,SYNTH
WMT,2025-06-19,288.1135,USD,SYNTH
WMT,2025-06-20,284.5339,USD,SYNTH
WMT,2025-06-23,276.1810,USD,SYNTH
WMT,2025-06-24,279.8052,USD,SYNTH
WMT,2025-06-25,276.8454,USD,SYNTH
WMT,2025-06-26,280.8981,USD,SYNTH
WMT,2025-06-27,280.2039,USD,SYNTH
WMT,2025-06-30,294.4748,USD,SYNTH
WMT,2025-07-01,297.5213,USD,SYNTH
WMT,2025-07-02,290.4003,USD,SYNTH
WMT,2025-07-03,283.3149,USD,SYNTH
WMT,2025-07-04,278.8287,USD,SYNTH
WMT,2025-07-07,276.7613,USD,SYNTH
WMT,2025-07-08,268.6117,USD,SYNTH
WMT,2025-07-09,263.2480,USD,SYNTH
WMT,2025-07-10,263.3986,USD,SYNTH
WMT,2025-07-11,256.0669,USD,SYNTH
WMT,2025-07-14,255.6830,USD,SYNTH
WMT,2025-07-15,256.8320,USD,SYNTH
WMT,2025-07-16,252.2636,USD,SYNTH
WMT,2025-07-17,255.0817,USD,SYNTH
WMT,2025-07-18,255.5487,USD,SYNTH
WMT,2025-07-21,260.6546,USD,SYNTH
WMT,2025-07-22,263.8515,USD,SYNTH
WMT,2025-07-23,262.9208,USD,SYNTH
WMT,2025-07-24,262.2542,USD,SYNTH
WMT,2025-07-25,264.5129,USD,SYNTH
WMT,2025-07-28,266.3909,USD,SYNTH
WMT,2025-07-29,258.3537,USD,SYNTH
WMT,2025-07-30,262.7400,USD,SYNTH
WMT,2025-07-31,260.1658,USD,SYNTH
WMT,2025-08-01,265.5545,USD,SYNTH
WMT,2025-08-04,266.4905,USD,SYNTH
WMT,2025-08-05,263.4545,USD,SYNTH
WMT,2025-08-06,263.5324,USD,SYNTH
WMT,2025-08-07,270.4445,USD,SYNTH
WMT,2025-08-08,266.8767,USD,SYNTH
WMT,2025-08-11,258.7443,USD,SYNTH
WMT,2025-08-12,257.6311,USD,SYNTH
WMT,2025-08-13,263.5486,USD,SYNTH
WMT,2025-08-14,271.1618,USD,SYNTH
WMT,2025-08-15,276.2838,USD,SYNTH
WMT,2025-08-18,265.8224,USD,SYNTH
WMT,2025-08-19,264.7676,USD,SYNTH
WMT,2025-08-20,262.5686,USD,SYNTH
WMT,2025-08-21,261.8134,USD,SYNTH
WMT,2025-08-22,256.7319,USD,SYNTH
WMT,2025-08-25,255.5380,USD,SYNTH
WMT,2025-08-26,250.1682,USD,SYNTH
WMT,2025-08-27,260.6907,USD,SYNTH
WMT,2025-08-28,261.0501,USD,SYNTH
WMT,2025-08-29,258.6966,USD,SYNTH
WMT,2025-09-01,253.0024,USD,SYNTH
WMT,2025-09-02,257.4405,USD,SYNTH
WMT,2025-09-03,260.2216,USD,SYNTH
WMT,2025-09-04,265.7424,USD,SYNTH
WMT,2025-09-05,267.4802,USD,SYNTH
WMT,2025-09-08,265.3048,USD,SYNTH
WMT,2025-09-09,261.9083,USD,SYNTH
WMT,2025-09-10,258.3833,USD,SYNTH
WMT,2025-09-11,256.5769,USD,SYNTH
WMT,2025-09-12,259.8188,USD,SYNTH
WMT,2025-09-15,257.3170,USD,SYNTH
WMT,2025-09-16,258.7109,USD,SYNTH
WMT,2025-09-17,262.2948,USD,SYNTH
WMT,2025-09-18,260.2296,USD,SYNTH
WMT,2025-09-19,264.8911,USD,SYNTH
WMT,2025-09-22,266.9744,USD,SYNTH
WMT,2025-09-23,268.8958,USD,SYNTH
WMT,2025-09-24,268.8509,USD,SYNTH
WMT,2025-09-25,269.7708,USD,SYNTH
WMT,2025-09-26,265.6737,USD,SYNTH
WMT,2025-09-29,261.7437,USD,SYNTH
WMT,2025-09-30,263.0013,USD,SYNTH
WMT,2025-10-01,267.3142,USD,SYNTH
WMT,2025-10-02,266.2854,USD,SYNTH
WMT,2025-10-03,268.7721,USD,SYNTH
WMT,2025-10-06,267.7358,USD,SYNTH
WMT,2025-10-07,264.0435,USD,SYNTH
WMT,2025-10-08,264.1821,USD,SYNTH
WMT,2025-10-09,266.0887,USD,SYNTH
WMT,2025-10-10,262.8696,USD,SYNTH
WMT,2025-10-13,260.1379,USD,SYNTH
WMT,2025-10-14,257.8974,USD,SYNTH
WMT,2025-10-15,258.8244,USD,SYNTH
WMT,2025-10-16,252.0302,USD,SYNTH
WMT,2025-10-17,253.3503,USD,SYNTH
WMT,2025-10-20,254.6192,USD,SYNTH
WMT,2025-10-21,255.6368,USD,SYNTH
WMT,2025-10-22,253.1266,USD,SYNTH
WMT,2025-10-23,254.4781,USD,SYNTH
WMT,2025-10-24,249.5007,USD,SYNTH
WMT,2025-10-27,246.1570,USD,SYNTH
WMT,2025-10-28,249.7712,USD,SYNTH
WMT,2025-10-29,243.8728,USD,SYNTH
WMT,2025-10-30,241.1167,USD,SYNTH
WMT,2025-10-31,238.6815,USD,SYNTH
WMT,2025-11-03,241.5439,USD,SYNTH
WMT,2025-11-04,235.3552,USD,SYNTH
WMT,2025-11-05,232.9306,USD,SYNTH
WMT,2025-11-06,228.4498,USD,SYNTH
WMT,2025-11-07,235.3284,USD,SYNTH
WMT,2025-11-10,234.2283,USD,SYNTH
WMT,2025-11-11,232.1089,USD,SYNTH
WMT,2025-11-12,232.6536,USD,SYNTH
WMT,2025-11-13,236.3417,USD,SYNTH
WMT,2025-11-14,227.5939,USD,SYNTH
WMT,2025-11-17,223.2339,USD,SYNTH
WMT,2025-11-18,224.1783,USD,SYNTH
WMT,2025-11-19,221.7041,USD,SYNTH
WMT,2025-11-20,216.0144,USD,SYNTH
WMT,2025-11-21,213.3227,USD,SYNTH
WMT,2025-11-24,213.9880,USD,SYNTH
WMT,2025-11-25,215.3067,USD,SYNTH
WMT,2025-11-26,222.9676,USD,SYNTH
WMT,2025-11-27,216.4557,USD,SYNTH
WMT,2025-11-28,210.7501,USD,SYNTH
WMT,2025-12-01,206.2315,USD,SYNTH
WMT,2025-12-02,209.9050,USD,SYNTH
WMT,2025-12-03,206.5829,USD,SYNTH
WMT,2025-12-04,200.9969,USD,SYNTH
WMT,2025-12-05,203.9963,USD,SYNTH
WMT,2025-12-08,201.3399,USD,SYNTH
WMT,2025-12-09,205.4423,USD,SYNTH
WMT,2025-12-10,206.2978,USD,SYNTH
WMT,2025-12-11,203.9020,USD,SYNTH
WMT,2025-12-12,207.2437,USD,SYNTH
WMT,2025-12-15,210.3495,USD,SYNTH
WMT,2025-12-16,216.0994,USD,SYNTH
WMT,2025-12-17,214.5553,USD,SYNTH
WMT,2025-12-18,213.3896,USD,SYNTH
WMT,2025-12-19,219.1079,USD,SYNTH
WMT,2025-12-22,223.5575,USD,SYNTH
WMT,2025-12-23,224.6594,USD,SYNTH
WMT,2025-12-24,221.2895,USD,SYNTH
WMT,2025-12-25,217.1844,USD,SYNTH
WMT,2025-12-26,211.6552,USD,SYNTH
WMT,2025-12-29,207.9441,USD,SYNTH
WMT,2025-12-30,207.2325,USD,SYNTH
WMT,2025-12-31,202.8490,USD,SYNTH
WMT,2026-01-01,205.5413,USD,SYNTH
WMT,2026-01-02,196.0629,USD,SYNTH
WMT,2026-01-05,193.2940,USD,SYNTH
WMT,2026-01-06,190.9854,USD,SYNTH
WMT,2026-01-07,193.1353,USD,SYNTH
WMT,2026-01-08,195.0103,USD,SYNTH
WMT,2026-01-09,190.7486,USD,SYNTH
WMT,2026-01-12,191.5912,USD,SYNTH
WMT,2026-01-13,188.0469,USD,SYNTH
WMT,2026-01-14,189.0898,USD,SYNTH
WMT,2026-01-15,184.9948,USD,SYNTH
WMT,2026-01-16,185.4768,USD,SYNTH
WMT,2026-01-19,190.4353,USD,SYNTH
WMT,2026-01-20,197.4859,USD,SYNTH
WMT,2026-01-21,201.4081,USD,SYNTH
WMT,2026-01-22,197.7287,USD,SYNTH
WMT,2026-01-23,195.9408,USD,SYNTH
WMT,2026-01-26,192.7083,USD,SYNTH
WMT,2026-01-27,190.6496,USD,SYNTH
WMT,2026-01-28,184.7088,USD,SYNTH
WMT,2026-01-29,182.6685,USD,SYNTH
WMT,2026-01-30,186.3986,USD,SYNTH
WMT,2026-02-02,193.9512,USD,SYNTH
WMT,2026-02-03,195.5269,USD,SYNTH
WMT,2026-02-04,196.3008,USD,SYNTH
WMT,2026-02-05,198.7377,USD,SYNTH
WMT,2026-02-06,193.1432,USD,SYNTH
WMT,2026-02-09,190.2608,USD,SYNTH
WMT,2026-02-10,193.0754,USD,SYNTH
WMT,2026-02-11,192.3234,USD,SYNTH
WMT,2026-02-12,191.1068,USD,SYNTH
WMT,2026-02-13,194.1026,USD,SYNTH
WMT,2026-02-16,187.4989,USD,SYNTH
WMT,2026-02-17,191.4946,USD,SYNTH
WMT,2026-02-18,188.7528,USD,SYNTH
WMT,2026-02-19,190.7234,USD,SYNTH
WMT,2026-02-20,190.7829,USD,SYNTH
WMT,2026-02-23,193.3417,USD,SYNTH
WMT,2026-02-24,196.8532,USD,SYNTH
WMT,2026-02-25,193.3266,USD,SYNTH
WMT,2026-02-26,196.2984,USD,SYNTH
WMT,2026-02-27,198.1468,USD,SYNTH
WMT,2026-03-02,203.2903,USD,SYNTH
WMT,2026-03-03,201.4188,USD,SYNTH
WMT,2026-03-04,205.7848,USD,SYNTH
WMT,2026-03-05,208.5455,USD,SYNTH
WMT,2026-03-06,206.9485,USD,SYNTH
WMT,2026-03-09,210.7399,USD,SYNTH
WMT,2026-03-10,209.3908,USD,SYNTH
WMT,2026-03-11,212.8955,USD,SYNTH
WMT,2026-03-12,212.5748,USD,SYNTH
WMT,2026-03-13,213.0523,USD,SYNTH
WMT,2026-03-16,213.3767,USD,SYNTH
WMT,2026-03-17,217.3352,USD,SYNTH
WMT,2026-03-18,217.0612,USD,SYNTH
WMT,2026-03-19,219.3952,USD,SYNTH
WMT,2026-03-20,221.8291,USD,SYNTH
WMT,2026-03-23,218.4648,USD,SYNTH
WMT,2026-03-24,222.1638,USD,SYNTH
WMT,2026-03-25,228.1206,USD,SYNTH
WMT,2026-03-26,230.2865,USD,SYNTH
WMT,2026-03-27,232.0375,USD,SYNTH
WMT,2026-03-30,228.5494,USD,SYNTH
WMT,2026-03-31,233.9221,USD,SYNTH
WMT,2026-04-01,227.5338,USD,SYNTH
WMT,2026-04-02,228.1923,USD,SYNTH
WMT,2026-04-03,234.6268,USD,SYNTH
WMT,2026-04-06,231.7873,USD,SYNTH
WMT,2026-04-07,234.1079,USD,SYNTH
WMT,2026-04-08,231.1175,USD,SYNTH
WMT,2026-04-09,233.9262,USD,SYNTH
WMT,2026-04-10,228.0380,USD,SYNTH
WMT,2026-04-13,226.4143,USD,SYNTH
WMT,2026-04-14,223.8830,USD,SYNTH
WMT,2026-04-15,224.3593,USD,SYNTH
WMT,2026-04-16,217.5564,USD,SYNTH
WMT,2026-04-17,223.5251,USD,SYNTH
WMT,2026-04-20,224.8397,USD,SYNTH
WMT,2026-04-21,222.9288,USD,SYNTH
WMT,2026-04-22,228.9707,USD,SYNTH
WMT,2026-04-23,228.9413,USD,SYNTH
WMT,2026-04-24,230.0669,USD,SYNTH
WMT,2026-04-27,231.3298,USD,SYNTH
WMT,2026-04-28,238.0233,USD,SYNTH
WMT,2026-04-29,238.7696,USD,SYNTH
WMT,2026-04-30,234.2523,USD,SYNTH
WMT,2026-05-01,234.6997,USD,SYNTH
WMT,2026-05-04,236.5437,USD,SYNTH
WMT,2026-05-05,236.5046,USD,SYNTH
WMT,2026-05-06,233.8100,USD,SYNTH
WMT,2026-05-07,230.4788,USD,SYNTH
WMT,2026-05-08,223.5080,USD,SYNTH
WMT,2026-05-11,225.5107,USD,SYNTH
WMT,2026-05-12,222.1910,USD,SYNTH
WMT,2026-05-13,219.6879,USD,SYNTH
WMT,2026-05-14,221.7686,USD,SYNTH
WMT,2026-05-15,226.1432,USD,SYNTH
WMT,2026-05-18,221.9956,USD,SYNTH
WMT,2026-05-19,220.6585,USD,SYNTH
WMT,2026-05-20,219.1600,USD,SYNTH
WMT,2026-05-21,221.2213,USD,SYNTH
WMT,2026-05-22,217.1464,USD,SYNTH
DIS,2025-05-01,31.9463,USD,SYNTH
DIS,2025-05-02,32.1974,USD,SYNTH
DIS,2025-05-05,31.8575,USD,SYNTH
DIS,2025-05-06,31.2772,USD,SYNTH
DIS,2025-05-07,31.2803,USD,SYNTH
DIS,2025-05-08,30.7738,USD,SYNTH
DIS,2025-05-09,30.6315,USD,SYNTH
DIS,2025-05-12,31.3485,USD,SYNTH
DIS,2025-05-13,31.2582,USD,SYNTH
DIS,2025-05-14,31.1905,USD,SYNTH
DIS,2025-05-15,30.9357,USD,SYNTH
DIS,2025-05-16,30.0979,USD,SYNTH
DIS,2025-05-19,30.2029,USD,SYNTH
DIS,2025-05-20,30.7649,USD,SYNTH
DIS,2025-05-21,31.4733,USD,SYNTH
DIS,2025-05-22,33.0992,USD,SYNTH
DIS,2025-05-23,32.9331,USD,SYNTH
DIS,2025-05-26,33.0626,USD,SYNTH
DIS,2025-05-27,32.4179,USD,SYNTH
DIS,2025-05-28,33.5083,USD,SYNTH
DIS,2025-05-29,34.1164,USD,SYNTH
DIS,2025-05-30,34.7166,USD,SYNTH
DIS,2025-06-02,35.0999,USD,SYNTH
DIS,2025-06-03,35.0266,USD,SYNTH
DIS,2025-06-04,33.4370,USD,SYNTH
DIS,2025-06-05,34.1994,USD,SYNTH
DIS,2025-06-06,34.6207,USD,SYNTH
DIS,2025-06-09,34.7917,USD,SYNTH
DIS,2025-06-10,34.2845,USD,SYNTH
DIS,2025-06-11,34.8302,USD,SYNTH
DIS,2025-06-12,35.0279,USD,SYNTH
DIS,2025-06-13,35.1649,USD,SYNTH
DIS,2025-06-16,34.4748,USD,SYNTH
DIS,2025-06-17,33.7889,USD,SYNTH
DIS,2025-06-18,33.7446,USD,SYNTH
DIS,2025-06-19,33.6903,USD,SYNTH
DIS,2025-06-20,33.0696,USD,SYNTH
DIS,2025-06-23,34.1121,USD,SYNTH
DIS,2025-06-24,33.8530,USD,SYNTH
DIS,2025-06-25,33.8233,USD,SYNTH
DIS,2025-06-26,33.9918,USD,SYNTH
DIS,2025-06-27,34.9027,USD,SYNTH
DIS,2025-06-30,34.4262,USD,SYNTH
DIS,2025-07-01,34.3215,USD,SYNTH
DIS,2025-07-02,33.5444,USD,SYNTH
DIS,2025-07-03,34.1878,USD,SYNTH
DIS,2025-07-04,34.4602,USD,SYNTH
DIS,2025-07-07,34.5689,USD,SYNTH
DIS,2025-07-08,34.7562,USD,SYNTH
DIS,2025-07-09,35.9027,USD,SYNTH
DIS,2025-07-10,35.8424,USD,SYNTH
DIS,2025-07-11,35.4764,USD,SYNTH
DIS,2025-07-14,35.1174,USD,SYNTH
DIS,2025-07-15,35.7796,USD,SYNTH
DIS,2025-07-16,36.1692,USD,SYNTH
DIS,2025-07-17,36.4926,USD,SYNTH
DIS,2025-07-18,36.0776,USD,SYNTH
DIS,2025-07-21,36.4433,USD,SYNTH
DIS,2025-07-22,36.8484,USD,SYNTH
DIS,2025-07-23,36.9298,USD,SYNTH
DIS,2025-07-24,36.8533,USD,SYNTH
DIS,2025-07-25,37.1785,USD,SYNTH
DIS,2025-07-28,37.4570,USD,SYNTH
DIS,2025-07-29,37.1447,USD,SYNTH
DIS,2025-07-30,36.9471,USD,SYNTH
DIS,2025-07-31,35.8175,USD,SYNTH
DIS,2025-08-01,36.2135,USD,SYNTH
DIS,2025-08-04,36.1528,USD,SYNTH
DIS,2025-08-05,37.1720,USD,SYNTH
DIS,2025-08-06,35.9893,USD,SYNTH
DIS,2025-08-07,36.1099,USD,SYNTH
DIS,2025-08-08,36.5062,USD,SYNTH
DIS,2025-08-11,36.0581,USD,SYNTH
DIS,2025-08-12,36.3824,USD,SYNTH
DIS,2025-08-13,36.5788,USD,SYNTH
DIS,2025-08-14,36.9384,USD,SYNTH
DIS,2025-08-15,36.7943,USD,SYNTH
DIS,2025-08-18,34.7014,USD,SYNTH
DIS,2025-08-19,34.7623,USD,SYNTH
DIS,2025-08-20,34.8316,USD,SYNTH
DIS,2025-08-21,34.3836,USD,SYNTH
DIS,2025-08-22,33.5737,USD,SYNTH
DIS,2025-08-25,33.8998,USD,SYNTH
DIS,2025-08-26,34.1519,USD,SYNTH
DIS,2025-08-27,35.1330,USD,SYNTH
DIS,2025-08-28,34.6335,USD,SYNTH
DIS,2025-08-29,35.3829,USD,SYNTH
DIS,2025-09-01,35.4044,USD,SYNTH
DIS,2025-09-02,35.0988,USD,SYNTH
DIS,2025-09-03,35.4247,USD,SYNTH
DIS,2025-09-04,35.9942,USD,SYNTH
DIS,2025-09-05,35.6648,USD,SYNTH
DIS,2025-09-08,36.6836,USD,SYNTH
DIS,2025-09-09,36.7070,USD,SYNTH
DIS,2025-09-10,35.9033,USD,SYNTH
DIS,2025-09-11,35.1782,USD,SYNTH
DIS,2025-09-12,35.8675,USD,SYNTH
DIS,2025-09-15,35.5213,USD,SYNTH
DIS,2025-09-16,35.5889,USD,SYNTH
DIS,2025-09-17,35.6675,USD,SYNTH
DIS,2025-09-18,35.6060,USD,SYNTH
DIS,2025-09-19,36.2443,USD,SYNTH
DIS,2025-09-22,35.9408,USD,SYNTH
DIS,2025-09-23,35.2337,USD,SYNTH
DIS,2025-09-24,33.7847,USD,SYNTH
DIS,2025-09-25,33.7228,USD,SYNTH
DIS,2025-09-26,33.5726,USD,SYNTH
DIS,2025-09-29,34.3310,USD,SYNTH
DIS,2025-09-30,33.9062,USD,SYNTH
DIS,2025-10-01,34.5408,USD,SYNTH
DIS,2025-10-02,34.3715,USD,SYNTH
DIS,2025-10-03,35.4464,USD,SYNTH
DIS,2025-10-06,34.8357,USD,SYNTH
DIS,2025-10-07,34.5947,USD,SYNTH
DIS,2025-10-08,35.0276,USD,SYNTH
DIS,2025-10-09,35.7874,USD,SYNTH
DIS,2025-10-10,36.3418,USD,SYNTH
DIS,2025-10-13,35.4793,USD,SYNTH
DIS,2025-10-14,36.1850,USD,SYNTH
DIS,2025-10-15,36.1898,USD,SYNTH
DIS,2025-10-16,35.1401,USD,SYNTH
DIS,2025-10-17,34.7972,USD,SYNTH
DIS,2025-10-20,34.5894,USD,SYNTH
DIS,2025-10-21,34.1022,USD,SYNTH
DIS,2025-10-22,34.9140,USD,SYNTH
DIS,2025-10-23,35.2619,USD,SYNTH
DIS,2025-10-24,35.9957,USD,SYNTH
DIS,2025-10-27,35.4361,USD,SYNTH
DIS,2025-10-28,34.3815,USD,SYNTH
DIS,2025-10-29,34.6717,USD,SYNTH
DIS,2025-10-30,34.7033,USD,SYNTH
DIS,2025-10-31,35.2530,USD,SYNTH
DIS,2025-11-03,35.6824,USD,SYNTH
DIS,2025-11-04,35.7933,USD,SYNTH
DIS,2025-11-05,36.3202,USD,SYNTH
DIS,2025-11-06,36.3812,USD,SYNTH
DIS,2025-11-07,36.5265,USD,SYNTH
DIS,2025-11-10,37.8382,USD,SYNTH
DIS,2025-11-11,38.7280,USD,SYNTH
DIS,2025-11-12,38.0063,USD,SYNTH
DIS,2025-11-13,36.9354,USD,SYNTH
DIS,2025-11-14,37.8489,USD,SYNTH
DIS,2025-11-17,37.5629,USD,SYNTH
DIS,2025-11-18,37.4852,USD,SYNTH
DIS,2025-11-19,37.1671,USD,SYNTH
DIS,2025-11-20,37.3971,USD,SYNTH
DIS,2025-11-21,37.1297,USD,SYNTH
DIS,2025-11-24,36.3452,USD,SYNTH
DIS,2025-11-25,35.1884,USD,SYNTH
DIS,2025-11-26,33.6839,USD,SYNTH
DIS,2025-11-27,33.0549,USD,SYNTH
DIS,2025-11-28,33.7935,USD,SYNTH
DIS,2025-12-01,33.2332,USD,SYNTH
DIS,2025-12-02,33.2291,USD,SYNTH
DIS,2025-12-03,33.9099,USD,SYNTH
DIS,2025-12-04,34.7220,USD,SYNTH
DIS,2025-12-05,34.3843,USD,SYNTH
DIS,2025-12-08,34.8349,USD,SYNTH
DIS,2025-12-09,34.6099,USD,SYNTH
DIS,2025-12-10,33.4127,USD,SYNTH
DIS,2025-12-11,33.9985,USD,SYNTH
DIS,2025-12-12,34.0761,USD,SYNTH
DIS,2025-12-15,33.5484,USD,SYNTH
DIS,2025-12-16,33.6828,USD,SYNTH
DIS,2025-12-17,33.8952,USD,SYNTH
DIS,2025-12-18,34.0070,USD,SYNTH
DIS,2025-12-19,33.4245,USD,SYNTH
DIS,2025-12-22,33.3295,USD,SYNTH
DIS,2025-12-23,33.5228,USD,SYNTH
DIS,2025-12-24,33.9877,USD,SYNTH
DIS,2025-12-25,33.8658,USD,SYNTH
DIS,2025-12-26,33.2156,USD,SYNTH
DIS,2025-12-29,33.4793,USD,SYNTH
DIS,2025-12-30,34.2348,USD,SYNTH
DIS,2025-12-31,33.8781,USD,SYNTH
DIS,2026-01-01,34.1967,USD,SYNTH
DIS,2026-01-02,34.8522,USD,SYNTH
DIS,2026-01-05,35.5266,USD,SYNTH
DIS,2026-01-06,36.3972,USD,SYNTH
DIS,2026-01-07,36.5937,USD,SYNTH
DIS,2026-01-08,37.5319,USD,SYNTH
DIS,2026-01-09,38.4568,USD,SYNTH
DIS,2026-01-12,37.8956,USD,SYNTH
DIS,2026-01-13,38.1184,USD,SYNTH
DIS,2026-01-14,38.2912,USD,SYNTH
DIS,2026-01-15,37.8309,USD,SYNTH
DIS,2026-01-16,37.6181,USD,SYNTH
DIS,2026-01-19,36.2697,USD,SYNTH
DIS,2026-01-20,36.7443,USD,SYNTH
DIS,2026-01-21,37.3168,USD,SYNTH
DIS,2026-01-22,38.1011,USD,SYNTH
DIS,2026-01-23,39.0375,USD,SYNTH
DIS,2026-01-26,38.6241,USD,SYNTH
DIS,2026-01-27,38.5245,USD,SYNTH
DIS,2026-01-28,39.6064,USD,SYNTH
DIS,2026-01-29,40.3880,USD,SYNTH
DIS,2026-01-30,39.8639,USD,SYNTH
DIS,2026-02-02,38.1822,USD,SYNTH
DIS,2026-02-03,38.0364,USD,SYNTH
DIS,2026-02-04,37.3162,USD,SYNTH
DIS,2026-02-05,37.3695,USD,SYNTH
DIS,2026-02-06,38.0338,USD,SYNTH
DIS,2026-02-09,37.0545,USD,SYNTH
DIS,2026-02-10,37.2489,USD,SYNTH
DIS,2026-02-11,36.4449,USD,SYNTH
DIS,2026-02-12,38.0843,USD,SYNTH
DIS,2026-02-13,38.1311,USD,SYNTH
DIS,2026-02-16,38.4687,USD,SYNTH
DIS,2026-02-17,37.7573,USD,SYNTH
DIS,2026-02-18,36.3191,USD,SYNTH
DIS,2026-02-19,35.7032,USD,SYNTH
DIS,2026-02-20,35.0990,USD,SYNTH
DIS,2026-02-23,35.8504,USD,SYNTH
DIS,2026-02-24,35.1206,USD,SYNTH
DIS,2026-02-25,35.6540,USD,SYNTH
DIS,2026-02-26,35.9352,USD,SYNTH
DIS,2026-02-27,35.8738,USD,SYNTH
DIS,2026-03-02,34.2790,USD,SYNTH
DIS,2026-03-03,33.9501,USD,SYNTH
DIS,2026-03-04,34.5535,USD,SYNTH
DIS,2026-03-05,34.8981,USD,SYNTH
DIS,2026-03-06,35.0025,USD,SYNTH
DIS,2026-03-09,34.1077,USD,SYNTH
DIS,2026-03-10,34.1953,USD,SYNTH
DIS,2026-03-11,34.3617,USD,SYNTH
DIS,2026-03-12,34.0714,USD,SYNTH
DIS,2026-03-13,34.3472,USD,SYNTH
DIS,2026-03-16,33.9184,USD,SYNTH
DIS,2026-03-17,32.7028,USD,SYNTH
DIS,2026-03-18,32.3339,USD,SYNTH
DIS,2026-03-19,31.9419,USD,SYNTH
DIS,2026-03-20,32.6523,USD,SYNTH
DIS,2026-03-23,33.0850,USD,SYNTH
DIS,2026-03-24,33.0648,USD,SYNTH
DIS,2026-03-25,32.7493,USD,SYNTH
DIS,2026-03-26,33.0882,USD,SYNTH
DIS,2026-03-27,33.9880,USD,SYNTH
DIS,2026-03-30,33.4066,USD,SYNTH
DIS,2026-03-31,33.0323,USD,SYNTH
DIS,2026-04-01,33.7264,USD,SYNTH
DIS,2026-04-02,34.0285,USD,SYNTH
DIS,2026-04-03,33.7701,USD,SYNTH
DIS,2026-04-06,34.4825,USD,SYNTH
DIS,2026-04-07,34.8352,USD,SYNTH
DIS,2026-04-08,34.2545,USD,SYNTH
DIS,2026-04-09,34.4341,USD,SYNTH
DIS,2026-04-10,34.4400,USD,SYNTH
DIS,2026-04-13,35.4748,USD,SYNTH
DIS,2026-04-14,35.8733,USD,SYNTH
DIS,2026-04-15,36.1963,USD,SYNTH
DIS,2026-04-16,36.2940,USD,SYNTH
DIS,2026-04-17,36.6452,USD,SYNTH
DIS,2026-04-20,35.7399,USD,SYNTH
DIS,2026-04-21,34.8150,USD,SYNTH
DIS,2026-04-22,35.0694,USD,SYNTH
DIS,2026-04-23,35.3323,USD,SYNTH
DIS,2026-04-24,35.0863,USD,SYNTH
DIS,2026-04-27,33.8349,USD,SYNTH
DIS,2026-04-28,33.1826,USD,SYNTH
DIS,2026-04-29,33.5137,USD,SYNTH
DIS,2026-04-30,33.6004,USD,SYNTH
DIS,2026-05-01,33.2225,USD,SYNTH
DIS,2026-05-04,32.6770,USD,SYNTH
DIS,2026-05-05,32.8435,USD,SYNTH
DIS,2026-05-06,32.7642,USD,SYNTH
DIS,2026-05-07,32.6800,USD,SYNTH
DIS,2026-05-08,32.3932,USD,SYNTH
DIS,2026-05-11,32.4905,USD,SYNTH
DIS,2026-05-12,32.6656,USD,SYNTH
DIS,2026-05-13,32.3071,USD,SYNTH
DIS,2026-05-14,33.2837,USD,SYNTH
DIS,2026-05-15,32.9409,USD,SYNTH
DIS,2026-05-18,33.0494,USD,SYNTH
DIS,2026-05-19,32.1363,USD,SYNTH
DIS,2026-05-20,31.5681,USD,SYNTH
DIS,2026-05-21,32.1006,USD,SYNTH
DIS,2026-05-22,32.5300,USD,SYNTH
CRM,2025-05-01,329.5196,USD,SYNTH
CRM,2025-05-02,325.6294,USD,SYNTH
CRM,2025-05-05,327.7999,USD,SYNTH
CRM,2025-05-06,322.0394,USD,SYNTH
CRM,2025-05-07,328.3388,USD,SYNTH
CRM,2025-05-08,312.9000,USD,SYNTH
CRM,2025-05-09,310.8255,USD,SYNTH
CRM,2025-05-12,306.4583,USD,SYNTH
CRM,2025-05-13,313.6931,USD,SYNTH
CRM,2025-05-14,312.6693,USD,SYNTH
CRM,2025-05-15,319.7271,USD,SYNTH
CRM,2025-05-16,328.1428,USD,SYNTH
CRM,2025-05-19,330.9274,USD,SYNTH
CRM,2025-05-20,321.2697,USD,SYNTH
CRM,2025-05-21,317.0067,USD,SYNTH
CRM,2025-05-22,314.2535,USD,SYNTH
CRM,2025-05-23,316.6132,USD,SYNTH
CRM,2025-05-26,318.8718,USD,SYNTH
CRM,2025-05-27,311.3360,USD,SYNTH
CRM,2025-05-28,315.8262,USD,SYNTH
CRM,2025-05-29,310.1525,USD,SYNTH
CRM,2025-05-30,308.2699,USD,SYNTH
CRM,2025-06-02,309.7907,USD,SYNTH
CRM,2025-06-03,309.1599,USD,SYNTH
CRM,2025-06-04,317.9831,USD,SYNTH
CRM,2025-06-05,324.5999,USD,SYNTH
CRM,2025-06-06,316.9904,USD,SYNTH
CRM,2025-06-09,310.6623,USD,SYNTH
CRM,2025-06-10,317.1850,USD,SYNTH
CRM,2025-06-11,317.9269,USD,SYNTH
CRM,2025-06-12,321.6182,USD,SYNTH
CRM,2025-06-13,321.8599,USD,SYNTH
CRM,2025-06-16,329.0856,USD,SYNTH
CRM,2025-06-17,333.7553,USD,SYNTH
CRM,2025-06-18,338.5801,USD,SYNTH
CRM,2025-06-19,334.5575,USD,SYNTH
CRM,2025-06-20,338.3158,USD,SYNTH
CRM,2025-06-23,328.6116,USD,SYNTH
CRM,2025-06-24,327.2861,USD,SYNTH
CRM,2025-06-25,323.6408,USD,SYNTH
CRM,2025-06-26,319.2132,USD,SYNTH
CRM,2025-06-27,313.9263,USD,SYNTH
CRM,2025-06-30,302.6762,USD,SYNTH
CRM,2025-07-01,309.5141,USD,SYNTH
CRM,2025-07-02,308.4214,USD,SYNTH
CRM,2025-07-03,307.5300,USD,SYNTH
CRM,2025-07-04,310.3968,USD,SYNTH
CRM,2025-07-07,316.4412,USD,SYNTH
CRM,2025-07-08,324.1507,USD,SYNTH
CRM,2025-07-09,321.7297,USD,SYNTH
CRM,2025-07-10,322.9148,USD,SYNTH
CRM,2025-07-11,317.7494,USD,SYNTH
CRM,2025-07-14,322.0360,USD,SYNTH
CRM,2025-07-15,322.2546,USD,SYNTH
CRM,2025-07-16,327.6246,USD,SYNTH
CRM,2025-07-17,332.6017,USD,SYNTH
CRM,2025-07-18,337.3813,USD,SYNTH
CRM,2025-07-21,340.7386,USD,SYNTH
CRM,2025-07-22,341.3746,USD,SYNTH
CRM,2025-07-23,333.8410,USD,SYNTH
CRM,2025-07-24,335.9186,USD,SYNTH
CRM,2025-07-25,346.1983,USD,SYNTH
CRM,2025-07-28,343.5983,USD,SYNTH
CRM,2025-07-29,339.5120,USD,SYNTH
CRM,2025-07-30,343.3909,USD,SYNTH
CRM,2025-07-31,353.8429,USD,SYNTH
CRM,2025-08-01,347.3184,USD,SYNTH
CRM,2025-08-04,332.3192,USD,SYNTH
CRM,2025-08-05,328.7411,USD,SYNTH
CRM,2025-08-06,329.4297,USD,SYNTH
CRM,2025-08-07,328.6818,USD,SYNTH
CRM,2025-08-08,327.2405,USD,SYNTH
CRM,2025-08-11,324.3777,USD,SYNTH
CRM,2025-08-12,320.6981,USD,SYNTH
CRM,2025-08-13,316.0193,USD,SYNTH
CRM,2025-08-14,318.1618,USD,SYNTH
CRM,2025-08-15,321.5358,USD,SYNTH
CRM,2025-08-18,312.4570,USD,SYNTH
CRM,2025-08-19,321.4477,USD,SYNTH
CRM,2025-08-20,324.0987,USD,SYNTH
CRM,2025-08-21,327.4277,USD,SYNTH
CRM,2025-08-22,325.8588,USD,SYNTH
CRM,2025-08-25,327.4511,USD,SYNTH
CRM,2025-08-26,320.9266,USD,SYNTH
CRM,2025-08-27,330.1697,USD,SYNTH
CRM,2025-08-28,338.6776,USD,SYNTH
CRM,2025-08-29,337.3189,USD,SYNTH
CRM,2025-09-01,329.4131,USD,SYNTH
CRM,2025-09-02,327.6985,USD,SYNTH
CRM,2025-09-03,331.2846,USD,SYNTH
CRM,2025-09-04,329.0357,USD,SYNTH
CRM,2025-09-05,324.4221,USD,SYNTH
CRM,2025-09-08,325.4588,USD,SYNTH
CRM,2025-09-09,320.4374,USD,SYNTH
CRM,2025-09-10,328.2351,USD,SYNTH
CRM,2025-09-11,333.9199,USD,SYNTH
CRM,2025-09-12,338.0098,USD,SYNTH
CRM,2025-09-15,333.8044,USD,SYNTH
CRM,2025-09-16,335.1473,USD,SYNTH
CRM,2025-09-17,341.9403,USD,SYNTH
CRM,2025-09-18,329.1599,USD,SYNTH
CRM,2025-09-19,330.4775,USD,SYNTH
CRM,2025-09-22,338.9417,USD,SYNTH
CRM,2025-09-23,350.0954,USD,SYNTH
CRM,2025-09-24,344.2103,USD,SYNTH
CRM,2025-09-25,346.0249,USD,SYNTH
CRM,2025-09-26,352.6332,USD,SYNTH
CRM,2025-09-29,360.3930,USD,SYNTH
CRM,2025-09-30,348.5671,USD,SYNTH
CRM,2025-10-01,336.0632,USD,SYNTH
CRM,2025-10-02,337.0973,USD,SYNTH
CRM,2025-10-03,340.2221,USD,SYNTH
CRM,2025-10-06,339.5613,USD,SYNTH
CRM,2025-10-07,337.6593,USD,SYNTH
CRM,2025-10-08,345.5282,USD,SYNTH
CRM,2025-10-09,354.8213,USD,SYNTH
CRM,2025-10-10,351.1455,USD,SYNTH
CRM,2025-10-13,352.2476,USD,SYNTH
CRM,2025-10-14,345.0182,USD,SYNTH
CRM,2025-10-15,355.8997,USD,SYNTH
CRM,2025-10-16,347.0106,USD,SYNTH
CRM,2025-10-17,340.4307,USD,SYNTH
CRM,2025-10-20,335.0803,USD,SYNTH
CRM,2025-10-21,328.8570,USD,SYNTH
CRM,2025-10-22,336.5181,USD,SYNTH
CRM,2025-10-23,350.6820,USD,SYNTH
CRM,2025-10-24,352.4327,USD,SYNTH
CRM,2025-10-27,350.4066,USD,SYNTH
CRM,2025-10-28,355.0640,USD,SYNTH
CRM,2025-10-29,349.3736,USD,SYNTH
CRM,2025-10-30,357.8912,USD,SYNTH
CRM,2025-10-31,357.7637,USD,SYNTH
CRM,2025-11-03,360.5793,USD,SYNTH
CRM,2025-11-04,356.2010,USD,SYNTH
CRM,2025-11-05,354.9971,USD,SYNTH
CRM,2025-11-06,344.7543,USD,SYNTH
CRM,2025-11-07,344.9739,USD,SYNTH
CRM,2025-11-10,350.6055,USD,SYNTH
CRM,2025-11-11,339.0257,USD,SYNTH
CRM,2025-11-12,332.9650,USD,SYNTH
CRM,2025-11-13,330.2111,USD,SYNTH
CRM,2025-11-14,328.4696,USD,SYNTH
CRM,2025-11-17,328.0344,USD,SYNTH
CRM,2025-11-18,327.8667,USD,SYNTH
CRM,2025-11-19,329.6395,USD,SYNTH
CRM,2025-11-20,329.5277,USD,SYNTH
CRM,2025-11-21,319.6502,USD,SYNTH
CRM,2025-11-24,321.5511,USD,SYNTH
CRM,2025-11-25,328.6128,USD,SYNTH
CRM,2025-11-26,330.2379,USD,SYNTH
CRM,2025-11-27,319.7950,USD,SYNTH
CRM,2025-11-28,321.2282,USD,SYNTH
CRM,2025-12-01,324.0731,USD,SYNTH
CRM,2025-12-02,318.3997,USD,SYNTH
CRM,2025-12-03,318.9319,USD,SYNTH
CRM,2025-12-04,326.3553,USD,SYNTH
CRM,2025-12-05,335.9544,USD,SYNTH
CRM,2025-12-08,336.8202,USD,SYNTH
CRM,2025-12-09,339.9978,USD,SYNTH
CRM,2025-12-10,339.0893,USD,SYNTH
CRM,2025-12-11,336.6894,USD,SYNTH
CRM,2025-12-12,345.1841,USD,SYNTH
CRM,2025-12-15,351.2677,USD,SYNTH
CRM,2025-12-16,355.2743,USD,SYNTH
CRM,2025-12-17,352.0137,USD,SYNTH
CRM,2025-12-18,361.4162,USD,SYNTH
CRM,2025-12-19,368.2933,USD,SYNTH
CRM,2025-12-22,359.8409,USD,SYNTH
CRM,2025-12-23,366.9998,USD,SYNTH
CRM,2025-12-24,368.2218,USD,SYNTH
CRM,2025-12-25,370.1780,USD,SYNTH
CRM,2025-12-26,356.8489,USD,SYNTH
CRM,2025-12-29,347.5577,USD,SYNTH
CRM,2025-12-30,353.8525,USD,SYNTH
CRM,2025-12-31,349.0734,USD,SYNTH
CRM,2026-01-01,354.2830,USD,SYNTH
CRM,2026-01-02,345.9259,USD,SYNTH
CRM,2026-01-05,336.8438,USD,SYNTH
CRM,2026-01-06,348.5301,USD,SYNTH
CRM,2026-01-07,354.3398,USD,SYNTH
CRM,2026-01-08,353.6274,USD,SYNTH
CRM,2026-01-09,355.1575,USD,SYNTH
CRM,2026-01-12,350.7341,USD,SYNTH
CRM,2026-01-13,353.0869,USD,SYNTH
CRM,2026-01-14,360.6887,USD,SYNTH
CRM,2026-01-15,358.0995,USD,SYNTH
CRM,2026-01-16,361.3372,USD,SYNTH
CRM,2026-01-19,350.4393,USD,SYNTH
CRM,2026-01-20,361.9083,USD,SYNTH
CRM,2026-01-21,368.5611,USD,SYNTH
CRM,2026-01-22,368.4727,USD,SYNTH
CRM,2026-01-23,366.3651,USD,SYNTH
CRM,2026-01-26,375.7800,USD,SYNTH
CRM,2026-01-27,372.4784,USD,SYNTH
CRM,2026-01-28,375.0692,USD,SYNTH
CRM,2026-01-29,373.0627,USD,SYNTH
CRM,2026-01-30,366.9783,USD,SYNTH
CRM,2026-02-02,373.9505,USD,SYNTH
CRM,2026-02-03,371.2881,USD,SYNTH
CRM,2026-02-04,374.5018,USD,SYNTH
CRM,2026-02-05,372.2728,USD,SYNTH
CRM,2026-02-06,371.4834,USD,SYNTH
CRM,2026-02-09,370.4511,USD,SYNTH
CRM,2026-02-10,366.1955,USD,SYNTH
CRM,2026-02-11,371.1390,USD,SYNTH
CRM,2026-02-12,370.6706,USD,SYNTH
CRM,2026-02-13,376.5381,USD,SYNTH
CRM,2026-02-16,381.7128,USD,SYNTH
CRM,2026-02-17,390.2254,USD,SYNTH
CRM,2026-02-18,386.8900,USD,SYNTH
CRM,2026-02-19,391.6281,USD,SYNTH
CRM,2026-02-20,390.5162,USD,SYNTH
CRM,2026-02-23,390.4761,USD,SYNTH
CRM,2026-02-24,385.5718,USD,SYNTH
CRM,2026-02-25,382.3947,USD,SYNTH
CRM,2026-02-26,386.8468,USD,SYNTH
CRM,2026-02-27,384.5815,USD,SYNTH
CRM,2026-03-02,379.6471,USD,SYNTH
CRM,2026-03-03,385.5579,USD,SYNTH
CRM,2026-03-04,388.1499,USD,SYNTH
CRM,2026-03-05,379.7529,USD,SYNTH
CRM,2026-03-06,380.5895,USD,SYNTH
CRM,2026-03-09,388.4326,USD,SYNTH
CRM,2026-03-10,396.2136,USD,SYNTH
CRM,2026-03-11,392.5015,USD,SYNTH
CRM,2026-03-12,384.7720,USD,SYNTH
CRM,2026-03-13,382.3556,USD,SYNTH
CRM,2026-03-16,391.7208,USD,SYNTH
CRM,2026-03-17,397.0824,USD,SYNTH
CRM,2026-03-18,380.8074,USD,SYNTH
CRM,2026-03-19,386.8079,USD,SYNTH
CRM,2026-03-20,371.4822,USD,SYNTH
CRM,2026-03-23,384.5162,USD,SYNTH
CRM,2026-03-24,390.4825,USD,SYNTH
CRM,2026-03-25,387.8262,USD,SYNTH
CRM,2026-03-26,388.6892,USD,SYNTH
CRM,2026-03-27,393.4305,USD,SYNTH
CRM,2026-03-30,390.0543,USD,SYNTH
CRM,2026-03-31,393.4258,USD,SYNTH
CRM,2026-04-01,392.6264,USD,SYNTH
CRM,2026-04-02,390.9717,USD,SYNTH
CRM,2026-04-03,401.8213,USD,SYNTH
CRM,2026-04-06,387.1959,USD,SYNTH
CRM,2026-04-07,387.6398,USD,SYNTH
CRM,2026-04-08,378.0359,USD,SYNTH
CRM,2026-04-09,376.9101,USD,SYNTH
CRM,2026-04-10,372.2191,USD,SYNTH
CRM,2026-04-13,389.3907,USD,SYNTH
CRM,2026-04-14,385.9033,USD,SYNTH
CRM,2026-04-15,385.0676,USD,SYNTH
CRM,2026-04-16,380.8967,USD,SYNTH
CRM,2026-04-17,387.1088,USD,SYNTH
CRM,2026-04-20,383.6702,USD,SYNTH
CRM,2026-04-21,379.2619,USD,SYNTH
CRM,2026-04-22,392.1443,USD,SYNTH
CRM,2026-04-23,397.7743,USD,SYNTH
CRM,2026-04-24,399.8194,USD,SYNTH
CRM,2026-04-27,417.3007,USD,SYNTH
CRM,2026-04-28,412.6711,USD,SYNTH
CRM,2026-04-29,406.7589,USD,SYNTH
CRM,2026-04-30,401.0712,USD,SYNTH
CRM,2026-05-01,409.8775,USD,SYNTH
CRM,2026-05-04,405.4349,USD,SYNTH
CRM,2026-05-05,414.2428,USD,SYNTH
CRM,2026-05-06,409.6739,USD,SYNTH
CRM,2026-05-07,396.4153,USD,SYNTH
CRM,2026-05-08,390.8142,USD,SYNTH
CRM,2026-05-11,392.9514,USD,SYNTH
CRM,2026-05-12,401.5027,USD,SYNTH
CRM,2026-05-13,411.0280,USD,SYNTH
CRM,2026-05-14,413.8622,USD,SYNTH
CRM,2026-05-15,419.0825,USD,SYNTH
CRM,2026-05-18,399.2600,USD,SYNTH
CRM,2026-05-19,401.2675,USD,SYNTH
CRM,2026-05-20,401.6662,USD,SYNTH
CRM,2026-05-21,399.5529,USD,SYNTH
CRM,2026-05-22,394.8836,USD,SYNTH
ORCL,2025-05-01,292.9635,USD,SYNTH
ORCL,2025-05-02,299.0591,USD,SYNTH
ORCL,2025-05-05,309.7243,USD,SYNTH
ORCL,2025-05-06,308.7314,USD,SYNTH
ORCL,2025-05-07,304.4002,USD,SYNTH
ORCL,2025-05-08,314.8212,USD,SYNTH
ORCL,2025-05-09,313.0999,USD,SYNTH
ORCL,2025-05-12,310.2598,USD,SYNTH
ORCL,2025-05-13,302.6058,USD,SYNTH
ORCL,2025-05-14,304.9850,USD,SYNTH
ORCL,2025-05-15,308.4016,USD,SYNTH
ORCL,2025-05-16,313.1771,USD,SYNTH
ORCL,2025-05-19,314.5288,USD,SYNTH
ORCL,2025-05-20,317.7037,USD,SYNTH
ORCL,2025-05-21,320.9688,USD,SYNTH
ORCL,2025-05-22,324.0369,USD,SYNTH
ORCL,2025-05-23,331.0076,USD,SYNTH
ORCL,2025-05-26,336.1860,USD,SYNTH
ORCL,2025-05-27,337.4294,USD,SYNTH
ORCL,2025-05-28,334.2676,USD,SYNTH
ORCL,2025-05-29,339.1991,USD,SYNTH
ORCL,2025-05-30,335.7771,USD,SYNTH
ORCL,2025-06-02,334.9853,USD,SYNTH
ORCL,2025-06-03,330.7672,USD,SYNTH
ORCL,2025-06-04,343.5655,USD,SYNTH
ORCL,2025-06-05,337.6627,USD,SYNTH
ORCL,2025-06-06,341.7992,USD,SYNTH
ORCL,2025-06-09,346.0625,USD,SYNTH
ORCL,2025-06-10,351.6245,USD,SYNTH
ORCL,2025-06-11,351.4792,USD,SYNTH
ORCL,2025-06-12,352.1154,USD,SYNTH
ORCL,2025-06-13,350.9735,USD,SYNTH
ORCL,2025-06-16,333.9076,USD,SYNTH
ORCL,2025-06-17,329.4145,USD,SYNTH
ORCL,2025-06-18,337.6012,USD,SYNTH
ORCL,2025-06-19,332.7423,USD,SYNTH
ORCL,2025-06-20,333.6508,USD,SYNTH
ORCL,2025-06-23,349.5915,USD,SYNTH
ORCL,2025-06-24,343.6040,USD,SYNTH
ORCL,2025-06-25,340.5860,USD,SYNTH
ORCL,2025-06-26,339.1429,USD,SYNTH
ORCL,2025-06-27,327.0448,USD,SYNTH
ORCL,2025-06-30,322.0316,USD,SYNTH
ORCL,2025-07-01,313.8470,USD,SYNTH
ORCL,2025-07-02,317.0137,USD,SYNTH
ORCL,2025-07-03,315.6988,USD,SYNTH
ORCL,2025-07-04,303.6754,USD,SYNTH
ORCL,2025-07-07,308.1948,USD,SYNTH
ORCL,2025-07-08,313.6800,USD,SYNTH
ORCL,2025-07-09,311.7318,USD,SYNTH
ORCL,2025-07-10,317.1375,USD,SYNTH
ORCL,2025-07-11,320.5857,USD,SYNTH
ORCL,2025-07-14,315.4054,USD,SYNTH
ORCL,2025-07-15,317.0967,USD,SYNTH
ORCL,2025-07-16,318.2461,USD,SYNTH
ORCL,2025-07-17,313.5575,USD,SYNTH
ORCL,2025-07-18,307.8573,USD,SYNTH
ORCL,2025-07-21,310.2100,USD,SYNTH
ORCL,2025-07-22,323.1833,USD,SYNTH
ORCL,2025-07-23,323.0633,USD,SYNTH
ORCL,2025-07-24,324.3831,USD,SYNTH
ORCL,2025-07-25,318.3237,USD,SYNTH
ORCL,2025-07-28,316.9320,USD,SYNTH
ORCL,2025-07-29,315.8728,USD,SYNTH
ORCL,2025-07-30,313.8256,USD,SYNTH
ORCL,2025-07-31,310.2151,USD,SYNTH
ORCL,2025-08-01,310.0365,USD,SYNTH
ORCL,2025-08-04,306.9878,USD,SYNTH
ORCL,2025-08-05,313.9399,USD,SYNTH
ORCL,2025-08-06,325.6178,USD,SYNTH
ORCL,2025-08-07,321.2532,USD,SYNTH
ORCL,2025-08-08,319.2470,USD,SYNTH
ORCL,2025-08-11,321.8343,USD,SYNTH
ORCL,2025-08-12,325.3087,USD,SYNTH
ORCL,2025-08-13,320.9357,USD,SYNTH
ORCL,2025-08-14,317.7343,USD,SYNTH
ORCL,2025-08-15,321.1846,USD,SYNTH
ORCL,2025-08-18,311.8093,USD,SYNTH
ORCL,2025-08-19,324.3350,USD,SYNTH
ORCL,2025-08-20,326.1921,USD,SYNTH
ORCL,2025-08-21,324.5044,USD,SYNTH
ORCL,2025-08-22,323.7237,USD,SYNTH
ORCL,2025-08-25,317.5661,USD,SYNTH
ORCL,2025-08-26,327.9649,USD,SYNTH
ORCL,2025-08-27,327.5679,USD,SYNTH
ORCL,2025-08-28,325.1008,USD,SYNTH
ORCL,2025-08-29,335.4801,USD,SYNTH
ORCL,2025-09-01,341.8123,USD,SYNTH
ORCL,2025-09-02,340.7186,USD,SYNTH
ORCL,2025-09-03,343.4963,USD,SYNTH
ORCL,2025-09-04,341.5456,USD,SYNTH
ORCL,2025-09-05,339.4213,USD,SYNTH
ORCL,2025-09-08,338.1731,USD,SYNTH
ORCL,2025-09-09,340.0851,USD,SYNTH
ORCL,2025-09-10,346.8895,USD,SYNTH
ORCL,2025-09-11,359.3413,USD,SYNTH
ORCL,2025-09-12,345.3966,USD,SYNTH
ORCL,2025-09-15,359.9385,USD,SYNTH
ORCL,2025-09-16,366.6831,USD,SYNTH
ORCL,2025-09-17,366.9022,USD,SYNTH
ORCL,2025-09-18,364.1721,USD,SYNTH
ORCL,2025-09-19,352.0359,USD,SYNTH
ORCL,2025-09-22,359.7102,USD,SYNTH
ORCL,2025-09-23,352.7309,USD,SYNTH
ORCL,2025-09-24,356.9754,USD,SYNTH
ORCL,2025-09-25,354.4177,USD,SYNTH
ORCL,2025-09-26,344.1526,USD,SYNTH
ORCL,2025-09-29,346.8479,USD,SYNTH
ORCL,2025-09-30,349.9883,USD,SYNTH
ORCL,2025-10-01,344.1980,USD,SYNTH
ORCL,2025-10-02,349.6257,USD,SYNTH
ORCL,2025-10-03,361.0925,USD,SYNTH
ORCL,2025-10-06,364.3899,USD,SYNTH
ORCL,2025-10-07,367.3287,USD,SYNTH
ORCL,2025-10-08,362.5871,USD,SYNTH
ORCL,2025-10-09,355.9124,USD,SYNTH
ORCL,2025-10-10,353.4175,USD,SYNTH
ORCL,2025-10-13,353.9625,USD,SYNTH
ORCL,2025-10-14,354.1435,USD,SYNTH
ORCL,2025-10-15,352.9819,USD,SYNTH
ORCL,2025-10-16,368.9195,USD,SYNTH
ORCL,2025-10-17,372.8229,USD,SYNTH
ORCL,2025-10-20,366.3829,USD,SYNTH
ORCL,2025-10-21,358.5751,USD,SYNTH
ORCL,2025-10-22,347.4614,USD,SYNTH
ORCL,2025-10-23,341.2516,USD,SYNTH
ORCL,2025-10-24,344.9088,USD,SYNTH
ORCL,2025-10-27,343.2414,USD,SYNTH
ORCL,2025-10-28,339.0637,USD,SYNTH
ORCL,2025-10-29,342.7640,USD,SYNTH
ORCL,2025-10-30,346.2553,USD,SYNTH
ORCL,2025-10-31,348.6739,USD,SYNTH
ORCL,2025-11-03,348.6955,USD,SYNTH
ORCL,2025-11-04,348.5695,USD,SYNTH
ORCL,2025-11-05,340.4008,USD,SYNTH
ORCL,2025-11-06,329.1968,USD,SYNTH
ORCL,2025-11-07,324.5171,USD,SYNTH
ORCL,2025-11-10,320.0075,USD,SYNTH
ORCL,2025-11-11,315.3863,USD,SYNTH
ORCL,2025-11-12,314.4976,USD,SYNTH
ORCL,2025-11-13,311.9084,USD,SYNTH
ORCL,2025-11-14,304.6775,USD,SYNTH
ORCL,2025-11-17,304.2046,USD,SYNTH
ORCL,2025-11-18,306.1357,USD,SYNTH
ORCL,2025-11-19,303.5134,USD,SYNTH
ORCL,2025-11-20,308.0793,USD,SYNTH
ORCL,2025-11-21,309.9210,USD,SYNTH
ORCL,2025-11-24,312.1866,USD,SYNTH
ORCL,2025-11-25,310.1812,USD,SYNTH
ORCL,2025-11-26,312.5827,USD,SYNTH
ORCL,2025-11-27,316.5165,USD,SYNTH
ORCL,2025-11-28,305.6200,USD,SYNTH
ORCL,2025-12-01,311.5886,USD,SYNTH
ORCL,2025-12-02,308.8152,USD,SYNTH
ORCL,2025-12-03,312.5244,USD,SYNTH
ORCL,2025-12-04,299.6440,USD,SYNTH
ORCL,2025-12-05,297.3924,USD,SYNTH
ORCL,2025-12-08,288.3867,USD,SYNTH
ORCL,2025-12-09,287.7028,USD,SYNTH
ORCL,2025-12-10,288.7289,USD,SYNTH
ORCL,2025-12-11,290.9306,USD,SYNTH
ORCL,2025-12-12,291.1262,USD,SYNTH
ORCL,2025-12-15,284.6499,USD,SYNTH
ORCL,2025-12-16,291.4101,USD,SYNTH
ORCL,2025-12-17,284.4411,USD,SYNTH
ORCL,2025-12-18,282.8045,USD,SYNTH
ORCL,2025-12-19,278.9354,USD,SYNTH
ORCL,2025-12-22,275.9939,USD,SYNTH
ORCL,2025-12-23,269.1062,USD,SYNTH
ORCL,2025-12-24,274.4455,USD,SYNTH
ORCL,2025-12-25,278.2137,USD,SYNTH
ORCL,2025-12-26,278.6559,USD,SYNTH
ORCL,2025-12-29,278.0155,USD,SYNTH
ORCL,2025-12-30,273.2949,USD,SYNTH
ORCL,2025-12-31,272.8354,USD,SYNTH
ORCL,2026-01-01,268.4579,USD,SYNTH
ORCL,2026-01-02,268.9560,USD,SYNTH
ORCL,2026-01-05,270.9428,USD,SYNTH
ORCL,2026-01-06,269.8188,USD,SYNTH
ORCL,2026-01-07,271.8376,USD,SYNTH
ORCL,2026-01-08,274.7747,USD,SYNTH
ORCL,2026-01-09,278.8370,USD,SYNTH
ORCL,2026-01-12,288.8321,USD,SYNTH
ORCL,2026-01-13,281.4962,USD,SYNTH
ORCL,2026-01-14,275.3289,USD,SYNTH
ORCL,2026-01-15,269.3826,USD,SYNTH
ORCL,2026-01-16,268.5044,USD,SYNTH
ORCL,2026-01-19,260.8787,USD,SYNTH
ORCL,2026-01-20,258.4662,USD,SYNTH
ORCL,2026-01-21,262.4428,USD,SYNTH
ORCL,2026-01-22,265.9665,USD,SYNTH
ORCL,2026-01-23,273.8955,USD,SYNTH
ORCL,2026-01-26,278.1862,USD,SYNTH
ORCL,2026-01-27,283.3421,USD,SYNTH
ORCL,2026-01-28,280.7293,USD,SYNTH
ORCL,2026-01-29,279.0042,USD,SYNTH
ORCL,2026-01-30,283.5017,USD,SYNTH
ORCL,2026-02-02,287.9681,USD,SYNTH
ORCL,2026-02-03,278.1212,USD,SYNTH
ORCL,2026-02-04,271.2532,USD,SYNTH
ORCL,2026-02-05,266.5601,USD,SYNTH
ORCL,2026-02-06,262.5139,USD,SYNTH
ORCL,2026-02-09,268.8175,USD,SYNTH
ORCL,2026-02-10,277.6365,USD,SYNTH
ORCL,2026-02-11,279.3686,USD,SYNTH
ORCL,2026-02-12,281.1657,USD,SYNTH
ORCL,2026-02-13,291.0782,USD,SYNTH
ORCL,2026-02-16,293.5164,USD,SYNTH
ORCL,2026-02-17,296.5581,USD,SYNTH
ORCL,2026-02-18,298.6366,USD,SYNTH
ORCL,2026-02-19,300.7383,USD,SYNTH
ORCL,2026-02-20,308.1316,USD,SYNTH
ORCL,2026-02-23,312.2526,USD,SYNTH
ORCL,2026-02-24,312.8261,USD,SYNTH
ORCL,2026-02-25,310.7062,USD,SYNTH
ORCL,2026-02-26,312.2538,USD,SYNTH
ORCL,2026-02-27,303.0023,USD,SYNTH
ORCL,2026-03-02,305.6060,USD,SYNTH
ORCL,2026-03-03,306.3913,USD,SYNTH
ORCL,2026-03-04,308.2524,USD,SYNTH
ORCL,2026-03-05,301.9266,USD,SYNTH
ORCL,2026-03-06,304.5646,USD,SYNTH
ORCL,2026-03-09,305.6596,USD,SYNTH
ORCL,2026-03-10,305.7128,USD,SYNTH
ORCL,2026-03-11,307.8415,USD,SYNTH
ORCL,2026-03-12,303.3367,USD,SYNTH
ORCL,2026-03-13,295.4758,USD,SYNTH
ORCL,2026-03-16,297.9796,USD,SYNTH
ORCL,2026-03-17,286.2596,USD,SYNTH
ORCL,2026-03-18,289.4115,USD,SYNTH
ORCL,2026-03-19,300.2690,USD,SYNTH
ORCL,2026-03-20,302.3633,USD,SYNTH
ORCL,2026-03-23,307.1002,USD,SYNTH
ORCL,2026-03-24,316.1901,USD,SYNTH
ORCL,2026-03-25,322.2279,USD,SYNTH
ORCL,2026-03-26,335.5315,USD,SYNTH
ORCL,2026-03-27,330.3709,USD,SYNTH
ORCL,2026-03-30,328.4409,USD,SYNTH
ORCL,2026-03-31,331.3968,USD,SYNTH
ORCL,2026-04-01,321.8630,USD,SYNTH
ORCL,2026-04-02,321.9223,USD,SYNTH
ORCL,2026-04-03,322.4056,USD,SYNTH
ORCL,2026-04-06,330.0345,USD,SYNTH
ORCL,2026-04-07,336.4736,USD,SYNTH
ORCL,2026-04-08,341.2154,USD,SYNTH
ORCL,2026-04-09,345.5971,USD,SYNTH
ORCL,2026-04-10,346.0827,USD,SYNTH
ORCL,2026-04-13,348.0067,USD,SYNTH
ORCL,2026-04-14,352.8685,USD,SYNTH
ORCL,2026-04-15,359.4004,USD,SYNTH
ORCL,2026-04-16,354.8565,USD,SYNTH
ORCL,2026-04-17,357.8347,USD,SYNTH
ORCL,2026-04-20,357.4569,USD,SYNTH
ORCL,2026-04-21,359.2727,USD,SYNTH
ORCL,2026-04-22,366.8458,USD,SYNTH
ORCL,2026-04-23,365.3009,USD,SYNTH
ORCL,2026-04-24,359.3481,USD,SYNTH
ORCL,2026-04-27,353.5633,USD,SYNTH
ORCL,2026-04-28,350.0216,USD,SYNTH
ORCL,2026-04-29,353.9668,USD,SYNTH
ORCL,2026-04-30,353.0171,USD,SYNTH
ORCL,2026-05-01,349.3228,USD,SYNTH
ORCL,2026-05-04,354.2867,USD,SYNTH
ORCL,2026-05-05,355.4130,USD,SYNTH
ORCL,2026-05-06,360.0015,USD,SYNTH
ORCL,2026-05-07,374.3203,USD,SYNTH
ORCL,2026-05-08,387.1081,USD,SYNTH
ORCL,2026-05-11,389.6271,USD,SYNTH
ORCL,2026-05-12,392.1208,USD,SYNTH
ORCL,2026-05-13,400.0989,USD,SYNTH
ORCL,2026-05-14,409.4221,USD,SYNTH
ORCL,2026-05-15,406.9055,USD,SYNTH
ORCL,2026-05-18,398.0551,USD,SYNTH
ORCL,2026-05-19,404.3575,USD,SYNTH
ORCL,2026-05-20,406.1170,USD,SYNTH
ORCL,2026-05-21,410.6994,USD,SYNTH
ORCL,2026-05-22,414.8360,USD,SYNTH
MRK,2025-05-01,153.9796,USD,SYNTH
MRK,2025-05-02,152.6121,USD,SYNTH
MRK,2025-05-05,155.6008,USD,SYNTH
MRK,2025-05-06,155.1950,USD,SYNTH
MRK,2025-05-07,153.0584,USD,SYNTH
MRK,2025-05-08,152.3456,USD,SYNTH
MRK,2025-05-09,153.4817,USD,SYNTH
MRK,2025-05-12,152.1182,USD,SYNTH
MRK,2025-05-13,156.9211,USD,SYNTH
MRK,2025-05-14,159.2627,USD,SYNTH
MRK,2025-05-15,155.0384,USD,SYNTH
MRK,2025-05-16,155.7255,USD,SYNTH
MRK,2025-05-19,160.1700,USD,SYNTH
MRK,2025-05-20,169.7214,USD,SYNTH
MRK,2025-05-21,168.3341,USD,SYNTH
MRK,2025-05-22,168.4595,USD,SYNTH
MRK,2025-05-23,164.3972,USD,SYNTH
MRK,2025-05-26,166.0926,USD,SYNTH
MRK,2025-05-27,167.5740,USD,SYNTH
MRK,2025-05-28,168.4785,USD,SYNTH
MRK,2025-05-29,165.2410,USD,SYNTH
MRK,2025-05-30,167.6143,USD,SYNTH
MRK,2025-06-02,173.1803,USD,SYNTH
MRK,2025-06-03,177.4676,USD,SYNTH
MRK,2025-06-04,178.6781,USD,SYNTH
MRK,2025-06-05,178.5685,USD,SYNTH
MRK,2025-06-06,181.5095,USD,SYNTH
MRK,2025-06-09,181.1030,USD,SYNTH
MRK,2025-06-10,172.9129,USD,SYNTH
MRK,2025-06-11,167.6181,USD,SYNTH
MRK,2025-06-12,171.7965,USD,SYNTH
MRK,2025-06-13,175.9617,USD,SYNTH
MRK,2025-06-16,175.6173,USD,SYNTH
MRK,2025-06-17,173.1467,USD,SYNTH
MRK,2025-06-18,172.2628,USD,SYNTH
MRK,2025-06-19,168.3267,USD,SYNTH
MRK,2025-06-20,167.6078,USD,SYNTH
MRK,2025-06-23,172.9287,USD,SYNTH
MRK,2025-06-24,171.0333,USD,SYNTH
MRK,2025-06-25,168.6389,USD,SYNTH
MRK,2025-06-26,164.6100,USD,SYNTH
MRK,2025-06-27,165.2689,USD,SYNTH
MRK,2025-06-30,162.4927,USD,SYNTH
MRK,2025-07-01,164.4438,USD,SYNTH
MRK,2025-07-02,163.5797,USD,SYNTH
MRK,2025-07-03,168.5793,USD,SYNTH
MRK,2025-07-04,170.4242,USD,SYNTH
MRK,2025-07-07,171.9386,USD,SYNTH
MRK,2025-07-08,167.6363,USD,SYNTH
MRK,2025-07-09,167.7593,USD,SYNTH
MRK,2025-07-10,168.7269,USD,SYNTH
MRK,2025-07-11,169.8189,USD,SYNTH
MRK,2025-07-14,170.9562,USD,SYNTH
MRK,2025-07-15,171.3846,USD,SYNTH
MRK,2025-07-16,167.8337,USD,SYNTH
MRK,2025-07-17,160.6131,USD,SYNTH
MRK,2025-07-18,157.4344,USD,SYNTH
MRK,2025-07-21,160.3549,USD,SYNTH
MRK,2025-07-22,162.7131,USD,SYNTH
MRK,2025-07-23,166.1077,USD,SYNTH
MRK,2025-07-24,167.1386,USD,SYNTH
MRK,2025-07-25,167.8718,USD,SYNTH
MRK,2025-07-28,167.9744,USD,SYNTH
MRK,2025-07-29,162.8599,USD,SYNTH
MRK,2025-07-30,163.4310,USD,SYNTH
MRK,2025-07-31,161.5750,USD,SYNTH
MRK,2025-08-01,159.8520,USD,SYNTH
MRK,2025-08-04,157.0564,USD,SYNTH
MRK,2025-08-05,156.9135,USD,SYNTH
MRK,2025-08-06,159.5454,USD,SYNTH
MRK,2025-08-07,161.8900,USD,SYNTH
MRK,2025-08-08,159.1097,USD,SYNTH
MRK,2025-08-11,159.8512,USD,SYNTH
MRK,2025-08-12,159.6851,USD,SYNTH
MRK,2025-08-13,153.9521,USD,SYNTH
MRK,2025-08-14,156.6036,USD,SYNTH
MRK,2025-08-15,154.8268,USD,SYNTH
MRK,2025-08-18,156.4907,USD,SYNTH
MRK,2025-08-19,154.3091,USD,SYNTH
MRK,2025-08-20,156.5162,USD,SYNTH
MRK,2025-08-21,160.0803,USD,SYNTH
MRK,2025-08-22,160.8817,USD,SYNTH
MRK,2025-08-25,162.5028,USD,SYNTH
MRK,2025-08-26,160.6400,USD,SYNTH
MRK,2025-08-27,159.7716,USD,SYNTH
MRK,2025-08-28,156.6016,USD,SYNTH
MRK,2025-08-29,159.6160,USD,SYNTH
MRK,2025-09-01,163.0723,USD,SYNTH
MRK,2025-09-02,161.7128,USD,SYNTH
MRK,2025-09-03,161.8716,USD,SYNTH
MRK,2025-09-04,159.9775,USD,SYNTH
MRK,2025-09-05,156.2561,USD,SYNTH
MRK,2025-09-08,154.8552,USD,SYNTH
MRK,2025-09-09,151.5646,USD,SYNTH
MRK,2025-09-10,146.3161,USD,SYNTH
MRK,2025-09-11,147.1394,USD,SYNTH
MRK,2025-09-12,144.5465,USD,SYNTH
MRK,2025-09-15,144.4810,USD,SYNTH
MRK,2025-09-16,137.6122,USD,SYNTH
MRK,2025-09-17,137.8731,USD,SYNTH
MRK,2025-09-18,136.1969,USD,SYNTH
MRK,2025-09-19,134.7047,USD,SYNTH
MRK,2025-09-22,136.8558,USD,SYNTH
MRK,2025-09-23,136.5955,USD,SYNTH
MRK,2025-09-24,137.3720,USD,SYNTH
MRK,2025-09-25,137.5454,USD,SYNTH
MRK,2025-09-26,138.7780,USD,SYNTH
MRK,2025-09-29,136.8423,USD,SYNTH
MRK,2025-09-30,136.8547,USD,SYNTH
MRK,2025-10-01,136.3212,USD,SYNTH
MRK,2025-10-02,138.1016,USD,SYNTH
MRK,2025-10-03,136.7101,USD,SYNTH
MRK,2025-10-06,138.6048,USD,SYNTH
MRK,2025-10-07,139.9647,USD,SYNTH
MRK,2025-10-08,138.5428,USD,SYNTH
MRK,2025-10-09,140.3961,USD,SYNTH
MRK,2025-10-10,139.4294,USD,SYNTH
MRK,2025-10-13,137.8649,USD,SYNTH
MRK,2025-10-14,135.9194,USD,SYNTH
MRK,2025-10-15,133.3314,USD,SYNTH
MRK,2025-10-16,134.1184,USD,SYNTH
MRK,2025-10-17,133.6843,USD,SYNTH
MRK,2025-10-20,132.9858,USD,SYNTH
MRK,2025-10-21,135.0702,USD,SYNTH
MRK,2025-10-22,137.2543,USD,SYNTH
MRK,2025-10-23,137.5666,USD,SYNTH
MRK,2025-10-24,132.8156,USD,SYNTH
MRK,2025-10-27,134.0153,USD,SYNTH
MRK,2025-10-28,129.3303,USD,SYNTH
MRK,2025-10-29,127.2913,USD,SYNTH
MRK,2025-10-30,126.9609,USD,SYNTH
MRK,2025-10-31,130.5063,USD,SYNTH
MRK,2025-11-03,124.7155,USD,SYNTH
MRK,2025-11-04,121.3153,USD,SYNTH
MRK,2025-11-05,119.7894,USD,SYNTH
MRK,2025-11-06,121.3158,USD,SYNTH
MRK,2025-11-07,117.7881,USD,SYNTH
MRK,2025-11-10,116.1272,USD,SYNTH
MRK,2025-11-11,118.6972,USD,SYNTH
MRK,2025-11-12,120.6168,USD,SYNTH
MRK,2025-11-13,119.3332,USD,SYNTH
MRK,2025-11-14,121.5466,USD,SYNTH
MRK,2025-11-17,121.7694,USD,SYNTH
MRK,2025-11-18,119.8183,USD,SYNTH
MRK,2025-11-19,118.3154,USD,SYNTH
MRK,2025-11-20,117.0142,USD,SYNTH
MRK,2025-11-21,114.7773,USD,SYNTH
MRK,2025-11-24,115.7597,USD,SYNTH
MRK,2025-11-25,117.8989,USD,SYNTH
MRK,2025-11-26,114.8778,USD,SYNTH
MRK,2025-11-27,116.2902,USD,SYNTH
MRK,2025-11-28,114.1387,USD,SYNTH
MRK,2025-12-01,114.0238,USD,SYNTH
MRK,2025-12-02,114.6810,USD,SYNTH
MRK,2025-12-03,116.8082,USD,SYNTH
MRK,2025-12-04,116.7927,USD,SYNTH
MRK,2025-12-05,117.3507,USD,SYNTH
MRK,2025-12-08,120.8275,USD,SYNTH
MRK,2025-12-09,124.3768,USD,SYNTH
MRK,2025-12-10,126.7719,USD,SYNTH
MRK,2025-12-11,128.5224,USD,SYNTH
MRK,2025-12-12,129.7366,USD,SYNTH
MRK,2025-12-15,133.6036,USD,SYNTH
MRK,2025-12-16,135.4168,USD,SYNTH
MRK,2025-12-17,133.8051,USD,SYNTH
MRK,2025-12-18,134.1010,USD,SYNTH
MRK,2025-12-19,135.1329,USD,SYNTH
MRK,2025-12-22,131.7858,USD,SYNTH
MRK,2025-12-23,130.4545,USD,SYNTH
MRK,2025-12-24,134.5108,USD,SYNTH
MRK,2025-12-25,131.7981,USD,SYNTH
MRK,2025-12-26,133.0473,USD,SYNTH
MRK,2025-12-29,133.8369,USD,SYNTH
MRK,2025-12-30,136.2019,USD,SYNTH
MRK,2025-12-31,134.3374,USD,SYNTH
MRK,2026-01-01,132.4993,USD,SYNTH
MRK,2026-01-02,132.6661,USD,SYNTH
MRK,2026-01-05,131.2040,USD,SYNTH
MRK,2026-01-06,134.8999,USD,SYNTH
MRK,2026-01-07,135.3819,USD,SYNTH
MRK,2026-01-08,137.5013,USD,SYNTH
MRK,2026-01-09,135.0771,USD,SYNTH
MRK,2026-01-12,136.5526,USD,SYNTH
MRK,2026-01-13,142.7129,USD,SYNTH
MRK,2026-01-14,142.6147,USD,SYNTH
MRK,2026-01-15,139.7798,USD,SYNTH
MRK,2026-01-16,142.6867,USD,SYNTH
MRK,2026-01-19,141.5109,USD,SYNTH
MRK,2026-01-20,138.2714,USD,SYNTH
MRK,2026-01-21,135.5063,USD,SYNTH
MRK,2026-01-22,132.6643,USD,SYNTH
MRK,2026-01-23,133.9523,USD,SYNTH
MRK,2026-01-26,131.9432,USD,SYNTH
MRK,2026-01-27,129.9191,USD,SYNTH
MRK,2026-01-28,129.0881,USD,SYNTH
MRK,2026-01-29,130.1163,USD,SYNTH
MRK,2026-01-30,132.2402,USD,SYNTH
MRK,2026-02-02,135.2145,USD,SYNTH
MRK,2026-02-03,134.4466,USD,SYNTH
MRK,2026-02-04,136.9464,USD,SYNTH
MRK,2026-02-05,135.0466,USD,SYNTH
MRK,2026-02-06,139.2455,USD,SYNTH
MRK,2026-02-09,140.8417,USD,SYNTH
MRK,2026-02-10,141.5576,USD,SYNTH
MRK,2026-02-11,137.5532,USD,SYNTH
MRK,2026-02-12,140.0063,USD,SYNTH
MRK,2026-02-13,138.8693,USD,SYNTH
MRK,2026-02-16,137.3828,USD,SYNTH
MRK,2026-02-17,135.3941,USD,SYNTH
MRK,2026-02-18,133.9574,USD,SYNTH
MRK,2026-02-19,135.1877,USD,SYNTH
MRK,2026-02-20,136.2680,USD,SYNTH
MRK,2026-02-23,136.4363,USD,SYNTH
MRK,2026-02-24,141.0775,USD,SYNTH
MRK,2026-02-25,137.9488,USD,SYNTH
MRK,2026-02-26,138.7005,USD,SYNTH
MRK,2026-02-27,135.4258,USD,SYNTH
MRK,2026-03-02,136.8404,USD,SYNTH
MRK,2026-03-03,138.2937,USD,SYNTH
MRK,2026-03-04,138.6731,USD,SYNTH
MRK,2026-03-05,139.9780,USD,SYNTH
MRK,2026-03-06,141.4929,USD,SYNTH
MRK,2026-03-09,142.7680,USD,SYNTH
MRK,2026-03-10,139.2541,USD,SYNTH
MRK,2026-03-11,141.4953,USD,SYNTH
MRK,2026-03-12,145.9917,USD,SYNTH
MRK,2026-03-13,148.9885,USD,SYNTH
MRK,2026-03-16,148.3354,USD,SYNTH
MRK,2026-03-17,153.6292,USD,SYNTH
MRK,2026-03-18,154.3589,USD,SYNTH
MRK,2026-03-19,157.6626,USD,SYNTH
MRK,2026-03-20,159.6475,USD,SYNTH
MRK,2026-03-23,163.8415,USD,SYNTH
MRK,2026-03-24,159.1950,USD,SYNTH
MRK,2026-03-25,156.9711,USD,SYNTH
MRK,2026-03-26,158.4995,USD,SYNTH
MRK,2026-03-27,157.8651,USD,SYNTH
MRK,2026-03-30,156.8795,USD,SYNTH
MRK,2026-03-31,161.1731,USD,SYNTH
MRK,2026-04-01,159.5936,USD,SYNTH
MRK,2026-04-02,160.5299,USD,SYNTH
MRK,2026-04-03,161.6661,USD,SYNTH
MRK,2026-04-06,161.0559,USD,SYNTH
MRK,2026-04-07,154.3970,USD,SYNTH
MRK,2026-04-08,149.2699,USD,SYNTH
MRK,2026-04-09,148.6203,USD,SYNTH
MRK,2026-04-10,154.5531,USD,SYNTH
MRK,2026-04-13,152.5961,USD,SYNTH
MRK,2026-04-14,152.5770,USD,SYNTH
MRK,2026-04-15,158.3294,USD,SYNTH
MRK,2026-04-16,158.4858,USD,SYNTH
MRK,2026-04-17,159.9863,USD,SYNTH
MRK,2026-04-20,160.9318,USD,SYNTH
MRK,2026-04-21,158.5535,USD,SYNTH
MRK,2026-04-22,156.1527,USD,SYNTH
MRK,2026-04-23,154.7872,USD,SYNTH
MRK,2026-04-24,154.8128,USD,SYNTH
MRK,2026-04-27,152.8150,USD,SYNTH
MRK,2026-04-28,151.5022,USD,SYNTH
MRK,2026-04-29,152.2568,USD,SYNTH
MRK,2026-04-30,155.5900,USD,SYNTH
MRK,2026-05-01,162.2458,USD,SYNTH
MRK,2026-05-04,160.2171,USD,SYNTH
MRK,2026-05-05,161.0852,USD,SYNTH
MRK,2026-05-06,158.2852,USD,SYNTH
MRK,2026-05-07,156.5692,USD,SYNTH
MRK,2026-05-08,151.7681,USD,SYNTH
MRK,2026-05-11,156.5305,USD,SYNTH
MRK,2026-05-12,155.3772,USD,SYNTH
MRK,2026-05-13,158.1079,USD,SYNTH
MRK,2026-05-14,155.1541,USD,SYNTH
MRK,2026-05-15,148.6518,USD,SYNTH
MRK,2026-05-18,153.2672,USD,SYNTH
MRK,2026-05-19,148.8560,USD,SYNTH
MRK,2026-05-20,146.1308,USD,SYNTH
MRK,2026-05-21,149.3382,USD,SYNTH
MRK,2026-05-22,149.6236,USD,SYNTH
CVX,2025-05-01,87.2606,USD,SYNTH
CVX,2025-05-02,89.3836,USD,SYNTH
CVX,2025-05-05,88.9558,USD,SYNTH
CVX,2025-05-06,90.2650,USD,SYNTH
CVX,2025-05-07,88.2828,USD,SYNTH
CVX,2025-05-08,90.5775,USD,SYNTH
CVX,2025-05-09,89.6976,USD,SYNTH
CVX,2025-05-12,90.0130,USD,SYNTH
CVX,2025-05-13,88.8761,USD,SYNTH
CVX,2025-05-14,87.6014,USD,SYNTH
CVX,2025-05-15,87.1865,USD,SYNTH
CVX,2025-05-16,88.6523,USD,SYNTH
CVX,2025-05-19,88.2881,USD,SYNTH
CVX,2025-05-20,88.6237,USD,SYNTH
CVX,2025-05-21,87.8978,USD,SYNTH
CVX,2025-05-22,90.0188,USD,SYNTH
CVX,2025-05-23,87.6720,USD,SYNTH
CVX,2025-05-26,85.0525,USD,SYNTH
CVX,2025-05-27,87.2433,USD,SYNTH
CVX,2025-05-28,83.8754,USD,SYNTH
CVX,2025-05-29,86.4988,USD,SYNTH
CVX,2025-05-30,86.5012,USD,SYNTH
CVX,2025-06-02,87.2039,USD,SYNTH
CVX,2025-06-03,87.7375,USD,SYNTH
CVX,2025-06-04,86.7252,USD,SYNTH
CVX,2025-06-05,87.5596,USD,SYNTH
CVX,2025-06-06,90.7969,USD,SYNTH
CVX,2025-06-09,92.8181,USD,SYNTH
CVX,2025-06-10,91.6558,USD,SYNTH
CVX,2025-06-11,93.7289,USD,SYNTH
CVX,2025-06-12,91.7794,USD,SYNTH
CVX,2025-06-13,91.4462,USD,SYNTH
CVX,2025-06-16,91.7137,USD,SYNTH
CVX,2025-06-17,93.7944,USD,SYNTH
CVX,2025-06-18,91.4840,USD,SYNTH
CVX,2025-06-19,93.2416,USD,SYNTH
CVX,2025-06-20,92.5777,USD,SYNTH
CVX,2025-06-23,89.8751,USD,SYNTH
CVX,2025-06-24,91.5158,USD,SYNTH
CVX,2025-06-25,90.8574,USD,SYNTH
CVX,2025-06-26,87.6081,USD,SYNTH
CVX,2025-06-27,88.8908,USD,SYNTH
CVX,2025-06-30,86.2190,USD,SYNTH
CVX,2025-07-01,85.6583,USD,SYNTH
CVX,2025-07-02,83.9472,USD,SYNTH
CVX,2025-07-03,82.7472,USD,SYNTH
CVX,2025-07-04,84.3940,USD,SYNTH
CVX,2025-07-07,85.3839,USD,SYNTH
CVX,2025-07-08,83.0919,USD,SYNTH
CVX,2025-07-09,82.7797,USD,SYNTH
CVX,2025-07-10,82.9061,USD,SYNTH
CVX,2025-07-11,84.9552,USD,SYNTH
CVX,2025-07-14,85.6851,USD,SYNTH
CVX,2025-07-15,83.8445,USD,SYNTH
CVX,2025-07-16,81.9212,USD,SYNTH
CVX,2025-07-17,82.9248,USD,SYNTH
CVX,2025-07-18,84.0894,USD,SYNTH
CVX,2025-07-21,83.2054,USD,SYNTH
CVX,2025-07-22,82.2925,USD,SYNTH
CVX,2025-07-23,83.0721,USD,SYNTH
CVX,2025-07-24,83.5299,USD,SYNTH
CVX,2025-07-25,79.6006,USD,SYNTH
CVX,2025-07-28,79.2356,USD,SYNTH
CVX,2025-07-29,80.4339,USD,SYNTH
CVX,2025-07-30,78.3092,USD,SYNTH
CVX,2025-07-31,79.5600,USD,SYNTH
CVX,2025-08-01,77.7969,USD,SYNTH
CVX,2025-08-04,78.1454,USD,SYNTH
CVX,2025-08-05,76.9790,USD,SYNTH
CVX,2025-08-06,74.7641,USD,SYNTH
CVX,2025-08-07,75.0839,USD,SYNTH
CVX,2025-08-08,74.9682,USD,SYNTH
CVX,2025-08-11,77.0441,USD,SYNTH
CVX,2025-08-12,78.2205,USD,SYNTH
CVX,2025-08-13,76.0078,USD,SYNTH
CVX,2025-08-14,76.4793,USD,SYNTH
CVX,2025-08-15,77.8531,USD,SYNTH
CVX,2025-08-18,79.0657,USD,SYNTH
CVX,2025-08-19,81.7371,USD,SYNTH
CVX,2025-08-20,84.6353,USD,SYNTH
CVX,2025-08-21,83.5843,USD,SYNTH
CVX,2025-08-22,84.1936,USD,SYNTH
CVX,2025-08-25,87.8580,USD,SYNTH
CVX,2025-08-26,89.9057,USD,SYNTH
CVX,2025-08-27,88.8477,USD,SYNTH
CVX,2025-08-28,86.4358,USD,SYNTH
CVX,2025-08-29,84.0404,USD,SYNTH
CVX,2025-09-01,85.0580,USD,SYNTH
CVX,2025-09-02,84.9188,USD,SYNTH
CVX,2025-09-03,84.6641,USD,SYNTH
CVX,2025-09-04,83.8060,USD,SYNTH
CVX,2025-09-05,82.5333,USD,SYNTH
CVX,2025-09-08,83.4741,USD,SYNTH
CVX,2025-09-09,83.4577,USD,SYNTH
CVX,2025-09-10,84.1303,USD,SYNTH
CVX,2025-09-11,81.6761,USD,SYNTH
CVX,2025-09-12,84.3320,USD,SYNTH
CVX,2025-09-15,86.1467,USD,SYNTH
CVX,2025-09-16,87.8327,USD,SYNTH
CVX,2025-09-17,84.5966,USD,SYNTH
CVX,2025-09-18,85.9780,USD,SYNTH
CVX,2025-09-19,83.7852,USD,SYNTH
CVX,2025-09-22,84.4576,USD,SYNTH
CVX,2025-09-23,86.2506,USD,SYNTH
CVX,2025-09-24,87.9402,USD,SYNTH
CVX,2025-09-25,89.1162,USD,SYNTH
CVX,2025-09-26,92.1149,USD,SYNTH
CVX,2025-09-29,92.4164,USD,SYNTH
CVX,2025-09-30,91.1010,USD,SYNTH
CVX,2025-10-01,90.2628,USD,SYNTH
CVX,2025-10-02,90.3213,USD,SYNTH
CVX,2025-10-03,91.7120,USD,SYNTH
CVX,2025-10-06,89.9851,USD,SYNTH
CVX,2025-10-07,91.3326,USD,SYNTH
CVX,2025-10-08,91.3197,USD,SYNTH
CVX,2025-10-09,90.5913,USD,SYNTH
CVX,2025-10-10,89.0955,USD,SYNTH
CVX,2025-10-13,88.3661,USD,SYNTH
CVX,2025-10-14,88.8783,USD,SYNTH
CVX,2025-10-15,88.5936,USD,SYNTH
CVX,2025-10-16,89.8232,USD,SYNTH
CVX,2025-10-17,87.2445,USD,SYNTH
CVX,2025-10-20,84.9626,USD,SYNTH
CVX,2025-10-21,83.4023,USD,SYNTH
CVX,2025-10-22,85.0926,USD,SYNTH
CVX,2025-10-23,84.9051,USD,SYNTH
CVX,2025-10-24,84.9877,USD,SYNTH
CVX,2025-10-27,85.9186,USD,SYNTH
CVX,2025-10-28,86.9593,USD,SYNTH
CVX,2025-10-29,86.1496,USD,SYNTH
CVX,2025-10-30,83.9622,USD,SYNTH
CVX,2025-10-31,83.4456,USD,SYNTH
CVX,2025-11-03,81.1746,USD,SYNTH
CVX,2025-11-04,81.1009,USD,SYNTH
CVX,2025-11-05,80.0063,USD,SYNTH
CVX,2025-11-06,80.4443,USD,SYNTH
CVX,2025-11-07,80.7524,USD,SYNTH
CVX,2025-11-10,80.2476,USD,SYNTH
CVX,2025-11-11,81.1885,USD,SYNTH
CVX,2025-11-12,85.3586,USD,SYNTH
CVX,2025-11-13,82.5495,USD,SYNTH
CVX,2025-11-14,86.1801,USD,SYNTH
CVX,2025-11-17,84.6969,USD,SYNTH
CVX,2025-11-18,82.6574,USD,SYNTH
CVX,2025-11-19,81.2520,USD,SYNTH
CVX,2025-11-20,82.3497,USD,SYNTH
CVX,2025-11-21,82.6942,USD,SYNTH
CVX,2025-11-24,81.7961,USD,SYNTH
CVX,2025-11-25,80.9671,USD,SYNTH
CVX,2025-11-26,79.8843,USD,SYNTH
CVX,2025-11-27,80.7589,USD,SYNTH
CVX,2025-11-28,82.6073,USD,SYNTH
CVX,2025-12-01,82.2525,USD,SYNTH
CVX,2025-12-02,81.2714,USD,SYNTH
CVX,2025-12-03,80.7455,USD,SYNTH
CVX,2025-12-04,77.4158,USD,SYNTH
CVX,2025-12-05,77.3633,USD,SYNTH
CVX,2025-12-08,77.9198,USD,SYNTH
CVX,2025-12-09,77.4253,USD,SYNTH
CVX,2025-12-10,76.7451,USD,SYNTH
CVX,2025-12-11,78.3170,USD,SYNTH
CVX,2025-12-12,78.7823,USD,SYNTH
CVX,2025-12-15,79.3557,USD,SYNTH
CVX,2025-12-16,80.0981,USD,SYNTH
CVX,2025-12-17,80.3287,USD,SYNTH
CVX,2025-12-18,82.2522,USD,SYNTH
CVX,2025-12-19,80.2491,USD,SYNTH
CVX,2025-12-22,80.2281,USD,SYNTH
CVX,2025-12-23,76.9551,USD,SYNTH
CVX,2025-12-24,76.3957,USD,SYNTH
CVX,2025-12-25,79.1735,USD,SYNTH
CVX,2025-12-26,77.3665,USD,SYNTH
CVX,2025-12-29,75.8534,USD,SYNTH
CVX,2025-12-30,75.7740,USD,SYNTH
CVX,2025-12-31,76.9742,USD,SYNTH
CVX,2026-01-01,77.9397,USD,SYNTH
CVX,2026-01-02,77.2003,USD,SYNTH
CVX,2026-01-05,79.5824,USD,SYNTH
CVX,2026-01-06,79.5232,USD,SYNTH
CVX,2026-01-07,81.1767,USD,SYNTH
CVX,2026-01-08,83.5293,USD,SYNTH
CVX,2026-01-09,82.0763,USD,SYNTH
CVX,2026-01-12,79.8924,USD,SYNTH
CVX,2026-01-13,80.6869,USD,SYNTH
CVX,2026-01-14,80.9815,USD,SYNTH
CVX,2026-01-15,81.0556,USD,SYNTH
CVX,2026-01-16,81.4710,USD,SYNTH
CVX,2026-01-19,81.3482,USD,SYNTH
CVX,2026-01-20,83.6589,USD,SYNTH
CVX,2026-01-21,79.1504,USD,SYNTH
CVX,2026-01-22,80.9847,USD,SYNTH
CVX,2026-01-23,81.3865,USD,SYNTH
CVX,2026-01-26,81.2242,USD,SYNTH
CVX,2026-01-27,79.8232,USD,SYNTH
CVX,2026-01-28,81.6178,USD,SYNTH
CVX,2026-01-29,79.9374,USD,SYNTH
CVX,2026-01-30,80.1171,USD,SYNTH
CVX,2026-02-02,81.7816,USD,SYNTH
CVX,2026-02-03,79.3698,USD,SYNTH
CVX,2026-02-04,79.8452,USD,SYNTH
CVX,2026-02-05,80.3159,USD,SYNTH
CVX,2026-02-06,80.9570,USD,SYNTH
CVX,2026-02-09,80.3035,USD,SYNTH
CVX,2026-02-10,81.1740,USD,SYNTH
CVX,2026-02-11,82.7159,USD,SYNTH
CVX,2026-02-12,82.2934,USD,SYNTH
CVX,2026-02-13,85.4042,USD,SYNTH
CVX,2026-02-16,83.6829,USD,SYNTH
CVX,2026-02-17,82.6858,USD,SYNTH
CVX,2026-02-18,84.5005,USD,SYNTH
CVX,2026-02-19,84.1962,USD,SYNTH
CVX,2026-02-20,82.8016,USD,SYNTH
CVX,2026-02-23,82.1609,USD,SYNTH
CVX,2026-02-24,84.4255,USD,SYNTH
CVX,2026-02-25,85.6572,USD,SYNTH
CVX,2026-02-26,84.2546,USD,SYNTH
CVX,2026-02-27,81.4389,USD,SYNTH
CVX,2026-03-02,83.6508,USD,SYNTH
CVX,2026-03-03,84.0458,USD,SYNTH
CVX,2026-03-04,83.4316,USD,SYNTH
CVX,2026-03-05,82.0937,USD,SYNTH
CVX,2026-03-06,79.0559,USD,SYNTH
CVX,2026-03-09,77.1993,USD,SYNTH
CVX,2026-03-10,77.6398,USD,SYNTH
CVX,2026-03-11,76.9731,USD,SYNTH
CVX,2026-03-12,79.2761,USD,SYNTH
CVX,2026-03-13,80.6112,USD,SYNTH
CVX,2026-03-16,79.7761,USD,SYNTH
CVX,2026-03-17,78.4686,USD,SYNTH
CVX,2026-03-18,80.3144,USD,SYNTH
CVX,2026-03-19,79.7992,USD,SYNTH
CVX,2026-03-20,83.6203,USD,SYNTH
CVX,2026-03-23,83.7906,USD,SYNTH
CVX,2026-03-24,81.7571,USD,SYNTH
CVX,2026-03-25,78.7784,USD,SYNTH
CVX,2026-03-26,77.7591,USD,SYNTH
CVX,2026-03-27,79.8055,USD,SYNTH
CVX,2026-03-30,79.4745,USD,SYNTH
CVX,2026-03-31,75.9217,USD,SYNTH
CVX,2026-04-01,75.0903,USD,SYNTH
CVX,2026-04-02,74.7206,USD,SYNTH
CVX,2026-04-03,76.5855,USD,SYNTH
CVX,2026-04-06,77.2048,USD,SYNTH
CVX,2026-04-07,77.0195,USD,SYNTH
CVX,2026-04-08,77.4626,USD,SYNTH
CVX,2026-04-09,80.5872,USD,SYNTH
CVX,2026-04-10,82.1476,USD,SYNTH
CVX,2026-04-13,81.0759,USD,SYNTH
CVX,2026-04-14,82.0987,USD,SYNTH
CVX,2026-04-15,83.7961,USD,SYNTH
CVX,2026-04-16,87.3348,USD,SYNTH
CVX,2026-04-17,87.8120,USD,SYNTH
CVX,2026-04-20,87.3273,USD,SYNTH
CVX,2026-04-21,87.9157,USD,SYNTH
CVX,2026-04-22,87.1867,USD,SYNTH
CVX,2026-04-23,87.4497,USD,SYNTH
CVX,2026-04-24,86.2088,USD,SYNTH
CVX,2026-04-27,86.2710,USD,SYNTH
CVX,2026-04-28,84.0346,USD,SYNTH
CVX,2026-04-29,85.3364,USD,SYNTH
CVX,2026-04-30,86.5887,USD,SYNTH
CVX,2026-05-01,84.0417,USD,SYNTH
CVX,2026-05-04,85.1971,USD,SYNTH
CVX,2026-05-05,84.3633,USD,SYNTH
CVX,2026-05-06,86.5340,USD,SYNTH
CVX,2026-05-07,88.1244,USD,SYNTH
CVX,2026-05-08,89.8751,USD,SYNTH
CVX,2026-05-11,90.8583,USD,SYNTH
CVX,2026-05-12,89.1796,USD,SYNTH
CVX,2026-05-13,85.8721,USD,SYNTH
CVX,2026-05-14,86.1074,USD,SYNTH
CVX,2026-05-15,84.1606,USD,SYNTH
CVX,2026-05-18,84.4734,USD,SYNTH
CVX,2026-05-19,82.2358,USD,SYNTH
CVX,2026-05-20,83.4168,USD,SYNTH
CVX,2026-05-21,84.2164,USD,SYNTH
CVX,2026-05-22,82.3021,USD,SYNTH
IBM,2025-05-01,377.6133,USD,SYNTH
IBM,2025-05-02,380.6078,USD,SYNTH
IBM,2025-05-05,386.7861,USD,SYNTH
IBM,2025-05-06,388.5025,USD,SYNTH
IBM,2025-05-07,383.7661,USD,SYNTH
IBM,2025-05-08,384.9995,USD,SYNTH
IBM,2025-05-09,383.5461,USD,SYNTH
IBM,2025-05-12,379.9707,USD,SYNTH
IBM,2025-05-13,370.4500,USD,SYNTH
IBM,2025-05-14,370.8373,USD,SYNTH
IBM,2025-05-15,365.4824,USD,SYNTH
IBM,2025-05-16,364.7500,USD,SYNTH
IBM,2025-05-19,351.6377,USD,SYNTH
IBM,2025-05-20,357.0365,USD,SYNTH
IBM,2025-05-21,353.5342,USD,SYNTH
IBM,2025-05-22,354.1463,USD,SYNTH
IBM,2025-05-23,363.8152,USD,SYNTH
IBM,2025-05-26,374.0986,USD,SYNTH
IBM,2025-05-27,378.6683,USD,SYNTH
IBM,2025-05-28,371.8219,USD,SYNTH
IBM,2025-05-29,371.3434,USD,SYNTH
IBM,2025-05-30,373.4604,USD,SYNTH
IBM,2025-06-02,375.3830,USD,SYNTH
IBM,2025-06-03,376.4451,USD,SYNTH
IBM,2025-06-04,382.1169,USD,SYNTH
IBM,2025-06-05,386.7599,USD,SYNTH
IBM,2025-06-06,395.3620,USD,SYNTH
IBM,2025-06-09,401.3351,USD,SYNTH
IBM,2025-06-10,396.4363,USD,SYNTH
IBM,2025-06-11,394.2799,USD,SYNTH
IBM,2025-06-12,394.3087,USD,SYNTH
IBM,2025-06-13,397.3573,USD,SYNTH
IBM,2025-06-16,393.9593,USD,SYNTH
IBM,2025-06-17,394.0020,USD,SYNTH
IBM,2025-06-18,391.7669,USD,SYNTH
IBM,2025-06-19,388.1151,USD,SYNTH
IBM,2025-06-20,391.1157,USD,SYNTH
IBM,2025-06-23,397.6386,USD,SYNTH
IBM,2025-06-24,410.4438,USD,SYNTH
IBM,2025-06-25,418.1222,USD,SYNTH
IBM,2025-06-26,415.2949,USD,SYNTH
IBM,2025-06-27,424.9214,USD,SYNTH
IBM,2025-06-30,414.1080,USD,SYNTH
IBM,2025-07-01,417.3301,USD,SYNTH
IBM,2025-07-02,413.2553,USD,SYNTH
IBM,2025-07-03,409.2821,USD,SYNTH
IBM,2025-07-04,423.9994,USD,SYNTH
IBM,2025-07-07,420.9181,USD,SYNTH
IBM,2025-07-08,422.9081,USD,SYNTH
IBM,2025-07-09,427.5311,USD,SYNTH
IBM,2025-07-10,427.4638,USD,SYNTH
IBM,2025-07-11,417.1201,USD,SYNTH
IBM,2025-07-14,419.7085,USD,SYNTH
IBM,2025-07-15,417.2481,USD,SYNTH
IBM,2025-07-16,416.5788,USD,SYNTH
IBM,2025-07-17,416.5298,USD,SYNTH
IBM,2025-07-18,420.0749,USD,SYNTH
IBM,2025-07-21,423.3071,USD,SYNTH
IBM,2025-07-22,411.8641,USD,SYNTH
IBM,2025-07-23,413.6172,USD,SYNTH
IBM,2025-07-24,426.8753,USD,SYNTH
IBM,2025-07-25,412.3453,USD,SYNTH
IBM,2025-07-28,405.5942,USD,SYNTH
IBM,2025-07-29,400.6792,USD,SYNTH
IBM,2025-07-30,386.4759,USD,SYNTH
IBM,2025-07-31,373.8610,USD,SYNTH
IBM,2025-08-01,367.5169,USD,SYNTH
IBM,2025-08-04,375.2278,USD,SYNTH
IBM,2025-08-05,372.8594,USD,SYNTH
IBM,2025-08-06,366.7108,USD,SYNTH
IBM,2025-08-07,365.7123,USD,SYNTH
IBM,2025-08-08,369.0406,USD,SYNTH
IBM,2025-08-11,372.3754,USD,SYNTH
IBM,2025-08-12,372.7715,USD,SYNTH
IBM,2025-08-13,390.6082,USD,SYNTH
IBM,2025-08-14,392.5854,USD,SYNTH
IBM,2025-08-15,395.7663,USD,SYNTH
IBM,2025-08-18,392.1048,USD,SYNTH
IBM,2025-08-19,386.1419,USD,SYNTH
IBM,2025-08-20,378.1642,USD,SYNTH
IBM,2025-08-21,369.4967,USD,SYNTH
IBM,2025-08-22,373.2699,USD,SYNTH
IBM,2025-08-25,374.4699,USD,SYNTH
IBM,2025-08-26,370.3326,USD,SYNTH
IBM,2025-08-27,368.1044,USD,SYNTH
IBM,2025-08-28,375.2331,USD,SYNTH
IBM,2025-08-29,373.9459,USD,SYNTH
IBM,2025-09-01,374.2882,USD,SYNTH
IBM,2025-09-02,376.3496,USD,SYNTH
IBM,2025-09-03,379.8295,USD,SYNTH
IBM,2025-09-04,374.7732,USD,SYNTH
IBM,2025-09-05,358.2665,USD,SYNTH
IBM,2025-09-08,345.7954,USD,SYNTH
IBM,2025-09-09,348.0976,USD,SYNTH
IBM,2025-09-10,344.5887,USD,SYNTH
IBM,2025-09-11,342.5698,USD,SYNTH
IBM,2025-09-12,332.0840,USD,SYNTH
IBM,2025-09-15,327.3983,USD,SYNTH
IBM,2025-09-16,328.2000,USD,SYNTH
IBM,2025-09-17,328.5320,USD,SYNTH
IBM,2025-09-18,322.2511,USD,SYNTH
IBM,2025-09-19,315.6497,USD,SYNTH
IBM,2025-09-22,326.6933,USD,SYNTH
IBM,2025-09-23,325.3226,USD,SYNTH
IBM,2025-09-24,324.7810,USD,SYNTH
IBM,2025-09-25,317.0352,USD,SYNTH
IBM,2025-09-26,312.6724,USD,SYNTH
IBM,2025-09-29,311.2051,USD,SYNTH
IBM,2025-09-30,304.8547,USD,SYNTH
IBM,2025-10-01,305.4430,USD,SYNTH
IBM,2025-10-02,299.1779,USD,SYNTH
IBM,2025-10-03,295.2590,USD,SYNTH
IBM,2025-10-06,291.1053,USD,SYNTH
IBM,2025-10-07,282.4938,USD,SYNTH
IBM,2025-10-08,274.5529,USD,SYNTH
IBM,2025-10-09,275.2294,USD,SYNTH
IBM,2025-10-10,270.2064,USD,SYNTH
IBM,2025-10-13,269.3864,USD,SYNTH
IBM,2025-10-14,268.7610,USD,SYNTH
IBM,2025-10-15,270.4463,USD,SYNTH
IBM,2025-10-16,274.4824,USD,SYNTH
IBM,2025-10-17,271.3645,USD,SYNTH
IBM,2025-10-20,265.8179,USD,SYNTH
IBM,2025-10-21,266.8299,USD,SYNTH
IBM,2025-10-22,271.0203,USD,SYNTH
IBM,2025-10-23,269.4172,USD,SYNTH
IBM,2025-10-24,269.1759,USD,SYNTH
IBM,2025-10-27,268.3166,USD,SYNTH
IBM,2025-10-28,267.6506,USD,SYNTH
IBM,2025-10-29,270.7893,USD,SYNTH
IBM,2025-10-30,268.9007,USD,SYNTH
IBM,2025-10-31,271.9050,USD,SYNTH
IBM,2025-11-03,274.0146,USD,SYNTH
IBM,2025-11-04,284.7025,USD,SYNTH
IBM,2025-11-05,281.0913,USD,SYNTH
IBM,2025-11-06,286.9948,USD,SYNTH
IBM,2025-11-07,291.2285,USD,SYNTH
IBM,2025-11-10,284.9058,USD,SYNTH
IBM,2025-11-11,287.8943,USD,SYNTH
IBM,2025-11-12,291.1503,USD,SYNTH
IBM,2025-11-13,288.0455,USD,SYNTH
IBM,2025-11-14,275.3716,USD,SYNTH
IBM,2025-11-17,279.1502,USD,SYNTH
IBM,2025-11-18,272.7207,USD,SYNTH
IBM,2025-11-19,271.9561,USD,SYNTH
IBM,2025-11-20,263.3505,USD,SYNTH
IBM,2025-11-21,266.2424,USD,SYNTH
IBM,2025-11-24,257.5240,USD,SYNTH
IBM,2025-11-25,254.8782,USD,SYNTH
IBM,2025-11-26,252.3645,USD,SYNTH
IBM,2025-11-27,252.4086,USD,SYNTH
IBM,2025-11-28,245.7462,USD,SYNTH
IBM,2025-12-01,247.8520,USD,SYNTH
IBM,2025-12-02,250.0843,USD,SYNTH
IBM,2025-12-03,248.5248,USD,SYNTH
IBM,2025-12-04,247.3271,USD,SYNTH
IBM,2025-12-05,235.1451,USD,SYNTH
IBM,2025-12-08,242.0100,USD,SYNTH
IBM,2025-12-09,241.0948,USD,SYNTH
IBM,2025-12-10,243.9749,USD,SYNTH
IBM,2025-12-11,244.8517,USD,SYNTH
IBM,2025-12-12,245.1708,USD,SYNTH
IBM,2025-12-15,248.2840,USD,SYNTH
IBM,2025-12-16,245.5006,USD,SYNTH
IBM,2025-12-17,250.0778,USD,SYNTH
IBM,2025-12-18,257.2435,USD,SYNTH
IBM,2025-12-19,258.2509,USD,SYNTH
IBM,2025-12-22,257.5989,USD,SYNTH
IBM,2025-12-23,262.2088,USD,SYNTH
IBM,2025-12-24,264.2382,USD,SYNTH
IBM,2025-12-25,262.5339,USD,SYNTH
IBM,2025-12-26,260.9990,USD,SYNTH
IBM,2025-12-29,261.6651,USD,SYNTH
IBM,2025-12-30,265.3327,USD,SYNTH
IBM,2025-12-31,263.0070,USD,SYNTH
IBM,2026-01-01,266.8260,USD,SYNTH
IBM,2026-01-02,276.3318,USD,SYNTH
IBM,2026-01-05,279.3626,USD,SYNTH
IBM,2026-01-06,279.1306,USD,SYNTH
IBM,2026-01-07,282.0737,USD,SYNTH
IBM,2026-01-08,279.9134,USD,SYNTH
IBM,2026-01-09,274.3567,USD,SYNTH
IBM,2026-01-12,270.6924,USD,SYNTH
IBM,2026-01-13,264.1008,USD,SYNTH
IBM,2026-01-14,268.7495,USD,SYNTH
IBM,2026-01-15,266.5207,USD,SYNTH
IBM,2026-01-16,257.7231,USD,SYNTH
IBM,2026-01-19,260.1700,USD,SYNTH
IBM,2026-01-20,261.9470,USD,SYNTH
IBM,2026-01-21,263.4576,USD,SYNTH
IBM,2026-01-22,257.1765,USD,SYNTH
IBM,2026-01-23,252.0797,USD,SYNTH
IBM,2026-01-26,260.1501,USD,SYNTH
IBM,2026-01-27,257.3965,USD,SYNTH
IBM,2026-01-28,259.5850,USD,SYNTH
IBM,2026-01-29,260.2377,USD,SYNTH
IBM,2026-01-30,253.8246,USD,SYNTH
IBM,2026-02-02,247.1649,USD,SYNTH
IBM,2026-02-03,249.4432,USD,SYNTH
IBM,2026-02-04,248.1256,USD,SYNTH
IBM,2026-02-05,246.9390,USD,SYNTH
IBM,2026-02-06,251.6437,USD,SYNTH
IBM,2026-02-09,244.3678,USD,SYNTH
IBM,2026-02-10,244.1765,USD,SYNTH
IBM,2026-02-11,249.3983,USD,SYNTH
IBM,2026-02-12,253.2582,USD,SYNTH
IBM,2026-02-13,252.0759,USD,SYNTH
IBM,2026-02-16,254.2812,USD,SYNTH
IBM,2026-02-17,257.2153,USD,SYNTH
IBM,2026-02-18,253.2388,USD,SYNTH
IBM,2026-02-19,246.5791,USD,SYNTH
IBM,2026-02-20,250.4902,USD,SYNTH
IBM,2026-02-23,250.8068,USD,SYNTH
IBM,2026-02-24,259.0950,USD,SYNTH
IBM,2026-02-25,256.1705,USD,SYNTH
IBM,2026-02-26,260.8401,USD,SYNTH
IBM,2026-02-27,264.8160,USD,SYNTH
IBM,2026-03-02,267.2436,USD,SYNTH
IBM,2026-03-03,267.4622,USD,SYNTH
IBM,2026-03-04,262.9911,USD,SYNTH
IBM,2026-03-05,261.6881,USD,SYNTH
IBM,2026-03-06,259.4417,USD,SYNTH
IBM,2026-03-09,259.6272,USD,SYNTH
IBM,2026-03-10,254.8151,USD,SYNTH
IBM,2026-03-11,256.0192,USD,SYNTH
IBM,2026-03-12,264.3090,USD,SYNTH
IBM,2026-03-13,260.2113,USD,SYNTH
IBM,2026-03-16,262.7771,USD,SYNTH
IBM,2026-03-17,253.9126,USD,SYNTH
IBM,2026-03-18,256.2799,USD,SYNTH
IBM,2026-03-19,257.5661,USD,SYNTH
IBM,2026-03-20,253.4211,USD,SYNTH
IBM,2026-03-23,256.0114,USD,SYNTH
IBM,2026-03-24,256.5688,USD,SYNTH
IBM,2026-03-25,264.9964,USD,SYNTH
IBM,2026-03-26,265.6157,USD,SYNTH
IBM,2026-03-27,267.5830,USD,SYNTH
IBM,2026-03-30,266.9603,USD,SYNTH
IBM,2026-03-31,261.6483,USD,SYNTH
IBM,2026-04-01,273.9805,USD,SYNTH
IBM,2026-04-02,274.9633,USD,SYNTH
IBM,2026-04-03,276.5594,USD,SYNTH
IBM,2026-04-06,277.0646,USD,SYNTH
IBM,2026-04-07,269.8326,USD,SYNTH
IBM,2026-04-08,263.3078,USD,SYNTH
IBM,2026-04-09,255.4471,USD,SYNTH
IBM,2026-04-10,261.5979,USD,SYNTH
IBM,2026-04-13,264.0407,USD,SYNTH
IBM,2026-04-14,262.5265,USD,SYNTH
IBM,2026-04-15,255.8438,USD,SYNTH
IBM,2026-04-16,252.0941,USD,SYNTH
IBM,2026-04-17,251.6987,USD,SYNTH
IBM,2026-04-20,246.1843,USD,SYNTH
IBM,2026-04-21,250.1263,USD,SYNTH
IBM,2026-04-22,246.5814,USD,SYNTH
IBM,2026-04-23,245.4057,USD,SYNTH
IBM,2026-04-24,245.0354,USD,SYNTH
IBM,2026-04-27,235.4570,USD,SYNTH
IBM,2026-04-28,238.9572,USD,SYNTH
IBM,2026-04-29,239.2018,USD,SYNTH
IBM,2026-04-30,229.7330,USD,SYNTH
IBM,2026-05-01,228.1854,USD,SYNTH
IBM,2026-05-04,226.8819,USD,SYNTH
IBM,2026-05-05,222.7250,USD,SYNTH
IBM,2026-05-06,224.1903,USD,SYNTH
IBM,2026-05-07,229.1181,USD,SYNTH
IBM,2026-05-08,230.6165,USD,SYNTH
IBM,2026-05-11,224.8282,USD,SYNTH
IBM,2026-05-12,222.1530,USD,SYNTH
IBM,2026-05-13,214.3092,USD,SYNTH
IBM,2026-05-14,215.1473,USD,SYNTH
IBM,2026-05-15,211.3460,USD,SYNTH
IBM,2026-05-18,212.4573,USD,SYNTH
IBM,2026-05-19,215.5848,USD,SYNTH
IBM,2026-05-20,219.0574,USD,SYNTH
IBM,2026-05-21,219.9423,USD,SYNTH
IBM,2026-05-22,218.9957,USD,SYNTH
91282CQQ7,2025-05-01,96.4771,USD,SYNTH
91282CQQ7,2025-05-02,96.7928,USD,SYNTH
91282CQQ7,2025-05-05,97.1135,USD,SYNTH
91282CQQ7,2025-05-06,97.0999,USD,SYNTH
91282CQQ7,2025-05-07,97.1627,USD,SYNTH
91282CQQ7,2025-05-08,96.9951,USD,SYNTH
91282CQQ7,2025-05-09,96.9386,USD,SYNTH
91282CQQ7,2025-05-12,96.9424,USD,SYNTH
91282CQQ7,2025-05-13,96.8566,USD,SYNTH
91282CQQ7,2025-05-14,97.1120,USD,SYNTH
91282CQQ7,2025-05-15,97.1573,USD,SYNTH
91282CQQ7,2025-05-16,97.0668,USD,SYNTH
91282CQQ7,2025-05-19,97.0073,USD,SYNTH
91282CQQ7,2025-05-20,97.0428,USD,SYNTH
91282CQQ7,2025-05-21,96.8111,USD,SYNTH
91282CQQ7,2025-05-22,96.8811,USD,SYNTH
91282CQQ7,2025-05-23,96.8753,USD,SYNTH
91282CQQ7,2025-05-26,97.0059,USD,SYNTH
91282CQQ7,2025-05-27,97.0576,USD,SYNTH
91282CQQ7,2025-05-28,96.9625,USD,SYNTH
91282CQQ7,2025-05-29,96.8651,USD,SYNTH
91282CQQ7,2025-05-30,97.0665,USD,SYNTH
91282CQQ7,2025-06-02,97.1289,USD,SYNTH
91282CQQ7,2025-06-03,97.2157,USD,SYNTH
91282CQQ7,2025-06-04,97.3023,USD,SYNTH
91282CQQ7,2025-06-05,97.2891,USD,SYNTH
91282CQQ7,2025-06-06,97.1293,USD,SYNTH
91282CQQ7,2025-06-09,97.3914,USD,SYNTH
91282CQQ7,2025-06-10,97.3631,USD,SYNTH
91282CQQ7,2025-06-11,97.5512,USD,SYNTH
91282CQQ7,2025-06-12,97.5382,USD,SYNTH
91282CQQ7,2025-06-13,97.7002,USD,SYNTH
91282CQQ7,2025-06-16,97.5732,USD,SYNTH
91282CQQ7,2025-06-17,97.3806,USD,SYNTH
91282CQQ7,2025-06-18,97.3398,USD,SYNTH
91282CQQ7,2025-06-19,97.2694,USD,SYNTH
91282CQQ7,2025-06-20,97.3658,USD,SYNTH
91282CQQ7,2025-06-23,97.4160,USD,SYNTH
91282CQQ7,2025-06-24,97.1900,USD,SYNTH
91282CQQ7,2025-06-25,97.0819,USD,SYNTH
91282CQQ7,2025-06-26,96.8782,USD,SYNTH
91282CQQ7,2025-06-27,96.7694,USD,SYNTH
91282CQQ7,2025-06-30,96.7560,USD,SYNTH
91282CQQ7,2025-07-01,96.6658,USD,SYNTH
91282CQQ7,2025-07-02,96.8350,USD,SYNTH
91282CQQ7,2025-07-03,96.8958,USD,SYNTH
91282CQQ7,2025-07-04,96.7723,USD,SYNTH
91282CQQ7,2025-07-07,96.9592,USD,SYNTH
91282CQQ7,2025-07-08,97.0916,USD,SYNTH
91282CQQ7,2025-07-09,97.1201,USD,SYNTH
91282CQQ7,2025-07-10,97.0671,USD,SYNTH
91282CQQ7,2025-07-11,97.3491,USD,SYNTH
91282CQQ7,2025-07-14,97.4656,USD,SYNTH
91282CQQ7,2025-07-15,97.3084,USD,SYNTH
91282CQQ7,2025-07-16,97.3320,USD,SYNTH
91282CQQ7,2025-07-17,97.2104,USD,SYNTH
91282CQQ7,2025-07-18,97.3409,USD,SYNTH
91282CQQ7,2025-07-21,97.1907,USD,SYNTH
91282CQQ7,2025-07-22,97.0978,USD,SYNTH
91282CQQ7,2025-07-23,97.0079,USD,SYNTH
91282CQQ7,2025-07-24,97.0778,USD,SYNTH
91282CQQ7,2025-07-25,96.9250,USD,SYNTH
91282CQQ7,2025-07-28,96.9261,USD,SYNTH
91282CQQ7,2025-07-29,96.6134,USD,SYNTH
91282CQQ7,2025-07-30,96.7366,USD,SYNTH
91282CQQ7,2025-07-31,96.3469,USD,SYNTH
91282CQQ7,2025-08-01,96.3725,USD,SYNTH
91282CQQ7,2025-08-04,96.4086,USD,SYNTH
91282CQQ7,2025-08-05,96.3364,USD,SYNTH
91282CQQ7,2025-08-06,96.4952,USD,SYNTH
91282CQQ7,2025-08-07,96.6587,USD,SYNTH
91282CQQ7,2025-08-08,96.8143,USD,SYNTH
91282CQQ7,2025-08-11,96.9790,USD,SYNTH
91282CQQ7,2025-08-12,97.0266,USD,SYNTH
91282CQQ7,2025-08-13,96.9714,USD,SYNTH
91282CQQ7,2025-08-14,97.0097,USD,SYNTH
91282CQQ7,2025-08-15,97.1700,USD,SYNTH
91282CQQ7,2025-08-18,97.1623,USD,SYNTH
91282CQQ7,2025-08-19,96.8123,USD,SYNTH
91282CQQ7,2025-08-20,96.5686,USD,SYNTH
91282CQQ7,2025-08-21,96.8297,USD,SYNTH
91282CQQ7,2025-08-22,96.7101,USD,SYNTH
91282CQQ7,2025-08-25,96.6215,USD,SYNTH
91282CQQ7,2025-08-26,96.7584,USD,SYNTH
91282CQQ7,2025-08-27,96.8886,USD,SYNTH
91282CQQ7,2025-08-28,96.9697,USD,SYNTH
91282CQQ7,2025-08-29,96.9908,USD,SYNTH
91282CQQ7,2025-09-01,96.6820,USD,SYNTH
91282CQQ7,2025-09-02,97.0037,USD,SYNTH
91282CQQ7,2025-09-03,96.9486,USD,SYNTH
91282CQQ7,2025-09-04,97.1071,USD,SYNTH
91282CQQ7,2025-09-05,97.1277,USD,SYNTH
91282CQQ7,2025-09-08,97.0497,USD,SYNTH
91282CQQ7,2025-09-09,97.0109,USD,SYNTH
91282CQQ7,2025-09-10,96.9863,USD,SYNTH
91282CQQ7,2025-09-11,97.2265,USD,SYNTH
91282CQQ7,2025-09-12,97.0379,USD,SYNTH
91282CQQ7,2025-09-15,97.0957,USD,SYNTH
91282CQQ7,2025-09-16,97.3587,USD,SYNTH
91282CQQ7,2025-09-17,97.2843,USD,SYNTH
91282CQQ7,2025-09-18,97.2896,USD,SYNTH
91282CQQ7,2025-09-19,97.1182,USD,SYNTH
91282CQQ7,2025-09-22,97.3579,USD,SYNTH
91282CQQ7,2025-09-23,97.1924,USD,SYNTH
91282CQQ7,2025-09-24,97.2865,USD,SYNTH
91282CQQ7,2025-09-25,96.9995,USD,SYNTH
91282CQQ7,2025-09-26,96.8741,USD,SYNTH
91282CQQ7,2025-09-29,96.9064,USD,SYNTH
91282CQQ7,2025-09-30,96.7445,USD,SYNTH
91282CQQ7,2025-10-01,96.7074,USD,SYNTH
91282CQQ7,2025-10-02,96.5130,USD,SYNTH
91282CQQ7,2025-10-03,96.5259,USD,SYNTH
91282CQQ7,2025-10-06,96.3547,USD,SYNTH
91282CQQ7,2025-10-07,96.2015,USD,SYNTH
91282CQQ7,2025-10-08,96.2398,USD,SYNTH
91282CQQ7,2025-10-09,95.9649,USD,SYNTH
91282CQQ7,2025-10-10,96.0557,USD,SYNTH
91282CQQ7,2025-10-13,95.9381,USD,SYNTH
91282CQQ7,2025-10-14,96.1679,USD,SYNTH
91282CQQ7,2025-10-15,96.0921,USD,SYNTH
91282CQQ7,2025-10-16,95.9650,USD,SYNTH
91282CQQ7,2025-10-17,95.9805,USD,SYNTH
91282CQQ7,2025-10-20,96.1241,USD,SYNTH
91282CQQ7,2025-10-21,95.7729,USD,SYNTH
91282CQQ7,2025-10-22,95.6808,USD,SYNTH
91282CQQ7,2025-10-23,95.8613,USD,SYNTH
91282CQQ7,2025-10-24,95.7117,USD,SYNTH
91282CQQ7,2025-10-27,95.5366,USD,SYNTH
91282CQQ7,2025-10-28,95.3086,USD,SYNTH
91282CQQ7,2025-10-29,95.2591,USD,SYNTH
91282CQQ7,2025-10-30,95.0797,USD,SYNTH
91282CQQ7,2025-10-31,95.1436,USD,SYNTH
91282CQQ7,2025-11-03,94.9292,USD,SYNTH
91282CQQ7,2025-11-04,94.8613,USD,SYNTH
91282CQQ7,2025-11-05,94.8340,USD,SYNTH
91282CQQ7,2025-11-06,94.7474,USD,SYNTH
91282CQQ7,2025-11-07,94.7135,USD,SYNTH
91282CQQ7,2025-11-10,94.5766,USD,SYNTH
91282CQQ7,2025-11-11,94.4504,USD,SYNTH
91282CQQ7,2025-11-12,94.6244,USD,SYNTH
91282CQQ7,2025-11-13,94.6846,USD,SYNTH
91282CQQ7,2025-11-14,94.7446,USD,SYNTH
91282CQQ7,2025-11-17,94.8946,USD,SYNTH
91282CQQ7,2025-11-18,94.9520,USD,SYNTH
91282CQQ7,2025-11-19,94.9085,USD,SYNTH
91282CQQ7,2025-11-20,94.9910,USD,SYNTH
91282CQQ7,2025-11-21,94.9560,USD,SYNTH
91282CQQ7,2025-11-24,95.2046,USD,SYNTH
91282CQQ7,2025-11-25,95.2345,USD,SYNTH
91282CQQ7,2025-11-26,95.2411,USD,SYNTH
91282CQQ7,2025-11-27,95.4644,USD,SYNTH
91282CQQ7,2025-11-28,95.5825,USD,SYNTH
91282CQQ7,2025-12-01,95.4817,USD,SYNTH
91282CQQ7,2025-12-02,95.5502,USD,SYNTH
91282CQQ7,2025-12-03,95.3668,USD,SYNTH
91282CQQ7,2025-12-04,95.3314,USD,SYNTH
91282CQQ7,2025-12-05,95.3565,USD,SYNTH
91282CQQ7,2025-12-08,95.3766,USD,SYNTH
91282CQQ7,2025-12-09,95.3529,USD,SYNTH
91282CQQ7,2025-12-10,95.2162,USD,SYNTH
91282CQQ7,2025-12-11,95.2733,USD,SYNTH
91282CQQ7,2025-12-12,95.3526,USD,SYNTH
91282CQQ7,2025-12-15,95.2562,USD,SYNTH
91282CQQ7,2025-12-16,95.2530,USD,SYNTH
91282CQQ7,2025-12-17,95.3234,USD,SYNTH
91282CQQ7,2025-12-18,95.3938,USD,SYNTH
91282CQQ7,2025-12-19,95.4446,USD,SYNTH
91282CQQ7,2025-12-22,95.5125,USD,SYNTH
91282CQQ7,2025-12-23,95.5991,USD,SYNTH
91282CQQ7,2025-12-24,95.7029,USD,SYNTH
91282CQQ7,2025-12-25,95.7685,USD,SYNTH
91282CQQ7,2025-12-26,95.6954,USD,SYNTH
91282CQQ7,2025-12-29,95.7435,USD,SYNTH
91282CQQ7,2025-12-30,95.6477,USD,SYNTH
91282CQQ7,2025-12-31,95.5638,USD,SYNTH
91282CQQ7,2026-01-01,95.6129,USD,SYNTH
91282CQQ7,2026-01-02,95.6213,USD,SYNTH
91282CQQ7,2026-01-05,95.5243,USD,SYNTH
91282CQQ7,2026-01-06,95.6046,USD,SYNTH
91282CQQ7,2026-01-07,95.4962,USD,SYNTH
91282CQQ7,2026-01-08,95.5622,USD,SYNTH
91282CQQ7,2026-01-09,95.3715,USD,SYNTH
91282CQQ7,2026-01-12,95.5606,USD,SYNTH
91282CQQ7,2026-01-13,95.6305,USD,SYNTH
91282CQQ7,2026-01-14,95.6970,USD,SYNTH
91282CQQ7,2026-01-15,95.6996,USD,SYNTH
91282CQQ7,2026-01-16,95.5089,USD,SYNTH
91282CQQ7,2026-01-19,95.2698,USD,SYNTH
91282CQQ7,2026-01-20,95.2803,USD,SYNTH
91282CQQ7,2026-01-21,95.2273,USD,SYNTH
91282CQQ7,2026-01-22,95.2740,USD,SYNTH
91282CQQ7,2026-01-23,95.4223,USD,SYNTH
91282CQQ7,2026-01-26,95.4818,USD,SYNTH
91282CQQ7,2026-01-27,95.3443,USD,SYNTH
91282CQQ7,2026-01-28,95.4351,USD,SYNTH
91282CQQ7,2026-01-29,95.3478,USD,SYNTH
91282CQQ7,2026-01-30,95.4051,USD,SYNTH
91282CQQ7,2026-02-02,95.4906,USD,SYNTH
91282CQQ7,2026-02-03,95.4162,USD,SYNTH
91282CQQ7,2026-02-04,95.6252,USD,SYNTH
91282CQQ7,2026-02-05,95.5763,USD,SYNTH
91282CQQ7,2026-02-06,95.5805,USD,SYNTH
91282CQQ7,2026-02-09,95.7628,USD,SYNTH
91282CQQ7,2026-02-10,95.7897,USD,SYNTH
91282CQQ7,2026-02-11,95.6702,USD,SYNTH
91282CQQ7,2026-02-12,95.6201,USD,SYNTH
91282CQQ7,2026-02-13,95.6533,USD,SYNTH
91282CQQ7,2026-02-16,95.5897,USD,SYNTH
91282CQQ7,2026-02-17,95.5168,USD,SYNTH
91282CQQ7,2026-02-18,95.6525,USD,SYNTH
91282CQQ7,2026-02-19,95.6248,USD,SYNTH
91282CQQ7,2026-02-20,95.8741,USD,SYNTH
91282CQQ7,2026-02-23,95.8509,USD,SYNTH
91282CQQ7,2026-02-24,95.7042,USD,SYNTH
91282CQQ7,2026-02-25,95.6689,USD,SYNTH
91282CQQ7,2026-02-26,95.8026,USD,SYNTH
91282CQQ7,2026-02-27,95.7194,USD,SYNTH
91282CQQ7,2026-03-02,95.8799,USD,SYNTH
91282CQQ7,2026-03-03,95.8809,USD,SYNTH
91282CQQ7,2026-03-04,95.9377,USD,SYNTH
91282CQQ7,2026-03-05,95.8333,USD,SYNTH
91282CQQ7,2026-03-06,95.8380,USD,SYNTH
91282CQQ7,2026-03-09,95.8372,USD,SYNTH
91282CQQ7,2026-03-10,95.9879,USD,SYNTH
91282CQQ7,2026-03-11,95.9209,USD,SYNTH
91282CQQ7,2026-03-12,95.6961,USD,SYNTH
91282CQQ7,2026-03-13,95.5377,USD,SYNTH
91282CQQ7,2026-03-16,95.4404,USD,SYNTH
91282CQQ7,2026-03-17,95.5315,USD,SYNTH
91282CQQ7,2026-03-18,95.4033,USD,SYNTH
91282CQQ7,2026-03-19,95.2631,USD,SYNTH
91282CQQ7,2026-03-20,95.2196,USD,SYNTH
91282CQQ7,2026-03-23,95.2168,USD,SYNTH
91282CQQ7,2026-03-24,95.2043,USD,SYNTH
91282CQQ7,2026-03-25,95.0209,USD,SYNTH
91282CQQ7,2026-03-26,94.9762,USD,SYNTH
91282CQQ7,2026-03-27,95.1119,USD,SYNTH
91282CQQ7,2026-03-30,95.1680,USD,SYNTH
91282CQQ7,2026-03-31,95.2226,USD,SYNTH
91282CQQ7,2026-04-01,95.1142,USD,SYNTH
91282CQQ7,2026-04-02,95.0741,USD,SYNTH
91282CQQ7,2026-04-03,94.8959,USD,SYNTH
91282CQQ7,2026-04-06,94.9769,USD,SYNTH
91282CQQ7,2026-04-07,95.0972,USD,SYNTH
91282CQQ7,2026-04-08,95.0642,USD,SYNTH
91282CQQ7,2026-04-09,95.0101,USD,SYNTH
91282CQQ7,2026-04-10,94.8913,USD,SYNTH
91282CQQ7,2026-04-13,94.8743,USD,SYNTH
91282CQQ7,2026-04-14,95.1116,USD,SYNTH
91282CQQ7,2026-04-15,95.0091,USD,SYNTH
91282CQQ7,2026-04-16,95.0404,USD,SYNTH
91282CQQ7,2026-04-17,95.1700,USD,SYNTH
91282CQQ7,2026-04-20,95.1561,USD,SYNTH
91282CQQ7,2026-04-21,94.9692,USD,SYNTH
91282CQQ7,2026-04-22,95.0173,USD,SYNTH
91282CQQ7,2026-04-23,95.2349,USD,SYNTH
91282CQQ7,2026-04-24,95.2568,USD,SYNTH
91282CQQ7,2026-04-27,95.2512,USD,SYNTH
91282CQQ7,2026-04-28,95.2439,USD,SYNTH
91282CQQ7,2026-04-29,94.9397,USD,SYNTH
91282CQQ7,2026-04-30,94.9848,USD,SYNTH
91282CQQ7,2026-05-01,94.9161,USD,SYNTH
91282CQQ7,2026-05-04,94.7861,USD,SYNTH
91282CQQ7,2026-05-05,94.9615,USD,SYNTH
91282CQQ7,2026-05-06,94.8257,USD,SYNTH
91282CQQ7,2026-05-07,94.8395,USD,SYNTH
91282CQQ7,2026-05-08,94.6632,USD,SYNTH
91282CQQ7,2026-05-11,94.7109,USD,SYNTH
91282CQQ7,2026-05-12,94.5110,USD,SYNTH
91282CQQ7,2026-05-13,94.5424,USD,SYNTH
91282CQQ7,2026-05-14,94.5590,USD,SYNTH
91282CQQ7,2026-05-15,94.6634,USD,SYNTH
91282CQQ7,2026-05-18,94.4791,USD,SYNTH
91282CQQ7,2026-05-19,94.4170,USD,SYNTH
91282CQQ7,2026-05-20,94.3003,USD,SYNTH
91282CQQ7,2026-05-21,94.4022,USD,SYNTH
91282CQQ7,2026-05-22,94.1571,USD,SYNTH
91282CQH7,2025-05-01,93.2436,USD,SYNTH
91282CQH7,2025-05-02,93.3116,USD,SYNTH
91282CQH7,2025-05-05,93.3360,USD,SYNTH
91282CQH7,2025-05-06,93.1210,USD,SYNTH
91282CQH7,2025-05-07,93.2765,USD,SYNTH
91282CQH7,2025-05-08,93.2847,USD,SYNTH
91282CQH7,2025-05-09,93.4245,USD,SYNTH
91282CQH7,2025-05-12,93.3652,USD,SYNTH
91282CQH7,2025-05-13,93.3702,USD,SYNTH
91282CQH7,2025-05-14,93.3977,USD,SYNTH
91282CQH7,2025-05-15,93.3363,USD,SYNTH
91282CQH7,2025-05-16,93.6460,USD,SYNTH
91282CQH7,2025-05-19,93.6078,USD,SYNTH
91282CQH7,2025-05-20,93.6553,USD,SYNTH
91282CQH7,2025-05-21,93.5650,USD,SYNTH
91282CQH7,2025-05-22,93.4870,USD,SYNTH
91282CQH7,2025-05-23,93.4664,USD,SYNTH
91282CQH7,2025-05-26,93.3660,USD,SYNTH
91282CQH7,2025-05-27,93.2331,USD,SYNTH
91282CQH7,2025-05-28,93.2383,USD,SYNTH
91282CQH7,2025-05-29,93.1801,USD,SYNTH
91282CQH7,2025-05-30,93.4774,USD,SYNTH
91282CQH7,2025-06-02,93.4517,USD,SYNTH
91282CQH7,2025-06-03,93.3592,USD,SYNTH
91282CQH7,2025-06-04,93.4455,USD,SYNTH
91282CQH7,2025-06-05,93.6908,USD,SYNTH
91282CQH7,2025-06-06,93.4654,USD,SYNTH
91282CQH7,2025-06-09,93.6374,USD,SYNTH
91282CQH7,2025-06-10,93.4886,USD,SYNTH
91282CQH7,2025-06-11,93.4198,USD,SYNTH
91282CQH7,2025-06-12,93.2248,USD,SYNTH
91282CQH7,2025-06-13,93.1591,USD,SYNTH
91282CQH7,2025-06-16,92.9653,USD,SYNTH
91282CQH7,2025-06-17,92.8806,USD,SYNTH
91282CQH7,2025-06-18,92.8336,USD,SYNTH
91282CQH7,2025-06-19,92.8132,USD,SYNTH
91282CQH7,2025-06-20,92.8485,USD,SYNTH
91282CQH7,2025-06-23,92.8854,USD,SYNTH
91282CQH7,2025-06-24,92.8745,USD,SYNTH
91282CQH7,2025-06-25,93.0551,USD,SYNTH
91282CQH7,2025-06-26,93.0785,USD,SYNTH
91282CQH7,2025-06-27,93.2468,USD,SYNTH
91282CQH7,2025-06-30,93.2652,USD,SYNTH
91282CQH7,2025-07-01,93.1757,USD,SYNTH
91282CQH7,2025-07-02,92.9860,USD,SYNTH
91282CQH7,2025-07-03,92.5964,USD,SYNTH
91282CQH7,2025-07-04,92.5363,USD,SYNTH
91282CQH7,2025-07-07,92.3759,USD,SYNTH
91282CQH7,2025-07-08,92.3726,USD,SYNTH
91282CQH7,2025-07-09,92.5502,USD,SYNTH
91282CQH7,2025-07-10,92.2365,USD,SYNTH
91282CQH7,2025-07-11,92.3296,USD,SYNTH
91282CQH7,2025-07-14,92.1198,USD,SYNTH
91282CQH7,2025-07-15,91.8637,USD,SYNTH
91282CQH7,2025-07-16,92.1722,USD,SYNTH
91282CQH7,2025-07-17,92.2768,USD,SYNTH
91282CQH7,2025-07-18,91.8653,USD,SYNTH
91282CQH7,2025-07-21,92.0501,USD,SYNTH
91282CQH7,2025-07-22,92.0187,USD,SYNTH
91282CQH7,2025-07-23,92.2248,USD,SYNTH
91282CQH7,2025-07-24,92.0966,USD,SYNTH
91282CQH7,2025-07-25,92.1239,USD,SYNTH
91282CQH7,2025-07-28,92.1401,USD,SYNTH
91282CQH7,2025-07-29,91.8538,USD,SYNTH
91282CQH7,2025-07-30,91.8715,USD,SYNTH
91282CQH7,2025-07-31,91.9813,USD,SYNTH
91282CQH7,2025-08-01,91.8493,USD,SYNTH
91282CQH7,2025-08-04,91.9217,USD,SYNTH
91282CQH7,2025-08-05,92.0124,USD,SYNTH
91282CQH7,2025-08-06,92.0153,USD,SYNTH
91282CQH7,2025-08-07,92.1719,USD,SYNTH
91282CQH7,2025-08-08,92.2604,USD,SYNTH
91282CQH7,2025-08-11,92.4839,USD,SYNTH
91282CQH7,2025-08-12,92.5199,USD,SYNTH
91282CQH7,2025-08-13,92.6642,USD,SYNTH
91282CQH7,2025-08-14,92.6442,USD,SYNTH
91282CQH7,2025-08-15,92.7383,USD,SYNTH
91282CQH7,2025-08-18,92.7859,USD,SYNTH
91282CQH7,2025-08-19,92.8473,USD,SYNTH
91282CQH7,2025-08-20,92.9506,USD,SYNTH
91282CQH7,2025-08-21,92.9064,USD,SYNTH
91282CQH7,2025-08-22,92.8617,USD,SYNTH
91282CQH7,2025-08-25,92.6106,USD,SYNTH
91282CQH7,2025-08-26,92.6423,USD,SYNTH
91282CQH7,2025-08-27,92.4793,USD,SYNTH
91282CQH7,2025-08-28,92.3724,USD,SYNTH
91282CQH7,2025-08-29,92.3193,USD,SYNTH
91282CQH7,2025-09-01,92.4100,USD,SYNTH
91282CQH7,2025-09-02,92.4897,USD,SYNTH
91282CQH7,2025-09-03,92.5539,USD,SYNTH
91282CQH7,2025-09-04,92.5288,USD,SYNTH
91282CQH7,2025-09-05,92.5679,USD,SYNTH
91282CQH7,2025-09-08,92.4441,USD,SYNTH
91282CQH7,2025-09-09,92.6574,USD,SYNTH
91282CQH7,2025-09-10,92.8828,USD,SYNTH
91282CQH7,2025-09-11,92.7991,USD,SYNTH
91282CQH7,2025-09-12,92.6262,USD,SYNTH
91282CQH7,2025-09-15,92.4650,USD,SYNTH
91282CQH7,2025-09-16,92.3363,USD,SYNTH
91282CQH7,2025-09-17,92.2072,USD,SYNTH
91282CQH7,2025-09-18,92.2493,USD,SYNTH
91282CQH7,2025-09-19,92.2743,USD,SYNTH
91282CQH7,2025-09-22,92.3917,USD,SYNTH
91282CQH7,2025-09-23,92.4167,USD,SYNTH
91282CQH7,2025-09-24,92.4460,USD,SYNTH
91282CQH7,2025-09-25,92.4044,USD,SYNTH
91282CQH7,2025-09-26,92.6207,USD,SYNTH
91282CQH7,2025-09-29,92.8445,USD,SYNTH
91282CQH7,2025-09-30,92.7343,USD,SYNTH
91282CQH7,2025-10-01,92.7763,USD,SYNTH
91282CQH7,2025-10-02,92.7403,USD,SYNTH
91282CQH7,2025-10-03,92.7037,USD,SYNTH
91282CQH7,2025-10-06,92.6255,USD,SYNTH
91282CQH7,2025-10-07,92.4657,USD,SYNTH
91282CQH7,2025-10-08,92.4279,USD,SYNTH
91282CQH7,2025-10-09,92.5584,USD,SYNTH
91282CQH7,2025-10-10,92.7495,USD,SYNTH
91282CQH7,2025-10-13,92.8810,USD,SYNTH
91282CQH7,2025-10-14,92.9010,USD,SYNTH
91282CQH7,2025-10-15,93.0885,USD,SYNTH
91282CQH7,2025-10-16,93.0775,USD,SYNTH
91282CQH7,2025-10-17,93.0603,USD,SYNTH
91282CQH7,2025-10-20,92.8750,USD,SYNTH
91282CQH7,2025-10-21,93.0403,USD,SYNTH
91282CQH7,2025-10-22,93.1816,USD,SYNTH
91282CQH7,2025-10-23,93.0486,USD,SYNTH
91282CQH7,2025-10-24,92.8731,USD,SYNTH
91282CQH7,2025-10-27,93.1506,USD,SYNTH
91282CQH7,2025-10-28,93.1822,USD,SYNTH
91282CQH7,2025-10-29,93.0317,USD,SYNTH
91282CQH7,2025-10-30,92.9886,USD,SYNTH
91282CQH7,2025-10-31,93.0690,USD,SYNTH
91282CQH7,2025-11-03,93.2190,USD,SYNTH
91282CQH7,2025-11-04,93.3321,USD,SYNTH
91282CQH7,2025-11-05,93.5573,USD,SYNTH
91282CQH7,2025-11-06,93.6593,USD,SYNTH
91282CQH7,2025-11-07,93.7229,USD,SYNTH
91282CQH7,2025-11-10,93.8950,USD,SYNTH
91282CQH7,2025-11-11,93.8245,USD,SYNTH
91282CQH7,2025-11-12,93.7422,USD,SYNTH
91282CQH7,2025-11-13,93.5437,USD,SYNTH
91282CQH7,2025-11-14,93.6510,USD,SYNTH
91282CQH7,2025-11-17,93.5524,USD,SYNTH
91282CQH7,2025-11-18,93.5881,USD,SYNTH
91282CQH7,2025-11-19,93.6026,USD,SYNTH
91282CQH7,2025-11-20,93.5551,USD,SYNTH
91282CQH7,2025-11-21,93.4984,USD,SYNTH
91282CQH7,2025-11-24,93.6373,USD,SYNTH
91282CQH7,2025-11-25,93.8652,USD,SYNTH
91282CQH7,2025-11-26,93.8061,USD,SYNTH
91282CQH7,2025-11-27,93.6963,USD,SYNTH
91282CQH7,2025-11-28,93.9674,USD,SYNTH
91282CQH7,2025-12-01,93.9801,USD,SYNTH
91282CQH7,2025-12-02,93.9015,USD,SYNTH
91282CQH7,2025-12-03,93.8550,USD,SYNTH
91282CQH7,2025-12-04,93.9753,USD,SYNTH
91282CQH7,2025-12-05,93.9632,USD,SYNTH
91282CQH7,2025-12-08,93.9763,USD,SYNTH
91282CQH7,2025-12-09,93.7946,USD,SYNTH
91282CQH7,2025-12-10,93.6851,USD,SYNTH
91282CQH7,2025-12-11,93.8415,USD,SYNTH
91282CQH7,2025-12-12,93.9005,USD,SYNTH
91282CQH7,2025-12-15,94.0426,USD,SYNTH
91282CQH7,2025-12-16,93.8026,USD,SYNTH
91282CQH7,2025-12-17,93.7207,USD,SYNTH
91282CQH7,2025-12-18,93.7643,USD,SYNTH
91282CQH7,2025-12-19,93.8587,USD,SYNTH
91282CQH7,2025-12-22,94.1517,USD,SYNTH
91282CQH7,2025-12-23,94.1801,USD,SYNTH
91282CQH7,2025-12-24,94.0541,USD,SYNTH
91282CQH7,2025-12-25,93.9468,USD,SYNTH
91282CQH7,2025-12-26,93.7580,USD,SYNTH
91282CQH7,2025-12-29,93.9471,USD,SYNTH
91282CQH7,2025-12-30,93.9255,USD,SYNTH
91282CQH7,2025-12-31,93.8351,USD,SYNTH
91282CQH7,2026-01-01,93.9966,USD,SYNTH
91282CQH7,2026-01-02,94.1865,USD,SYNTH
91282CQH7,2026-01-05,94.1415,USD,SYNTH
91282CQH7,2026-01-06,94.0682,USD,SYNTH
91282CQH7,2026-01-07,94.1092,USD,SYNTH
91282CQH7,2026-01-08,93.8703,USD,SYNTH
91282CQH7,2026-01-09,93.9407,USD,SYNTH
91282CQH7,2026-01-12,94.0364,USD,SYNTH
91282CQH7,2026-01-13,94.0624,USD,SYNTH
91282CQH7,2026-01-14,94.1626,USD,SYNTH
91282CQH7,2026-01-15,94.1650,USD,SYNTH
91282CQH7,2026-01-16,94.1894,USD,SYNTH
91282CQH7,2026-01-19,94.3855,USD,SYNTH
91282CQH7,2026-01-20,94.4014,USD,SYNTH
91282CQH7,2026-01-21,94.6315,USD,SYNTH
91282CQH7,2026-01-22,94.7532,USD,SYNTH
91282CQH7,2026-01-23,94.7158,USD,SYNTH
91282CQH7,2026-01-26,94.7098,USD,SYNTH
91282CQH7,2026-01-27,94.6137,USD,SYNTH
91282CQH7,2026-01-28,94.7864,USD,SYNTH
91282CQH7,2026-01-29,95.1810,USD,SYNTH
91282CQH7,2026-01-30,95.1447,USD,SYNTH
91282CQH7,2026-02-02,95.1871,USD,SYNTH
91282CQH7,2026-02-03,95.2565,USD,SYNTH
91282CQH7,2026-02-04,95.2697,USD,SYNTH
91282CQH7,2026-02-05,95.2460,USD,SYNTH
91282CQH7,2026-02-06,95.3369,USD,SYNTH
91282CQH7,2026-02-09,95.1278,USD,SYNTH
91282CQH7,2026-02-10,95.0032,USD,SYNTH
91282CQH7,2026-02-11,95.0369,USD,SYNTH
91282CQH7,2026-02-12,95.0464,USD,SYNTH
91282CQH7,2026-02-13,95.0748,USD,SYNTH
91282CQH7,2026-02-16,95.1583,USD,SYNTH
91282CQH7,2026-02-17,95.3292,USD,SYNTH
91282CQH7,2026-02-18,95.1790,USD,SYNTH
91282CQH7,2026-02-19,95.0819,USD,SYNTH
91282CQH7,2026-02-20,95.2351,USD,SYNTH
91282CQH7,2026-02-23,95.2481,USD,SYNTH
91282CQH7,2026-02-24,95.2749,USD,SYNTH
91282CQH7,2026-02-25,95.4480,USD,SYNTH
91282CQH7,2026-02-26,95.1854,USD,SYNTH
91282CQH7,2026-02-27,95.3983,USD,SYNTH
91282CQH7,2026-03-02,95.4266,USD,SYNTH
91282CQH7,2026-03-03,95.2442,USD,SYNTH
91282CQH7,2026-03-04,95.4175,USD,SYNTH
91282CQH7,2026-03-05,95.6749,USD,SYNTH
91282CQH7,2026-03-06,95.8910,USD,SYNTH
91282CQH7,2026-03-09,95.8548,USD,SYNTH
91282CQH7,2026-03-10,95.9551,USD,SYNTH
91282CQH7,2026-03-11,96.0324,USD,SYNTH
91282CQH7,2026-03-12,95.8352,USD,SYNTH
91282CQH7,2026-03-13,96.2035,USD,SYNTH
91282CQH7,2026-03-16,96.0602,USD,SYNTH
91282CQH7,2026-03-17,96.3579,USD,SYNTH
91282CQH7,2026-03-18,96.3536,USD,SYNTH
91282CQH7,2026-03-19,96.3920,USD,SYNTH
91282CQH7,2026-03-20,96.3552,USD,SYNTH
91282CQH7,2026-03-23,96.5573,USD,SYNTH
91282CQH7,2026-03-24,96.8165,USD,SYNTH
91282CQH7,2026-03-25,96.8429,USD,SYNTH
91282CQH7,2026-03-26,96.7518,USD,SYNTH
91282CQH7,2026-03-27,96.6505,USD,SYNTH
91282CQH7,2026-03-30,96.7477,USD,SYNTH
91282CQH7,2026-03-31,96.4246,USD,SYNTH
91282CQH7,2026-04-01,96.1920,USD,SYNTH
91282CQH7,2026-04-02,96.1936,USD,SYNTH
91282CQH7,2026-04-03,96.2379,USD,SYNTH
91282CQH7,2026-04-06,96.1682,USD,SYNTH
91282CQH7,2026-04-07,96.1060,USD,SYNTH
91282CQH7,2026-04-08,95.8578,USD,SYNTH
91282CQH7,2026-04-09,95.8016,USD,SYNTH
91282CQH7,2026-04-10,95.7794,USD,SYNTH
91282CQH7,2026-04-13,95.8213,USD,SYNTH
91282CQH7,2026-04-14,95.9039,USD,SYNTH
91282CQH7,2026-04-15,95.6236,USD,SYNTH
91282CQH7,2026-04-16,95.8481,USD,SYNTH
91282CQH7,2026-04-17,95.5445,USD,SYNTH
91282CQH7,2026-04-20,95.6185,USD,SYNTH
91282CQH7,2026-04-21,95.5539,USD,SYNTH
91282CQH7,2026-04-22,95.6948,USD,SYNTH
91282CQH7,2026-04-23,95.7741,USD,SYNTH
91282CQH7,2026-04-24,95.7469,USD,SYNTH
91282CQH7,2026-04-27,95.7019,USD,SYNTH
91282CQH7,2026-04-28,95.4627,USD,SYNTH
91282CQH7,2026-04-29,95.4498,USD,SYNTH
91282CQH7,2026-04-30,95.3452,USD,SYNTH
91282CQH7,2026-05-01,95.2103,USD,SYNTH
91282CQH7,2026-05-04,95.0508,USD,SYNTH
91282CQH7,2026-05-05,95.0522,USD,SYNTH
91282CQH7,2026-05-06,94.9920,USD,SYNTH
91282CQH7,2026-05-07,95.1161,USD,SYNTH
91282CQH7,2026-05-08,95.0388,USD,SYNTH
91282CQH7,2026-05-11,94.8263,USD,SYNTH
91282CQH7,2026-05-12,94.7139,USD,SYNTH
91282CQH7,2026-05-13,94.7176,USD,SYNTH
91282CQH7,2026-05-14,94.4574,USD,SYNTH
91282CQH7,2026-05-15,94.6436,USD,SYNTH
91282CQH7,2026-05-18,94.6101,USD,SYNTH
91282CQH7,2026-05-19,94.5906,USD,SYNTH
91282CQH7,2026-05-20,94.6087,USD,SYNTH
91282CQH7,2026-05-21,94.7026,USD,SYNTH
91282CQH7,2026-05-22,94.7957,USD,SYNTH
91282CNC1,2025-05-01,93.2475,USD,SYNTH
91282CNC1,2025-05-02,93.1465,USD,SYNTH
91282CNC1,2025-05-05,93.4213,USD,SYNTH
91282CNC1,2025-05-06,93.1257,USD,SYNTH
91282CNC1,2025-05-07,92.9839,USD,SYNTH
91282CNC1,2025-05-08,92.8598,USD,SYNTH
91282CNC1,2025-05-09,92.9851,USD,SYNTH
91282CNC1,2025-05-12,93.0239,USD,SYNTH
91282CNC1,2025-05-13,93.0676,USD,SYNTH
91282CNC1,2025-05-14,92.9455,USD,SYNTH
91282CNC1,2025-05-15,92.9898,USD,SYNTH
91282CNC1,2025-05-16,92.8550,USD,SYNTH
91282CNC1,2025-05-19,92.7765,USD,SYNTH
91282CNC1,2025-05-20,92.6703,USD,SYNTH
91282CNC1,2025-05-21,92.5693,USD,SYNTH
91282CNC1,2025-05-22,92.4299,USD,SYNTH
91282CNC1,2025-05-23,92.4586,USD,SYNTH
91282CNC1,2025-05-26,92.4993,USD,SYNTH
91282CNC1,2025-05-27,92.3852,USD,SYNTH
91282CNC1,2025-05-28,92.3207,USD,SYNTH
91282CNC1,2025-05-29,92.3794,USD,SYNTH
91282CNC1,2025-05-30,92.3997,USD,SYNTH
91282CNC1,2025-06-02,92.5983,USD,SYNTH
91282CNC1,2025-06-03,92.5618,USD,SYNTH
91282CNC1,2025-06-04,92.6064,USD,SYNTH
91282CNC1,2025-06-05,92.6979,USD,SYNTH
91282CNC1,2025-06-06,92.5586,USD,SYNTH
91282CNC1,2025-06-09,92.4076,USD,SYNTH
91282CNC1,2025-06-10,92.2166,USD,SYNTH
91282CNC1,2025-06-11,92.2730,USD,SYNTH
91282CNC1,2025-06-12,92.2449,USD,SYNTH
91282CNC1,2025-06-13,92.2798,USD,SYNTH
91282CNC1,2025-06-16,92.2965,USD,SYNTH
91282CNC1,2025-06-17,92.3247,USD,SYNTH
91282CNC1,2025-06-18,92.4119,USD,SYNTH
91282CNC1,2025-06-19,92.3557,USD,SYNTH
91282CNC1,2025-06-20,92.4590,USD,SYNTH
91282CNC1,2025-06-23,92.5433,USD,SYNTH
91282CNC1,2025-06-24,92.3503,USD,SYNTH
91282CNC1,2025-06-25,92.3171,USD,SYNTH
91282CNC1,2025-06-26,92.5311,USD,SYNTH
91282CNC1,2025-06-27,93.0293,USD,SYNTH
91282CNC1,2025-06-30,93.0230,USD,SYNTH
91282CNC1,2025-07-01,93.0264,USD,SYNTH
91282CNC1,2025-07-02,92.7974,USD,SYNTH
91282CNC1,2025-07-03,92.8130,USD,SYNTH
91282CNC1,2025-07-04,92.8034,USD,SYNTH
91282CNC1,2025-07-07,92.7243,USD,SYNTH
91282CNC1,2025-07-08,92.9704,USD,SYNTH
91282CNC1,2025-07-09,92.9997,USD,SYNTH
91282CNC1,2025-07-10,92.8609,USD,SYNTH
91282CNC1,2025-07-11,92.7087,USD,SYNTH
91282CNC1,2025-07-14,92.8109,USD,SYNTH
91282CNC1,2025-07-15,92.7227,USD,SYNTH
91282CNC1,2025-07-16,92.5926,USD,SYNTH
91282CNC1,2025-07-17,92.3583,USD,SYNTH
91282CNC1,2025-07-18,92.3396,USD,SYNTH
91282CNC1,2025-07-21,92.4221,USD,SYNTH
91282CNC1,2025-07-22,92.5346,USD,SYNTH
91282CNC1,2025-07-23,92.5680,USD,SYNTH
91282CNC1,2025-07-24,92.7965,USD,SYNTH
91282CNC1,2025-07-25,92.6310,USD,SYNTH
91282CNC1,2025-07-28,92.6578,USD,SYNTH
91282CNC1,2025-07-29,92.7102,USD,SYNTH
91282CNC1,2025-07-30,92.4820,USD,SYNTH
91282CNC1,2025-07-31,92.4555,USD,SYNTH
91282CNC1,2025-08-01,92.3035,USD,SYNTH
91282CNC1,2025-08-04,92.3348,USD,SYNTH
91282CNC1,2025-08-05,92.2189,USD,SYNTH
91282CNC1,2025-08-06,92.3092,USD,SYNTH
91282CNC1,2025-08-07,92.5287,USD,SYNTH
91282CNC1,2025-08-08,92.4981,USD,SYNTH
91282CNC1,2025-08-11,92.4080,USD,SYNTH
91282CNC1,2025-08-12,92.2395,USD,SYNTH
91282CNC1,2025-08-13,92.2942,USD,SYNTH
91282CNC1,2025-08-14,92.1659,USD,SYNTH
91282CNC1,2025-08-15,92.2945,USD,SYNTH
91282CNC1,2025-08-18,92.5241,USD,SYNTH
91282CNC1,2025-08-19,92.7641,USD,SYNTH
91282CNC1,2025-08-20,93.0174,USD,SYNTH
91282CNC1,2025-08-21,93.0329,USD,SYNTH
91282CNC1,2025-08-22,93.0971,USD,SYNTH
91282CNC1,2025-08-25,92.9873,USD,SYNTH
91282CNC1,2025-08-26,92.8019,USD,SYNTH
91282CNC1,2025-08-27,92.9049,USD,SYNTH
91282CNC1,2025-08-28,92.7061,USD,SYNTH
91282CNC1,2025-08-29,92.8439,USD,SYNTH
91282CNC1,2025-09-01,92.7236,USD,SYNTH
91282CNC1,2025-09-02,92.6947,USD,SYNTH
91282CNC1,2025-09-03,92.9360,USD,SYNTH
91282CNC1,2025-09-04,92.9716,USD,SYNTH
91282CNC1,2025-09-05,93.0427,USD,SYNTH
91282CNC1,2025-09-08,93.0048,USD,SYNTH
91282CNC1,2025-09-09,93.1243,USD,SYNTH
91282CNC1,2025-09-10,93.0876,USD,SYNTH
91282CNC1,2025-09-11,92.9575,USD,SYNTH
91282CNC1,2025-09-12,92.8195,USD,SYNTH
91282CNC1,2025-09-15,92.6016,USD,SYNTH
91282CNC1,2025-09-16,92.4267,USD,SYNTH
91282CNC1,2025-09-17,92.5197,USD,SYNTH
91282CNC1,2025-09-18,92.5081,USD,SYNTH
91282CNC1,2025-09-19,92.3754,USD,SYNTH
91282CNC1,2025-09-22,92.4841,USD,SYNTH
91282CNC1,2025-09-23,92.5092,USD,SYNTH
91282CNC1,2025-09-24,92.5708,USD,SYNTH
91282CNC1,2025-09-25,92.4329,USD,SYNTH
91282CNC1,2025-09-26,92.3687,USD,SYNTH
91282CNC1,2025-09-29,92.4170,USD,SYNTH
91282CNC1,2025-09-30,92.3794,USD,SYNTH
91282CNC1,2025-10-01,92.5188,USD,SYNTH
91282CNC1,2025-10-02,92.6261,USD,SYNTH
91282CNC1,2025-10-03,92.8342,USD,SYNTH
91282CNC1,2025-10-06,92.8767,USD,SYNTH
91282CNC1,2025-10-07,92.7874,USD,SYNTH
91282CNC1,2025-10-08,92.7938,USD,SYNTH
91282CNC1,2025-10-09,93.1177,USD,SYNTH
91282CNC1,2025-10-10,93.2693,USD,SYNTH
91282CNC1,2025-10-13,93.2479,USD,SYNTH
91282CNC1,2025-10-14,93.3475,USD,SYNTH
91282CNC1,2025-10-15,93.3187,USD,SYNTH
91282CNC1,2025-10-16,93.2738,USD,SYNTH
91282CNC1,2025-10-17,93.4321,USD,SYNTH
91282CNC1,2025-10-20,93.4919,USD,SYNTH
91282CNC1,2025-10-21,93.6230,USD,SYNTH
91282CNC1,2025-10-22,93.8684,USD,SYNTH
91282CNC1,2025-10-23,93.7987,USD,SYNTH
91282CNC1,2025-10-24,93.8424,USD,SYNTH
91282CNC1,2025-10-27,93.9764,USD,SYNTH
91282CNC1,2025-10-28,94.0884,USD,SYNTH
91282CNC1,2025-10-29,94.0356,USD,SYNTH
91282CNC1,2025-10-30,94.0429,USD,SYNTH
91282CNC1,2025-10-31,94.3144,USD,SYNTH
91282CNC1,2025-11-03,94.2355,USD,SYNTH
91282CNC1,2025-11-04,94.3012,USD,SYNTH
91282CNC1,2025-11-05,94.3711,USD,SYNTH
91282CNC1,2025-11-06,94.1684,USD,SYNTH
91282CNC1,2025-11-07,94.2602,USD,SYNTH
91282CNC1,2025-11-10,94.0702,USD,SYNTH
91282CNC1,2025-11-11,94.1005,USD,SYNTH
91282CNC1,2025-11-12,94.2748,USD,SYNTH
91282CNC1,2025-11-13,94.2046,USD,SYNTH
91282CNC1,2025-11-14,93.9899,USD,SYNTH
91282CNC1,2025-11-17,93.9865,USD,SYNTH
91282CNC1,2025-11-18,93.9838,USD,SYNTH
91282CNC1,2025-11-19,94.0008,USD,SYNTH
91282CNC1,2025-11-20,94.0328,USD,SYNTH
91282CNC1,2025-11-21,94.0729,USD,SYNTH
91282CNC1,2025-11-24,93.8664,USD,SYNTH
91282CNC1,2025-11-25,94.0176,USD,SYNTH
91282CNC1,2025-11-26,93.7120,USD,SYNTH
91282CNC1,2025-11-27,93.6620,USD,SYNTH
91282CNC1,2025-11-28,93.7753,USD,SYNTH
91282CNC1,2025-12-01,93.6678,USD,SYNTH
91282CNC1,2025-12-02,93.4638,USD,SYNTH
91282CNC1,2025-12-03,93.3583,USD,SYNTH
91282CNC1,2025-12-04,93.2901,USD,SYNTH
91282CNC1,2025-12-05,93.5707,USD,SYNTH
91282CNC1,2025-12-08,93.3610,USD,SYNTH
91282CNC1,2025-12-09,93.4199,USD,SYNTH
91282CNC1,2025-12-10,93.3918,USD,SYNTH
91282CNC1,2025-12-11,93.2775,USD,SYNTH
91282CNC1,2025-12-12,93.0842,USD,SYNTH
91282CNC1,2025-12-15,92.9183,USD,SYNTH
91282CNC1,2025-12-16,92.9661,USD,SYNTH
91282CNC1,2025-12-17,93.0602,USD,SYNTH
91282CNC1,2025-12-18,93.2438,USD,SYNTH
91282CNC1,2025-12-19,93.1101,USD,SYNTH
91282CNC1,2025-12-22,92.8137,USD,SYNTH
91282CNC1,2025-12-23,92.8939,USD,SYNTH
91282CNC1,2025-12-24,92.9672,USD,SYNTH
91282CNC1,2025-12-25,93.1325,USD,SYNTH
91282CNC1,2025-12-26,92.8679,USD,SYNTH
91282CNC1,2025-12-29,93.0764,USD,SYNTH
91282CNC1,2025-12-30,93.0947,USD,SYNTH
91282CNC1,2025-12-31,93.3765,USD,SYNTH
91282CNC1,2026-01-01,93.3471,USD,SYNTH
91282CNC1,2026-01-02,93.5419,USD,SYNTH
91282CNC1,2026-01-05,93.4606,USD,SYNTH
91282CNC1,2026-01-06,93.7621,USD,SYNTH
91282CNC1,2026-01-07,93.6899,USD,SYNTH
91282CNC1,2026-01-08,93.4768,USD,SYNTH
91282CNC1,2026-01-09,93.5102,USD,SYNTH
91282CNC1,2026-01-12,93.6703,USD,SYNTH
91282CNC1,2026-01-13,93.8484,USD,SYNTH
91282CNC1,2026-01-14,93.8398,USD,SYNTH
91282CNC1,2026-01-15,93.8960,USD,SYNTH
91282CNC1,2026-01-16,93.8943,USD,SYNTH
91282CNC1,2026-01-19,94.0839,USD,SYNTH
91282CNC1,2026-01-20,94.2318,USD,SYNTH
91282CNC1,2026-01-21,94.1606,USD,SYNTH
91282CNC1,2026-01-22,94.2980,USD,SYNTH
91282CNC1,2026-01-23,94.2950,USD,SYNTH
91282CNC1,2026-01-26,94.4630,USD,SYNTH
91282CNC1,2026-01-27,94.4093,USD,SYNTH
91282CNC1,2026-01-28,94.4223,USD,SYNTH
91282CNC1,2026-01-29,94.3417,USD,SYNTH
91282CNC1,2026-01-30,94.1204,USD,SYNTH
91282CNC1,2026-02-02,93.9489,USD,SYNTH
91282CNC1,2026-02-03,94.1073,USD,SYNTH
91282CNC1,2026-02-04,94.1948,USD,SYNTH
91282CNC1,2026-02-05,94.0830,USD,SYNTH
91282CNC1,2026-02-06,94.1525,USD,SYNTH
91282CNC1,2026-02-09,94.1572,USD,SYNTH
91282CNC1,2026-02-10,94.2663,USD,SYNTH
91282CNC1,2026-02-11,94.2037,USD,SYNTH
91282CNC1,2026-02-12,94.2023,USD,SYNTH
91282CNC1,2026-02-13,94.0396,USD,SYNTH
91282CNC1,2026-02-16,94.2014,USD,SYNTH
91282CNC1,2026-02-17,94.2754,USD,SYNTH
91282CNC1,2026-02-18,94.2922,USD,SYNTH
91282CNC1,2026-02-19,94.6380,USD,SYNTH
91282CNC1,2026-02-20,94.8054,USD,SYNTH
91282CNC1,2026-02-23,95.0087,USD,SYNTH
91282CNC1,2026-02-24,95.0561,USD,SYNTH
91282CNC1,2026-02-25,94.9830,USD,SYNTH
91282CNC1,2026-02-26,95.0481,USD,SYNTH
91282CNC1,2026-02-27,95.0556,USD,SYNTH
91282CNC1,2026-03-02,95.0073,USD,SYNTH
91282CNC1,2026-03-03,95.1768,USD,SYNTH
91282CNC1,2026-03-04,95.1324,USD,SYNTH
91282CNC1,2026-03-05,95.1687,USD,SYNTH
91282CNC1,2026-03-06,95.1870,USD,SYNTH
91282CNC1,2026-03-09,94.9730,USD,SYNTH
91282CNC1,2026-03-10,95.0495,USD,SYNTH
91282CNC1,2026-03-11,95.1598,USD,SYNTH
91282CNC1,2026-03-12,95.1677,USD,SYNTH
91282CNC1,2026-03-13,95.2046,USD,SYNTH
91282CNC1,2026-03-16,95.1594,USD,SYNTH
91282CNC1,2026-03-17,95.0706,USD,SYNTH
91282CNC1,2026-03-18,94.9815,USD,SYNTH
91282CNC1,2026-03-19,94.7254,USD,SYNTH
91282CNC1,2026-03-20,94.8021,USD,SYNTH
91282CNC1,2026-03-23,94.6135,USD,SYNTH
91282CNC1,2026-03-24,94.5501,USD,SYNTH
91282CNC1,2026-03-25,94.2544,USD,SYNTH
91282CNC1,2026-03-26,94.1606,USD,SYNTH
91282CNC1,2026-03-27,94.2375,USD,SYNTH
91282CNC1,2026-03-30,94.2505,USD,SYNTH
91282CNC1,2026-03-31,94.2549,USD,SYNTH
91282CNC1,2026-04-01,94.2888,USD,SYNTH
91282CNC1,2026-04-02,94.0497,USD,SYNTH
91282CNC1,2026-04-03,94.1730,USD,SYNTH
91282CNC1,2026-04-06,94.1138,USD,SYNTH
91282CNC1,2026-04-07,94.1182,USD,SYNTH
91282CNC1,2026-04-08,94.1799,USD,SYNTH
91282CNC1,2026-04-09,93.8048,USD,SYNTH
91282CNC1,2026-04-10,94.0051,USD,SYNTH
91282CNC1,2026-04-13,93.9571,USD,SYNTH
91282CNC1,2026-04-14,94.0357,USD,SYNTH
91282CNC1,2026-04-15,93.9872,USD,SYNTH
91282CNC1,2026-04-16,93.9003,USD,SYNTH
91282CNC1,2026-04-17,94.0861,USD,SYNTH
91282CNC1,2026-04-20,93.9162,USD,SYNTH
91282CNC1,2026-04-21,93.9576,USD,SYNTH
91282CNC1,2026-04-22,93.8828,USD,SYNTH
91282CNC1,2026-04-23,93.9555,USD,SYNTH
91282CNC1,2026-04-24,94.0822,USD,SYNTH
91282CNC1,2026-04-27,94.1802,USD,SYNTH
91282CNC1,2026-04-28,94.2589,USD,SYNTH
91282CNC1,2026-04-29,94.1741,USD,SYNTH
91282CNC1,2026-04-30,94.1393,USD,SYNTH
91282CNC1,2026-05-01,94.1863,USD,SYNTH
91282CNC1,2026-05-04,94.3564,USD,SYNTH
91282CNC1,2026-05-05,94.4230,USD,SYNTH
91282CNC1,2026-05-06,94.3961,USD,SYNTH
91282CNC1,2026-05-07,94.4261,USD,SYNTH
91282CNC1,2026-05-08,94.5557,USD,SYNTH
91282CNC1,2026-05-11,94.6221,USD,SYNTH
91282CNC1,2026-05-12,94.7498,USD,SYNTH
91282CNC1,2026-05-13,94.6927,USD,SYNTH
91282CNC1,2026-05-14,94.8217,USD,SYNTH
91282CNC1,2026-05-15,94.7709,USD,SYNTH
91282CNC1,2026-05-18,94.7844,USD,SYNTH
91282CNC1,2026-05-19,94.8663,USD,SYNTH
91282CNC1,2026-05-20,94.6771,USD,SYNTH
91282CNC1,2026-05-21,94.6411,USD,SYNTH
91282CNC1,2026-05-22,94.6799,USD,SYNTH
91282CPH8,2025-05-01,103.8908,USD,SYNTH
91282CPH8,2025-05-02,104.0203,USD,SYNTH
91282CPH8,2025-05-05,103.6578,USD,SYNTH
91282CPH8,2025-05-06,103.3993,USD,SYNTH
91282CPH8,2025-05-07,103.5535,USD,SYNTH
91282CPH8,2025-05-08,103.6685,USD,SYNTH
91282CPH8,2025-05-09,103.9711,USD,SYNTH
91282CPH8,2025-05-12,103.9530,USD,SYNTH
91282CPH8,2025-05-13,104.1397,USD,SYNTH
91282CPH8,2025-05-14,104.4875,USD,SYNTH
91282CPH8,2025-05-15,104.1293,USD,SYNTH
91282CPH8,2025-05-16,103.8704,USD,SYNTH
91282CPH8,2025-05-19,103.7928,USD,SYNTH
91282CPH8,2025-05-20,103.5716,USD,SYNTH
91282CPH8,2025-05-21,103.8070,USD,SYNTH
91282CPH8,2025-05-22,103.7656,USD,SYNTH
91282CPH8,2025-05-23,103.6566,USD,SYNTH
91282CPH8,2025-05-26,103.8488,USD,SYNTH
91282CPH8,2025-05-27,103.9504,USD,SYNTH
91282CPH8,2025-05-28,103.8596,USD,SYNTH
91282CPH8,2025-05-29,103.9660,USD,SYNTH
91282CPH8,2025-05-30,103.8223,USD,SYNTH
91282CPH8,2025-06-02,103.7136,USD,SYNTH
91282CPH8,2025-06-03,103.8969,USD,SYNTH
91282CPH8,2025-06-04,103.7653,USD,SYNTH
91282CPH8,2025-06-05,103.6875,USD,SYNTH
91282CPH8,2025-06-06,103.6157,USD,SYNTH
91282CPH8,2025-06-09,103.5283,USD,SYNTH
91282CPH8,2025-06-10,103.1330,USD,SYNTH
91282CPH8,2025-06-11,102.8918,USD,SYNTH
91282CPH8,2025-06-12,102.9151,USD,SYNTH
91282CPH8,2025-06-13,103.1275,USD,SYNTH
91282CPH8,2025-06-16,103.2335,USD,SYNTH
91282CPH8,2025-06-17,103.1531,USD,SYNTH
91282CPH8,2025-06-18,103.1333,USD,SYNTH
91282CPH8,2025-06-19,102.8738,USD,SYNTH
91282CPH8,2025-06-20,102.8342,USD,SYNTH
91282CPH8,2025-06-23,102.7971,USD,SYNTH
91282CPH8,2025-06-24,102.7059,USD,SYNTH
91282CPH8,2025-06-25,102.7976,USD,SYNTH
91282CPH8,2025-06-26,102.8580,USD,SYNTH
91282CPH8,2025-06-27,102.9430,USD,SYNTH
91282CPH8,2025-06-30,103.2832,USD,SYNTH
91282CPH8,2025-07-01,103.3660,USD,SYNTH
91282CPH8,2025-07-02,103.0604,USD,SYNTH
91282CPH8,2025-07-03,102.8447,USD,SYNTH
91282CPH8,2025-07-04,102.8354,USD,SYNTH
91282CPH8,2025-07-07,102.6980,USD,SYNTH
91282CPH8,2025-07-08,102.6591,USD,SYNTH
91282CPH8,2025-07-09,102.8768,USD,SYNTH
91282CPH8,2025-07-10,102.8892,USD,SYNTH
91282CPH8,2025-07-11,102.7023,USD,SYNTH
91282CPH8,2025-07-14,102.9228,USD,SYNTH
91282CPH8,2025-07-15,102.8914,USD,SYNTH
91282CPH8,2025-07-16,102.8833,USD,SYNTH
91282CPH8,2025-07-17,102.9161,USD,SYNTH
91282CPH8,2025-07-18,102.9954,USD,SYNTH
91282CPH8,2025-07-21,102.8817,USD,SYNTH
91282CPH8,2025-07-22,102.8911,USD,SYNTH
91282CPH8,2025-07-23,103.0830,USD,SYNTH
91282CPH8,2025-07-24,103.2734,USD,SYNTH
91282CPH8,2025-07-25,103.1466,USD,SYNTH
91282CPH8,2025-07-28,103.1491,USD,SYNTH
91282CPH8,2025-07-29,103.3850,USD,SYNTH
91282CPH8,2025-07-30,103.3446,USD,SYNTH
91282CPH8,2025-07-31,103.1363,USD,SYNTH
91282CPH8,2025-08-01,103.0361,USD,SYNTH
91282CPH8,2025-08-04,103.1283,USD,SYNTH
91282CPH8,2025-08-05,103.1124,USD,SYNTH
91282CPH8,2025-08-06,103.1184,USD,SYNTH
91282CPH8,2025-08-07,103.1587,USD,SYNTH
91282CPH8,2025-08-08,103.1157,USD,SYNTH
91282CPH8,2025-08-11,103.1933,USD,SYNTH
91282CPH8,2025-08-12,103.3987,USD,SYNTH
91282CPH8,2025-08-13,103.4648,USD,SYNTH
91282CPH8,2025-08-14,103.5462,USD,SYNTH
91282CPH8,2025-08-15,103.7207,USD,SYNTH
91282CPH8,2025-08-18,103.8344,USD,SYNTH
91282CPH8,2025-08-19,104.0107,USD,SYNTH
91282CPH8,2025-08-20,103.6952,USD,SYNTH
91282CPH8,2025-08-21,103.7006,USD,SYNTH
91282CPH8,2025-08-22,103.7631,USD,SYNTH
91282CPH8,2025-08-25,103.7421,USD,SYNTH
91282CPH8,2025-08-26,103.6093,USD,SYNTH
91282CPH8,2025-08-27,103.5887,USD,SYNTH
91282CPH8,2025-08-28,103.4741,USD,SYNTH
91282CPH8,2025-08-29,103.5264,USD,SYNTH
91282CPH8,2025-09-01,103.6316,USD,SYNTH
91282CPH8,2025-09-02,103.5943,USD,SYNTH
91282CPH8,2025-09-03,103.7596,USD,SYNTH
91282CPH8,2025-09-04,103.6779,USD,SYNTH
91282CPH8,2025-09-05,103.5847,USD,SYNTH
91282CPH8,2025-09-08,103.5971,USD,SYNTH
91282CPH8,2025-09-09,103.5348,USD,SYNTH
91282CPH8,2025-09-10,103.6891,USD,SYNTH
91282CPH8,2025-09-11,103.6622,USD,SYNTH
91282CPH8,2025-09-12,103.7450,USD,SYNTH
91282CPH8,2025-09-15,103.8911,USD,SYNTH
91282CPH8,2025-09-16,103.6373,USD,SYNTH
91282CPH8,2025-09-17,103.6288,USD,SYNTH
91282CPH8,2025-09-18,103.6475,USD,SYNTH
91282CPH8,2025-09-19,103.3603,USD,SYNTH
91282CPH8,2025-09-22,103.3687,USD,SYNTH
91282CPH8,2025-09-23,103.3389,USD,SYNTH
91282CPH8,2025-09-24,103.1153,USD,SYNTH
91282CPH8,2025-09-25,103.3211,USD,SYNTH
91282CPH8,2025-09-26,103.3405,USD,SYNTH
91282CPH8,2025-09-29,102.9913,USD,SYNTH
91282CPH8,2025-09-30,102.9178,USD,SYNTH
91282CPH8,2025-10-01,102.8678,USD,SYNTH
91282CPH8,2025-10-02,102.8504,USD,SYNTH
91282CPH8,2025-10-03,102.7327,USD,SYNTH
91282CPH8,2025-10-06,102.5676,USD,SYNTH
91282CPH8,2025-10-07,102.6059,USD,SYNTH
91282CPH8,2025-10-08,102.4572,USD,SYNTH
91282CPH8,2025-10-09,102.6054,USD,SYNTH
91282CPH8,2025-10-10,102.6805,USD,SYNTH
91282CPH8,2025-10-13,102.7170,USD,SYNTH
91282CPH8,2025-10-14,102.6293,USD,SYNTH
91282CPH8,2025-10-15,102.6464,USD,SYNTH
91282CPH8,2025-10-16,102.6556,USD,SYNTH
91282CPH8,2025-10-17,102.6786,USD,SYNTH
91282CPH8,2025-10-20,102.4310,USD,SYNTH
91282CPH8,2025-10-21,102.4299,USD,SYNTH
91282CPH8,2025-10-22,102.0801,USD,SYNTH
91282CPH8,2025-10-23,102.0988,USD,SYNTH
91282CPH8,2025-10-24,102.4770,USD,SYNTH
91282CPH8,2025-10-27,102.3275,USD,SYNTH
91282CPH8,2025-10-28,102.2031,USD,SYNTH
91282CPH8,2025-10-29,102.3303,USD,SYNTH
91282CPH8,2025-10-30,102.2010,USD,SYNTH
91282CPH8,2025-10-31,102.0428,USD,SYNTH
91282CPH8,2025-11-03,102.0066,USD,SYNTH
91282CPH8,2025-11-04,102.0299,USD,SYNTH
91282CPH8,2025-11-05,102.1628,USD,SYNTH
91282CPH8,2025-11-06,102.0914,USD,SYNTH
91282CPH8,2025-11-07,101.9992,USD,SYNTH
91282CPH8,2025-11-10,101.9589,USD,SYNTH
91282CPH8,2025-11-11,101.8508,USD,SYNTH
91282CPH8,2025-11-12,101.8965,USD,SYNTH
91282CPH8,2025-11-13,102.1055,USD,SYNTH
91282CPH8,2025-11-14,101.9782,USD,SYNTH
91282CPH8,2025-11-17,101.8014,USD,SYNTH
91282CPH8,2025-11-18,101.7907,USD,SYNTH
91282CPH8,2025-11-19,101.7019,USD,SYNTH
91282CPH8,2025-11-20,101.4837,USD,SYNTH
91282CPH8,2025-11-21,101.2808,USD,SYNTH
91282CPH8,2025-11-24,100.9988,USD,SYNTH
91282CPH8,2025-11-25,100.9887,USD,SYNTH
91282CPH8,2025-11-26,100.8762,USD,SYNTH
91282CPH8,2025-11-27,101.1469,USD,SYNTH
91282CPH8,2025-11-28,101.2067,USD,SYNTH
91282CPH8,2025-12-01,101.0516,USD,SYNTH
91282CPH8,2025-12-02,100.8846,USD,SYNTH
91282CPH8,2025-12-03,100.8140,USD,SYNTH
91282CPH8,2025-12-04,100.6081,USD,SYNTH
91282CPH8,2025-12-05,100.5962,USD,SYNTH
91282CPH8,2025-12-08,100.7622,USD,SYNTH
91282CPH8,2025-12-09,100.7136,USD,SYNTH
91282CPH8,2025-12-10,100.6085,USD,SYNTH
91282CPH8,2025-12-11,100.3109,USD,SYNTH
91282CPH8,2025-12-12,100.0890,USD,SYNTH
91282CPH8,2025-12-15,100.1019,USD,SYNTH
91282CPH8,2025-12-16,100.0821,USD,SYNTH
91282CPH8,2025-12-17,100.1104,USD,SYNTH
91282CPH8,2025-12-18,99.8964,USD,SYNTH
91282CPH8,2025-12-19,100.0271,USD,SYNTH
91282CPH8,2025-12-22,99.9518,USD,SYNTH
91282CPH8,2025-12-23,99.6754,USD,SYNTH
91282CPH8,2025-12-24,99.5097,USD,SYNTH
91282CPH8,2025-12-25,99.4138,USD,SYNTH
91282CPH8,2025-12-26,99.4026,USD,SYNTH
91282CPH8,2025-12-29,99.1543,USD,SYNTH
91282CPH8,2025-12-30,99.2846,USD,SYNTH
91282CPH8,2025-12-31,99.2823,USD,SYNTH
91282CPH8,2026-01-01,99.4086,USD,SYNTH
91282CPH8,2026-01-02,99.6227,USD,SYNTH
91282CPH8,2026-01-05,99.5785,USD,SYNTH
91282CPH8,2026-01-06,99.4836,USD,SYNTH
91282CPH8,2026-01-07,99.5696,USD,SYNTH
91282CPH8,2026-01-08,99.3101,USD,SYNTH
91282CPH8,2026-01-09,99.4707,USD,SYNTH
91282CPH8,2026-01-12,99.4617,USD,SYNTH
91282CPH8,2026-01-13,99.3979,USD,SYNTH
91282CPH8,2026-01-14,99.2286,USD,SYNTH
91282CPH8,2026-01-15,99.0340,USD,SYNTH
91282CPH8,2026-01-16,98.9880,USD,SYNTH
91282CPH8,2026-01-19,99.0563,USD,SYNTH
91282CPH8,2026-01-20,99.0536,USD,SYNTH
91282CPH8,2026-01-21,98.7109,USD,SYNTH
91282CPH8,2026-01-22,98.6090,USD,SYNTH
91282CPH8,2026-01-23,98.6850,USD,SYNTH
91282CPH8,2026-01-26,98.9566,USD,SYNTH
91282CPH8,2026-01-27,98.9343,USD,SYNTH
91282CPH8,2026-01-28,98.9908,USD,SYNTH
91282CPH8,2026-01-29,98.9914,USD,SYNTH
91282CPH8,2026-01-30,98.9314,USD,SYNTH
91282CPH8,2026-02-02,98.7606,USD,SYNTH
91282CPH8,2026-02-03,98.6246,USD,SYNTH
91282CPH8,2026-02-04,98.4262,USD,SYNTH
91282CPH8,2026-02-05,98.4946,USD,SYNTH
91282CPH8,2026-02-06,98.6203,USD,SYNTH
91282CPH8,2026-02-09,98.5923,USD,SYNTH
91282CPH8,2026-02-10,98.4982,USD,SYNTH
91282CPH8,2026-02-11,98.6473,USD,SYNTH
91282CPH8,2026-02-12,98.9753,USD,SYNTH
91282CPH8,2026-02-13,98.7158,USD,SYNTH
91282CPH8,2026-02-16,98.7987,USD,SYNTH
91282CPH8,2026-02-17,98.8190,USD,SYNTH
91282CPH8,2026-02-18,98.8666,USD,SYNTH
91282CPH8,2026-02-19,98.9692,USD,SYNTH
91282CPH8,2026-02-20,99.1977,USD,SYNTH
91282CPH8,2026-02-23,99.1788,USD,SYNTH
91282CPH8,2026-02-24,99.4991,USD,SYNTH
91282CPH8,2026-02-25,99.3230,USD,SYNTH
91282CPH8,2026-02-26,99.4364,USD,SYNTH
91282CPH8,2026-02-27,99.2233,USD,SYNTH
91282CPH8,2026-03-02,99.0121,USD,SYNTH
91282CPH8,2026-03-03,99.0743,USD,SYNTH
91282CPH8,2026-03-04,99.1813,USD,SYNTH
91282CPH8,2026-03-05,99.0952,USD,SYNTH
91282CPH8,2026-03-06,99.1783,USD,SYNTH
91282CPH8,2026-03-09,99.0703,USD,SYNTH
91282CPH8,2026-03-10,99.2354,USD,SYNTH
91282CPH8,2026-03-11,99.0150,USD,SYNTH
91282CPH8,2026-03-12,99.0458,USD,SYNTH
91282CPH8,2026-03-13,99.0883,USD,SYNTH
91282CPH8,2026-03-16,99.1195,USD,SYNTH
91282CPH8,2026-03-17,99.1197,USD,SYNTH
91282CPH8,2026-03-18,99.1018,USD,SYNTH
91282CPH8,2026-03-19,98.7190,USD,SYNTH
91282CPH8,2026-03-20,98.5017,USD,SYNTH
91282CPH8,2026-03-23,98.6491,USD,SYNTH
91282CPH8,2026-03-24,98.7519,USD,SYNTH
91282CPH8,2026-03-25,98.9531,USD,SYNTH
91282CPH8,2026-03-26,98.9623,USD,SYNTH
91282CPH8,2026-03-27,99.2127,USD,SYNTH
91282CPH8,2026-03-30,99.1920,USD,SYNTH
91282CPH8,2026-03-31,99.3454,USD,SYNTH
91282CPH8,2026-04-01,99.2756,USD,SYNTH
91282CPH8,2026-04-02,99.1936,USD,SYNTH
91282CPH8,2026-04-03,99.3282,USD,SYNTH
91282CPH8,2026-04-06,99.1127,USD,SYNTH
91282CPH8,2026-04-07,99.3394,USD,SYNTH
91282CPH8,2026-04-08,99.6140,USD,SYNTH
91282CPH8,2026-04-09,99.6130,USD,SYNTH
91282CPH8,2026-04-10,99.8190,USD,SYNTH
91282CPH8,2026-04-13,99.7388,USD,SYNTH
91282CPH8,2026-04-14,99.7017,USD,SYNTH
91282CPH8,2026-04-15,99.7372,USD,SYNTH
91282CPH8,2026-04-16,99.6544,USD,SYNTH
91282CPH8,2026-04-17,99.7596,USD,SYNTH
91282CPH8,2026-04-20,99.8933,USD,SYNTH
91282CPH8,2026-04-21,99.9908,USD,SYNTH
91282CPH8,2026-04-22,99.9138,USD,SYNTH
91282CPH8,2026-04-23,99.6855,USD,SYNTH
91282CPH8,2026-04-24,99.7479,USD,SYNTH
91282CPH8,2026-04-27,99.6949,USD,SYNTH
91282CPH8,2026-04-28,99.4531,USD,SYNTH
91282CPH8,2026-04-29,99.2734,USD,SYNTH
91282CPH8,2026-04-30,99.2309,USD,SYNTH
91282CPH8,2026-05-01,99.4577,USD,SYNTH
91282CPH8,2026-05-04,99.5146,USD,SYNTH
91282CPH8,2026-05-05,99.3832,USD,SYNTH
91282CPH8,2026-05-06,99.2223,USD,SYNTH
91282CPH8,2026-05-07,99.0746,USD,SYNTH
91282CPH8,2026-05-08,98.9230,USD,SYNTH
91282CPH8,2026-05-11,98.9468,USD,SYNTH
91282CPH8,2026-05-12,99.1119,USD,SYNTH
91282CPH8,2026-05-13,99.5143,USD,SYNTH
91282CPH8,2026-05-14,99.7778,USD,SYNTH
91282CPH8,2026-05-15,99.7056,USD,SYNTH
91282CPH8,2026-05-18,99.8462,USD,SYNTH
91282CPH8,2026-05-19,99.8609,USD,SYNTH
91282CPH8,2026-05-20,100.1217,USD,SYNTH
91282CPH8,2026-05-21,100.1990,USD,SYNTH
91282CPH8,2026-05-22,100.1246,USD,SYNTH
912810UN6,2025-05-01,100.5975,USD,SYNTH
912810UN6,2025-05-02,100.4779,USD,SYNTH
912810UN6,2025-05-05,100.3832,USD,SYNTH
912810UN6,2025-05-06,100.3361,USD,SYNTH
912810UN6,2025-05-07,100.2958,USD,SYNTH
912810UN6,2025-05-08,99.9826,USD,SYNTH
912810UN6,2025-05-09,100.1345,USD,SYNTH
912810UN6,2025-05-12,100.5356,USD,SYNTH
912810UN6,2025-05-13,100.3487,USD,SYNTH
912810UN6,2025-05-14,100.5524,USD,SYNTH
912810UN6,2025-05-15,100.2963,USD,SYNTH
912810UN6,2025-05-16,100.2839,USD,SYNTH
912810UN6,2025-05-19,100.1591,USD,SYNTH
912810UN6,2025-05-20,100.1873,USD,SYNTH
912810UN6,2025-05-21,100.2659,USD,SYNTH
912810UN6,2025-05-22,100.0716,USD,SYNTH
912810UN6,2025-05-23,100.0470,USD,SYNTH
912810UN6,2025-05-26,100.1576,USD,SYNTH
912810UN6,2025-05-27,100.0182,USD,SYNTH
912810UN6,2025-05-28,100.2041,USD,SYNTH
912810UN6,2025-05-29,100.3972,USD,SYNTH
912810UN6,2025-05-30,100.3258,USD,SYNTH
912810UN6,2025-06-02,100.5393,USD,SYNTH
912810UN6,2025-06-03,100.2461,USD,SYNTH
912810UN6,2025-06-04,100.1537,USD,SYNTH
912810UN6,2025-06-05,100.2342,USD,SYNTH
912810UN6,2025-06-06,100.3764,USD,SYNTH
912810UN6,2025-06-09,100.5423,USD,SYNTH
912810UN6,2025-06-10,100.6900,USD,SYNTH
912810UN6,2025-06-11,100.6960,USD,SYNTH
912810UN6,2025-06-12,100.8000,USD,SYNTH
912810UN6,2025-06-13,100.8045,USD,SYNTH
912810UN6,2025-06-16,100.5825,USD,SYNTH
912810UN6,2025-06-17,100.7190,USD,SYNTH
912810UN6,2025-06-18,100.8050,USD,SYNTH
912810UN6,2025-06-19,100.7859,USD,SYNTH
912810UN6,2025-06-20,100.6986,USD,SYNTH
912810UN6,2025-06-23,100.9927,USD,SYNTH
912810UN6,2025-06-24,100.8516,USD,SYNTH
912810UN6,2025-06-25,100.8625,USD,SYNTH
912810UN6,2025-06-26,100.7563,USD,SYNTH
912810UN6,2025-06-27,100.7480,USD,SYNTH
912810UN6,2025-06-30,100.9197,USD,SYNTH
912810UN6,2025-07-01,100.9818,USD,SYNTH
912810UN6,2025-07-02,100.9352,USD,SYNTH
912810UN6,2025-07-03,101.0583,USD,SYNTH
912810UN6,2025-07-04,101.1995,USD,SYNTH
912810UN6,2025-07-07,101.1894,USD,SYNTH
912810UN6,2025-07-08,101.1241,USD,SYNTH
912810UN6,2025-07-09,101.0141,USD,SYNTH
912810UN6,2025-07-10,100.7272,USD,SYNTH
912810UN6,2025-07-11,100.9615,USD,SYNTH
912810UN6,2025-07-14,100.8542,USD,SYNTH
912810UN6,2025-07-15,100.6788,USD,SYNTH
912810UN6,2025-07-16,100.5505,USD,SYNTH
912810UN6,2025-07-17,100.3788,USD,SYNTH
912810UN6,2025-07-18,100.5459,USD,SYNTH
912810UN6,2025-07-21,100.5330,USD,SYNTH
912810UN6,2025-07-22,100.3857,USD,SYNTH
912810UN6,2025-07-23,100.2643,USD,SYNTH
912810UN6,2025-07-24,100.1138,USD,SYNTH
912810UN6,2025-07-25,100.2827,USD,SYNTH
912810UN6,2025-07-28,100.0678,USD,SYNTH
912810UN6,2025-07-29,100.0801,USD,SYNTH
912810UN6,2025-07-30,100.1536,USD,SYNTH
912810UN6,2025-07-31,100.2089,USD,SYNTH
912810UN6,2025-08-01,100.2429,USD,SYNTH
912810UN6,2025-08-04,100.2219,USD,SYNTH
912810UN6,2025-08-05,99.8689,USD,SYNTH
912810UN6,2025-08-06,99.8663,USD,SYNTH
912810UN6,2025-08-07,99.7920,USD,SYNTH
912810UN6,2025-08-08,99.5942,USD,SYNTH
912810UN6,2025-08-11,99.8104,USD,SYNTH
912810UN6,2025-08-12,99.9987,USD,SYNTH
912810UN6,2025-08-13,99.9427,USD,SYNTH
912810UN6,2025-08-14,99.9963,USD,SYNTH
912810UN6,2025-08-15,99.9969,USD,SYNTH
912810UN6,2025-08-18,99.7134,USD,SYNTH
912810UN6,2025-08-19,99.6491,USD,SYNTH
912810UN6,2025-08-20,99.7792,USD,SYNTH
912810UN6,2025-08-21,99.7626,USD,SYNTH
912810UN6,2025-08-22,99.6134,USD,SYNTH
912810UN6,2025-08-25,99.7824,USD,SYNTH
912810UN6,2025-08-26,99.8347,USD,SYNTH
912810UN6,2025-08-27,99.6610,USD,SYNTH
912810UN6,2025-08-28,99.5759,USD,SYNTH
912810UN6,2025-08-29,99.5128,USD,SYNTH
912810UN6,2025-09-01,99.3659,USD,SYNTH
912810UN6,2025-09-02,99.4792,USD,SYNTH
912810UN6,2025-09-03,99.3983,USD,SYNTH
912810UN6,2025-09-04,99.4188,USD,SYNTH
912810UN6,2025-09-05,99.6848,USD,SYNTH
912810UN6,2025-09-08,99.5848,USD,SYNTH
912810UN6,2025-09-09,99.4200,USD,SYNTH
912810UN6,2025-09-10,99.4202,USD,SYNTH
912810UN6,2025-09-11,99.3529,USD,SYNTH
912810UN6,2025-09-12,99.3031,USD,SYNTH
912810UN6,2025-09-15,99.1673,USD,SYNTH
912810UN6,2025-09-16,98.9368,USD,SYNTH
912810UN6,2025-09-17,98.8784,USD,SYNTH
912810UN6,2025-09-18,98.6866,USD,SYNTH
912810UN6,2025-09-19,98.5235,USD,SYNTH
912810UN6,2025-09-22,98.9432,USD,SYNTH
912810UN6,2025-09-23,99.3028,USD,SYNTH
912810UN6,2025-09-24,99.6568,USD,SYNTH
912810UN6,2025-09-25,99.6108,USD,SYNTH
912810UN6,2025-09-26,99.4467,USD,SYNTH
912810UN6,2025-09-29,99.5295,USD,SYNTH
912810UN6,2025-09-30,99.3758,USD,SYNTH
912810UN6,2025-10-01,99.3346,USD,SYNTH
912810UN6,2025-10-02,99.1957,USD,SYNTH
912810UN6,2025-10-03,99.3287,USD,SYNTH
912810UN6,2025-10-06,99.3129,USD,SYNTH
912810UN6,2025-10-07,99.3610,USD,SYNTH
912810UN6,2025-10-08,99.2706,USD,SYNTH
912810UN6,2025-10-09,99.2410,USD,SYNTH
912810UN6,2025-10-10,98.9712,USD,SYNTH
912810UN6,2025-10-13,98.9562,USD,SYNTH
912810UN6,2025-10-14,98.9098,USD,SYNTH
912810UN6,2025-10-15,98.9716,USD,SYNTH
912810UN6,2025-10-16,98.9018,USD,SYNTH
912810UN6,2025-10-17,98.7543,USD,SYNTH
912810UN6,2025-10-20,98.7659,USD,SYNTH
912810UN6,2025-10-21,98.9823,USD,SYNTH
912810UN6,2025-10-22,98.9609,USD,SYNTH
912810UN6,2025-10-23,99.2255,USD,SYNTH
912810UN6,2025-10-24,98.8531,USD,SYNTH
912810UN6,2025-10-27,98.7247,USD,SYNTH
912810UN6,2025-10-28,98.6848,USD,SYNTH
912810UN6,2025-10-29,98.4875,USD,SYNTH
912810UN6,2025-10-30,98.0830,USD,SYNTH
912810UN6,2025-10-31,98.0901,USD,SYNTH
912810UN6,2025-11-03,97.9437,USD,SYNTH
912810UN6,2025-11-04,97.8257,USD,SYNTH
912810UN6,2025-11-05,97.8048,USD,SYNTH
912810UN6,2025-11-06,97.7729,USD,SYNTH
912810UN6,2025-11-07,97.6817,USD,SYNTH
912810UN6,2025-11-10,97.7725,USD,SYNTH
912810UN6,2025-11-11,97.6572,USD,SYNTH
912810UN6,2025-11-12,97.8237,USD,SYNTH
912810UN6,2025-11-13,98.0034,USD,SYNTH
912810UN6,2025-11-14,97.7707,USD,SYNTH
912810UN6,2025-11-17,97.6424,USD,SYNTH
912810UN6,2025-11-18,97.7776,USD,SYNTH
912810UN6,2025-11-19,97.5908,USD,SYNTH
912810UN6,2025-11-20,97.5064,USD,SYNTH
912810UN6,2025-11-21,97.5294,USD,SYNTH
912810UN6,2025-11-24,97.6760,USD,SYNTH
912810UN6,2025-11-25,97.8480,USD,SYNTH
912810UN6,2025-11-26,97.8270,USD,SYNTH
912810UN6,2025-11-27,97.9064,USD,SYNTH
912810UN6,2025-11-28,97.9549,USD,SYNTH
912810UN6,2025-12-01,98.1941,USD,SYNTH
912810UN6,2025-12-02,98.1922,USD,SYNTH
912810UN6,2025-12-03,98.1724,USD,SYNTH
912810UN6,2025-12-04,98.1434,USD,SYNTH
912810UN6,2025-12-05,97.9528,USD,SYNTH
912810UN6,2025-12-08,97.7617,USD,SYNTH
912810UN6,2025-12-09,97.3672,USD,SYNTH
912810UN6,2025-12-10,97.5820,USD,SYNTH
912810UN6,2025-12-11,97.8690,USD,SYNTH
912810UN6,2025-12-12,97.6162,USD,SYNTH
912810UN6,2025-12-15,97.7405,USD,SYNTH
912810UN6,2025-12-16,97.7994,USD,SYNTH
912810UN6,2025-12-17,97.7698,USD,SYNTH
912810UN6,2025-12-18,97.8609,USD,SYNTH
912810UN6,2025-12-19,97.8459,USD,SYNTH
912810UN6,2025-12-22,98.2351,USD,SYNTH
912810UN6,2025-12-23,98.3687,USD,SYNTH
912810UN6,2025-12-24,98.2525,USD,SYNTH
912810UN6,2025-12-25,98.0925,USD,SYNTH
912810UN6,2025-12-26,98.2954,USD,SYNTH
912810UN6,2025-12-29,98.2562,USD,SYNTH
912810UN6,2025-12-30,98.2243,USD,SYNTH
912810UN6,2025-12-31,98.2463,USD,SYNTH
912810UN6,2026-01-01,98.2561,USD,SYNTH
912810UN6,2026-01-02,98.4265,USD,SYNTH
912810UN6,2026-01-05,98.2870,USD,SYNTH
912810UN6,2026-01-06,97.9479,USD,SYNTH
912810UN6,2026-01-07,97.8662,USD,SYNTH
912810UN6,2026-01-08,97.7495,USD,SYNTH
912810UN6,2026-01-09,97.6561,USD,SYNTH
912810UN6,2026-01-12,97.4125,USD,SYNTH
912810UN6,2026-01-13,97.2747,USD,SYNTH
912810UN6,2026-01-14,97.0623,USD,SYNTH
912810UN6,2026-01-15,97.2018,USD,SYNTH
912810UN6,2026-01-16,97.0431,USD,SYNTH
912810UN6,2026-01-19,97.0097,USD,SYNTH
912810UN6,2026-01-20,97.2188,USD,SYNTH
912810UN6,2026-01-21,97.1693,USD,SYNTH
912810UN6,2026-01-22,97.2238,USD,SYNTH
912810UN6,2026-01-23,97.3706,USD,SYNTH
912810UN6,2026-01-26,97.4546,USD,SYNTH
912810UN6,2026-01-27,97.3694,USD,SYNTH
912810UN6,2026-01-28,97.2172,USD,SYNTH
912810UN6,2026-01-29,97.4054,USD,SYNTH
912810UN6,2026-01-30,97.4329,USD,SYNTH
912810UN6,2026-02-02,97.3280,USD,SYNTH
912810UN6,2026-02-03,97.2765,USD,SYNTH
912810UN6,2026-02-04,97.2690,USD,SYNTH
912810UN6,2026-02-05,97.0096,USD,SYNTH
912810UN6,2026-02-06,97.0798,USD,SYNTH
912810UN6,2026-02-09,97.2319,USD,SYNTH
912810UN6,2026-02-10,97.1363,USD,SYNTH
912810UN6,2026-02-11,97.0138,USD,SYNTH
912810UN6,2026-02-12,96.9538,USD,SYNTH
912810UN6,2026-02-13,96.9249,USD,SYNTH
912810UN6,2026-02-16,97.2181,USD,SYNTH
912810UN6,2026-02-17,97.3421,USD,SYNTH
912810UN6,2026-02-18,97.3683,USD,SYNTH
912810UN6,2026-02-19,97.2787,USD,SYNTH
912810UN6,2026-02-20,97.2899,USD,SYNTH
912810UN6,2026-02-23,97.2630,USD,SYNTH
912810UN6,2026-02-24,97.0932,USD,SYNTH
912810UN6,2026-02-25,97.0309,USD,SYNTH
912810UN6,2026-02-26,97.0951,USD,SYNTH
912810UN6,2026-02-27,96.9391,USD,SYNTH
912810UN6,2026-03-02,96.7477,USD,SYNTH
912810UN6,2026-03-03,96.7249,USD,SYNTH
912810UN6,2026-03-04,96.6670,USD,SYNTH
912810UN6,2026-03-05,96.4174,USD,SYNTH
912810UN6,2026-03-06,96.5894,USD,SYNTH
912810UN6,2026-03-09,96.7598,USD,SYNTH
912810UN6,2026-03-10,97.0625,USD,SYNTH
912810UN6,2026-03-11,96.9960,USD,SYNTH
912810UN6,2026-03-12,97.0790,USD,SYNTH
912810UN6,2026-03-13,97.2575,USD,SYNTH
912810UN6,2026-03-16,97.3366,USD,SYNTH
912810UN6,2026-03-17,97.5046,USD,SYNTH
912810UN6,2026-03-18,97.5280,USD,SYNTH
912810UN6,2026-03-19,97.4567,USD,SYNTH
912810UN6,2026-03-20,97.5253,USD,SYNTH
912810UN6,2026-03-23,97.5973,USD,SYNTH
912810UN6,2026-03-24,97.6969,USD,SYNTH
912810UN6,2026-03-25,97.8568,USD,SYNTH
912810UN6,2026-03-26,97.8801,USD,SYNTH
912810UN6,2026-03-27,97.8486,USD,SYNTH
912810UN6,2026-03-30,98.0216,USD,SYNTH
912810UN6,2026-03-31,97.9996,USD,SYNTH
912810UN6,2026-04-01,97.8789,USD,SYNTH
912810UN6,2026-04-02,98.0181,USD,SYNTH
912810UN6,2026-04-03,97.7044,USD,SYNTH
912810UN6,2026-04-06,97.8686,USD,SYNTH
912810UN6,2026-04-07,97.9927,USD,SYNTH
912810UN6,2026-04-08,97.9928,USD,SYNTH
912810UN6,2026-04-09,98.1607,USD,SYNTH
912810UN6,2026-04-10,98.1016,USD,SYNTH
912810UN6,2026-04-13,98.1458,USD,SYNTH
912810UN6,2026-04-14,97.9343,USD,SYNTH
912810UN6,2026-04-15,97.7530,USD,SYNTH
912810UN6,2026-04-16,97.8183,USD,SYNTH
912810UN6,2026-04-17,97.7580,USD,SYNTH
912810UN6,2026-04-20,97.5901,USD,SYNTH
912810UN6,2026-04-21,97.7260,USD,SYNTH
912810UN6,2026-04-22,97.7140,USD,SYNTH
912810UN6,2026-04-23,97.6163,USD,SYNTH
912810UN6,2026-04-24,97.5924,USD,SYNTH
912810UN6,2026-04-27,97.8126,USD,SYNTH
912810UN6,2026-04-28,97.9709,USD,SYNTH
912810UN6,2026-04-29,97.9786,USD,SYNTH
912810UN6,2026-04-30,98.0731,USD,SYNTH
912810UN6,2026-05-01,97.9877,USD,SYNTH
912810UN6,2026-05-04,98.2521,USD,SYNTH
912810UN6,2026-05-05,98.4451,USD,SYNTH
912810UN6,2026-05-06,98.3921,USD,SYNTH
912810UN6,2026-05-07,98.4216,USD,SYNTH
912810UN6,2026-05-08,98.5577,USD,SYNTH
912810UN6,2026-05-11,98.7003,USD,SYNTH
912810UN6,2026-05-12,98.8496,USD,SYNTH
912810UN6,2026-05-13,98.9512,USD,SYNTH
912810UN6,2026-05-14,99.0025,USD,SYNTH
912810UN6,2026-05-15,98.7658,USD,SYNTH
912810UN6,2026-05-18,98.9826,USD,SYNTH
912810UN6,2026-05-19,98.9325,USD,SYNTH
912810UN6,2026-05-20,98.9688,USD,SYNTH
912810UN6,2026-05-21,98.9647,USD,SYNTH
912810UN6,2026-05-22,99.1209,USD,SYNTH
91282CQU8,2025-05-01,103.2342,USD,SYNTH
91282CQU8,2025-05-02,103.0539,USD,SYNTH
91282CQU8,2025-05-05,103.2807,USD,SYNTH
91282CQU8,2025-05-06,103.3886,USD,SYNTH
91282CQU8,2025-05-07,103.6281,USD,SYNTH
91282CQU8,2025-05-08,103.6211,USD,SYNTH
91282CQU8,2025-05-09,103.6740,USD,SYNTH
91282CQU8,2025-05-12,103.8144,USD,SYNTH
91282CQU8,2025-05-13,103.6557,USD,SYNTH
91282CQU8,2025-05-14,103.4150,USD,SYNTH
91282CQU8,2025-05-15,103.2871,USD,SYNTH
91282CQU8,2025-05-16,103.1881,USD,SYNTH
91282CQU8,2025-05-19,103.4638,USD,SYNTH
91282CQU8,2025-05-20,103.8625,USD,SYNTH
91282CQU8,2025-05-21,103.8298,USD,SYNTH
91282CQU8,2025-05-22,103.8443,USD,SYNTH
91282CQU8,2025-05-23,103.7945,USD,SYNTH
91282CQU8,2025-05-26,103.7566,USD,SYNTH
91282CQU8,2025-05-27,103.8099,USD,SYNTH
91282CQU8,2025-05-28,103.8629,USD,SYNTH
91282CQU8,2025-05-29,103.8080,USD,SYNTH
91282CQU8,2025-05-30,103.7908,USD,SYNTH
91282CQU8,2025-06-02,103.6967,USD,SYNTH
91282CQU8,2025-06-03,103.5828,USD,SYNTH
91282CQU8,2025-06-04,103.5206,USD,SYNTH
91282CQU8,2025-06-05,103.6280,USD,SYNTH
91282CQU8,2025-06-06,103.7035,USD,SYNTH
91282CQU8,2025-06-09,103.6218,USD,SYNTH
91282CQU8,2025-06-10,103.7728,USD,SYNTH
91282CQU8,2025-06-11,103.7822,USD,SYNTH
91282CQU8,2025-06-12,103.9311,USD,SYNTH
91282CQU8,2025-06-13,103.9015,USD,SYNTH
91282CQU8,2025-06-16,104.1822,USD,SYNTH
91282CQU8,2025-06-17,104.4006,USD,SYNTH
91282CQU8,2025-06-18,104.5143,USD,SYNTH
91282CQU8,2025-06-19,104.7404,USD,SYNTH
91282CQU8,2025-06-20,104.6389,USD,SYNTH
91282CQU8,2025-06-23,104.9120,USD,SYNTH
91282CQU8,2025-06-24,104.7194,USD,SYNTH
91282CQU8,2025-06-25,104.7319,USD,SYNTH
91282CQU8,2025-06-26,104.6356,USD,SYNTH
91282CQU8,2025-06-27,104.3363,USD,SYNTH
91282CQU8,2025-06-30,104.1334,USD,SYNTH
91282CQU8,2025-07-01,104.0654,USD,SYNTH
91282CQU8,2025-07-02,104.1415,USD,SYNTH
91282CQU8,2025-07-03,104.0837,USD,SYNTH
91282CQU8,2025-07-04,104.2301,USD,SYNTH
91282CQU8,2025-07-07,104.1789,USD,SYNTH
91282CQU8,2025-07-08,104.0342,USD,SYNTH
91282CQU8,2025-07-09,104.2463,USD,SYNTH
91282CQU8,2025-07-10,104.4350,USD,SYNTH
91282CQU8,2025-07-11,104.3965,USD,SYNTH
91282CQU8,2025-07-14,104.1439,USD,SYNTH
91282CQU8,2025-07-15,103.9736,USD,SYNTH
91282CQU8,2025-07-16,103.8930,USD,SYNTH
91282CQU8,2025-07-17,103.9048,USD,SYNTH
91282CQU8,2025-07-18,104.0916,USD,SYNTH
91282CQU8,2025-07-21,104.1028,USD,SYNTH
91282CQU8,2025-07-22,104.1482,USD,SYNTH
91282CQU8,2025-07-23,104.2155,USD,SYNTH
91282CQU8,2025-07-24,104.0310,USD,SYNTH
91282CQU8,2025-07-25,104.2066,USD,SYNTH
91282CQU8,2025-07-28,104.4441,USD,SYNTH
91282CQU8,2025-07-29,104.5263,USD,SYNTH
91282CQU8,2025-07-30,104.7690,USD,SYNTH
91282CQU8,2025-07-31,104.7297,USD,SYNTH
91282CQU8,2025-08-01,104.7309,USD,SYNTH
91282CQU8,2025-08-04,104.9461,USD,SYNTH
91282CQU8,2025-08-05,104.9192,USD,SYNTH
91282CQU8,2025-08-06,104.8228,USD,SYNTH
91282CQU8,2025-08-07,105.1032,USD,SYNTH
91282CQU8,2025-08-08,105.0788,USD,SYNTH
91282CQU8,2025-08-11,104.9522,USD,SYNTH
91282CQU8,2025-08-12,104.9504,USD,SYNTH
91282CQU8,2025-08-13,104.6131,USD,SYNTH
91282CQU8,2025-08-14,104.7771,USD,SYNTH
91282CQU8,2025-08-15,104.9890,USD,SYNTH
91282CQU8,2025-08-18,104.7931,USD,SYNTH
91282CQU8,2025-08-19,104.6876,USD,SYNTH
91282CQU8,2025-08-20,104.9793,USD,SYNTH
91282CQU8,2025-08-21,105.1315,USD,SYNTH
91282CQU8,2025-08-22,105.0793,USD,SYNTH
91282CQU8,2025-08-25,105.0529,USD,SYNTH
91282CQU8,2025-08-26,105.1162,USD,SYNTH
91282CQU8,2025-08-27,105.3402,USD,SYNTH
91282CQU8,2025-08-28,105.4626,USD,SYNTH
91282CQU8,2025-08-29,105.5520,USD,SYNTH
91282CQU8,2025-09-01,105.5197,USD,SYNTH
91282CQU8,2025-09-02,105.7640,USD,SYNTH
91282CQU8,2025-09-03,105.8563,USD,SYNTH
91282CQU8,2025-09-04,105.6819,USD,SYNTH
91282CQU8,2025-09-05,105.6203,USD,SYNTH
91282CQU8,2025-09-08,105.9058,USD,SYNTH
91282CQU8,2025-09-09,105.6171,USD,SYNTH
91282CQU8,2025-09-10,105.4494,USD,SYNTH
91282CQU8,2025-09-11,105.5361,USD,SYNTH
91282CQU8,2025-09-12,105.5143,USD,SYNTH
91282CQU8,2025-09-15,105.3347,USD,SYNTH
91282CQU8,2025-09-16,104.7812,USD,SYNTH
91282CQU8,2025-09-17,104.7291,USD,SYNTH
91282CQU8,2025-09-18,104.9145,USD,SYNTH
91282CQU8,2025-09-19,104.7570,USD,SYNTH
91282CQU8,2025-09-22,104.5768,USD,SYNTH
91282CQU8,2025-09-23,104.6983,USD,SYNTH
91282CQU8,2025-09-24,104.9185,USD,SYNTH
91282CQU8,2025-09-25,104.7802,USD,SYNTH
91282CQU8,2025-09-26,104.7255,USD,SYNTH
91282CQU8,2025-09-29,104.4871,USD,SYNTH
91282CQU8,2025-09-30,104.4868,USD,SYNTH
91282CQU8,2025-10-01,104.3695,USD,SYNTH
91282CQU8,2025-10-02,104.3429,USD,SYNTH
91282CQU8,2025-10-03,103.9596,USD,SYNTH
91282CQU8,2025-10-06,104.1026,USD,SYNTH
91282CQU8,2025-10-07,103.8144,USD,SYNTH
91282CQU8,2025-10-08,103.6042,USD,SYNTH
91282CQU8,2025-10-09,103.5668,USD,SYNTH
91282CQU8,2025-10-10,103.2531,USD,SYNTH
91282CQU8,2025-10-13,103.0030,USD,SYNTH
91282CQU8,2025-10-14,102.8572,USD,SYNTH
91282CQU8,2025-10-15,102.5734,USD,SYNTH
91282CQU8,2025-10-16,102.4648,USD,SYNTH
91282CQU8,2025-10-17,102.4486,USD,SYNTH
91282CQU8,2025-10-20,102.7104,USD,SYNTH
91282CQU8,2025-10-21,102.8443,USD,SYNTH
91282CQU8,2025-10-22,102.4649,USD,SYNTH
91282CQU8,2025-10-23,102.4324,USD,SYNTH
91282CQU8,2025-10-24,102.2997,USD,SYNTH
91282CQU8,2025-10-27,102.3696,USD,SYNTH
91282CQU8,2025-10-28,102.3170,USD,SYNTH
91282CQU8,2025-10-29,102.3707,USD,SYNTH
91282CQU8,2025-10-30,102.4706,USD,SYNTH
91282CQU8,2025-10-31,102.4107,USD,SYNTH
91282CQU8,2025-11-03,102.1566,USD,SYNTH
91282CQU8,2025-11-04,102.0930,USD,SYNTH
91282CQU8,2025-11-05,102.1883,USD,SYNTH
91282CQU8,2025-11-06,102.2755,USD,SYNTH
91282CQU8,2025-11-07,102.2468,USD,SYNTH
91282CQU8,2025-11-10,102.3490,USD,SYNTH
91282CQU8,2025-11-11,102.3340,USD,SYNTH
91282CQU8,2025-11-12,102.1355,USD,SYNTH
91282CQU8,2025-11-13,102.1620,USD,SYNTH
91282CQU8,2025-11-14,102.2900,USD,SYNTH
91282CQU8,2025-11-17,102.4910,USD,SYNTH
91282CQU8,2025-11-18,102.4010,USD,SYNTH
91282CQU8,2025-11-19,102.4199,USD,SYNTH
91282CQU8,2025-11-20,102.3832,USD,SYNTH
91282CQU8,2025-11-21,102.1759,USD,SYNTH
91282CQU8,2025-11-24,102.2248,USD,SYNTH
91282CQU8,2025-11-25,102.0814,USD,SYNTH
91282CQU8,2025-11-26,102.0920,USD,SYNTH
91282CQU8,2025-11-27,101.9898,USD,SYNTH
91282CQU8,2025-11-28,101.8992,USD,SYNTH
91282CQU8,2025-12-01,101.8897,USD,SYNTH
91282CQU8,2025-12-02,101.9021,USD,SYNTH
91282CQU8,2025-12-03,101.9777,USD,SYNTH
91282CQU8,2025-12-04,101.9152,USD,SYNTH
91282CQU8,2025-12-05,101.8721,USD,SYNTH
91282CQU8,2025-12-08,101.9280,USD,SYNTH
91282CQU8,2025-12-09,101.8638,USD,SYNTH
91282CQU8,2025-12-10,101.8670,USD,SYNTH
91282CQU8,2025-12-11,101.7791,USD,SYNTH
91282CQU8,2025-12-12,101.7711,USD,SYNTH
91282CQU8,2025-12-15,101.8968,USD,SYNTH
91282CQU8,2025-12-16,102.0209,USD,SYNTH
91282CQU8,2025-12-17,102.1459,USD,SYNTH
91282CQU8,2025-12-18,102.3317,USD,SYNTH
91282CQU8,2025-12-19,102.3547,USD,SYNTH
91282CQU8,2025-12-22,102.5070,USD,SYNTH
91282CQU8,2025-12-23,102.4575,USD,SYNTH
91282CQU8,2025-12-24,102.6123,USD,SYNTH
91282CQU8,2025-12-25,102.7285,USD,SYNTH
91282CQU8,2025-12-26,102.9848,USD,SYNTH
91282CQU8,2025-12-29,103.1136,USD,SYNTH
91282CQU8,2025-12-30,103.2185,USD,SYNTH
91282CQU8,2025-12-31,103.2675,USD,SYNTH
91282CQU8,2026-01-01,103.1895,USD,SYNTH
91282CQU8,2026-01-02,103.0894,USD,SYNTH
91282CQU8,2026-01-05,103.2205,USD,SYNTH
91282CQU8,2026-01-06,103.0221,USD,SYNTH
91282CQU8,2026-01-07,103.2638,USD,SYNTH
91282CQU8,2026-01-08,103.2958,USD,SYNTH
91282CQU8,2026-01-09,103.3910,USD,SYNTH
91282CQU8,2026-01-12,103.5414,USD,SYNTH
91282CQU8,2026-01-13,103.5804,USD,SYNTH
91282CQU8,2026-01-14,103.5676,USD,SYNTH
91282CQU8,2026-01-15,103.2338,USD,SYNTH
91282CQU8,2026-01-16,103.2889,USD,SYNTH
91282CQU8,2026-01-19,103.3761,USD,SYNTH
91282CQU8,2026-01-20,103.1487,USD,SYNTH
91282CQU8,2026-01-21,103.1783,USD,SYNTH
91282CQU8,2026-01-22,103.1623,USD,SYNTH
91282CQU8,2026-01-23,103.3233,USD,SYNTH
91282CQU8,2026-01-26,103.0590,USD,SYNTH
91282CQU8,2026-01-27,102.9731,USD,SYNTH
91282CQU8,2026-01-28,102.9427,USD,SYNTH
91282CQU8,2026-01-29,102.8092,USD,SYNTH
91282CQU8,2026-01-30,102.8380,USD,SYNTH
91282CQU8,2026-02-02,102.5205,USD,SYNTH
91282CQU8,2026-02-03,102.1718,USD,SYNTH
91282CQU8,2026-02-04,102.1678,USD,SYNTH
91282CQU8,2026-02-05,102.2517,USD,SYNTH
91282CQU8,2026-02-06,102.1248,USD,SYNTH
91282CQU8,2026-02-09,102.1813,USD,SYNTH
91282CQU8,2026-02-10,102.2279,USD,SYNTH
91282CQU8,2026-02-11,102.3162,USD,SYNTH
91282CQU8,2026-02-12,102.3281,USD,SYNTH
91282CQU8,2026-02-13,102.0659,USD,SYNTH
91282CQU8,2026-02-16,102.0659,USD,SYNTH
91282CQU8,2026-02-17,102.0855,USD,SYNTH
91282CQU8,2026-02-18,102.3153,USD,SYNTH
91282CQU8,2026-02-19,102.0853,USD,SYNTH
91282CQU8,2026-02-20,102.4363,USD,SYNTH
91282CQU8,2026-02-23,102.4233,USD,SYNTH
91282CQU8,2026-02-24,102.2599,USD,SYNTH
91282CQU8,2026-02-25,102.2164,USD,SYNTH
91282CQU8,2026-02-26,102.3879,USD,SYNTH
91282CQU8,2026-02-27,102.3958,USD,SYNTH
91282CQU8,2026-03-02,102.2802,USD,SYNTH
91282CQU8,2026-03-03,102.3858,USD,SYNTH
91282CQU8,2026-03-04,102.5361,USD,SYNTH
91282CQU8,2026-03-05,102.5370,USD,SYNTH
91282CQU8,2026-03-06,102.7994,USD,SYNTH
91282CQU8,2026-03-09,103.1250,USD,SYNTH
91282CQU8,2026-03-10,102.7506,USD,SYNTH
91282CQU8,2026-03-11,102.7553,USD,SYNTH
91282CQU8,2026-03-12,103.0410,USD,SYNTH
91282CQU8,2026-03-13,103.1181,USD,SYNTH
91282CQU8,2026-03-16,103.3476,USD,SYNTH
91282CQU8,2026-03-17,103.4363,USD,SYNTH
91282CQU8,2026-03-18,103.2120,USD,SYNTH
91282CQU8,2026-03-19,103.1142,USD,SYNTH
91282CQU8,2026-03-20,103.1127,USD,SYNTH
91282CQU8,2026-03-23,103.3194,USD,SYNTH
91282CQU8,2026-03-24,103.3097,USD,SYNTH
91282CQU8,2026-03-25,103.2354,USD,SYNTH
91282CQU8,2026-03-26,103.1518,USD,SYNTH
91282CQU8,2026-03-27,103.1810,USD,SYNTH
91282CQU8,2026-03-30,103.2130,USD,SYNTH
91282CQU8,2026-03-31,103.5685,USD,SYNTH
91282CQU8,2026-04-01,103.5470,USD,SYNTH
91282CQU8,2026-04-02,103.3546,USD,SYNTH
91282CQU8,2026-04-03,103.4504,USD,SYNTH
91282CQU8,2026-04-06,103.4927,USD,SYNTH
91282CQU8,2026-04-07,103.5198,USD,SYNTH
91282CQU8,2026-04-08,103.4089,USD,SYNTH
91282CQU8,2026-04-09,103.4819,USD,SYNTH
91282CQU8,2026-04-10,103.4065,USD,SYNTH
91282CQU8,2026-04-13,103.3229,USD,SYNTH
91282CQU8,2026-04-14,103.2316,USD,SYNTH
91282CQU8,2026-04-15,103.3832,USD,SYNTH
91282CQU8,2026-04-16,103.1608,USD,SYNTH
91282CQU8,2026-04-17,103.1470,USD,SYNTH
91282CQU8,2026-04-20,103.1060,USD,SYNTH
91282CQU8,2026-04-21,103.2215,USD,SYNTH
91282CQU8,2026-04-22,103.1940,USD,SYNTH
91282CQU8,2026-04-23,103.3353,USD,SYNTH
91282CQU8,2026-04-24,103.2168,USD,SYNTH
91282CQU8,2026-04-27,103.2838,USD,SYNTH
91282CQU8,2026-04-28,103.3265,USD,SYNTH
91282CQU8,2026-04-29,103.3397,USD,SYNTH
91282CQU8,2026-04-30,103.5823,USD,SYNTH
91282CQU8,2026-05-01,103.6649,USD,SYNTH
91282CQU8,2026-05-04,103.7065,USD,SYNTH
91282CQU8,2026-05-05,103.8773,USD,SYNTH
91282CQU8,2026-05-06,103.9376,USD,SYNTH
91282CQU8,2026-05-07,103.8985,USD,SYNTH
91282CQU8,2026-05-08,104.0495,USD,SYNTH
91282CQU8,2026-05-11,104.3980,USD,SYNTH
91282CQU8,2026-05-12,104.3107,USD,SYNTH
91282CQU8,2026-05-13,104.4115,USD,SYNTH
91282CQU8,2026-05-14,104.4328,USD,SYNTH
91282CQU8,2026-05-15,104.4476,USD,SYNTH
91282CQU8,2026-05-18,104.1522,USD,SYNTH
91282CQU8,2026-05-19,104.0528,USD,SYNTH
91282CQU8,2026-05-20,103.9275,USD,SYNTH
91282CQU8,2026-05-21,104.1512,USD,SYNTH
91282CQU8,2026-05-22,103.9764,USD,SYNTH
91282CQM6,2025-05-01,102.4200,USD,SYNTH
91282CQM6,2025-05-02,102.2743,USD,SYNTH
91282CQM6,2025-05-05,102.2476,USD,SYNTH
91282CQM6,2025-05-06,102.1859,USD,SYNTH
91282CQM6,2025-05-07,102.1006,USD,SYNTH
91282CQM6,2025-05-08,101.8619,USD,SYNTH
91282CQM6,2025-05-09,102.0744,USD,SYNTH
91282CQM6,2025-05-12,102.2465,USD,SYNTH
91282CQM6,2025-05-13,102.4312,USD,SYNTH
91282CQM6,2025-05-14,102.5798,USD,SYNTH
91282CQM6,2025-05-15,102.7201,USD,SYNTH
91282CQM6,2025-05-16,102.9114,USD,SYNTH
91282CQM6,2025-05-19,102.7934,USD,SYNTH
91282CQM6,2025-05-20,102.8815,USD,SYNTH
91282CQM6,2025-05-21,103.1058,USD,SYNTH
91282CQM6,2025-05-22,103.1603,USD,SYNTH
91282CQM6,2025-05-23,103.1327,USD,SYNTH
91282CQM6,2025-05-26,102.9970,USD,SYNTH
91282CQM6,2025-05-27,102.9561,USD,SYNTH
91282CQM6,2025-05-28,102.8841,USD,SYNTH
91282CQM6,2025-05-29,102.4231,USD,SYNTH
91282CQM6,2025-05-30,102.4960,USD,SYNTH
91282CQM6,2025-06-02,102.7305,USD,SYNTH
91282CQM6,2025-06-03,102.8272,USD,SYNTH
91282CQM6,2025-06-04,102.8546,USD,SYNTH
91282CQM6,2025-06-05,102.7428,USD,SYNTH
91282CQM6,2025-06-06,102.7061,USD,SYNTH
91282CQM6,2025-06-09,102.9223,USD,SYNTH
91282CQM6,2025-06-10,102.7112,USD,SYNTH
91282CQM6,2025-06-11,103.0602,USD,SYNTH
91282CQM6,2025-06-12,102.8280,USD,SYNTH
91282CQM6,2025-06-13,102.9609,USD,SYNTH
91282CQM6,2025-06-16,102.8576,USD,SYNTH
91282CQM6,2025-06-17,102.7884,USD,SYNTH
91282CQM6,2025-06-18,102.4565,USD,SYNTH
91282CQM6,2025-06-19,102.6024,USD,SYNTH
91282CQM6,2025-06-20,102.6686,USD,SYNTH
91282CQM6,2025-06-23,102.8342,USD,SYNTH
91282CQM6,2025-06-24,102.7578,USD,SYNTH
91282CQM6,2025-06-25,102.9643,USD,SYNTH
91282CQM6,2025-06-26,102.9929,USD,SYNTH
91282CQM6,2025-06-27,102.9662,USD,SYNTH
91282CQM6,2025-06-30,102.8896,USD,SYNTH
91282CQM6,2025-07-01,103.0810,USD,SYNTH
91282CQM6,2025-07-02,103.1373,USD,SYNTH
91282CQM6,2025-07-03,103.2028,USD,SYNTH
91282CQM6,2025-07-04,102.9738,USD,SYNTH
91282CQM6,2025-07-07,102.9648,USD,SYNTH
91282CQM6,2025-07-08,102.8096,USD,SYNTH
91282CQM6,2025-07-09,102.6852,USD,SYNTH
91282CQM6,2025-07-10,102.3998,USD,SYNTH
91282CQM6,2025-07-11,102.4907,USD,SYNTH
91282CQM6,2025-07-14,102.4743,USD,SYNTH
91282CQM6,2025-07-15,102.4749,USD,SYNTH
91282CQM6,2025-07-16,102.3236,USD,SYNTH
91282CQM6,2025-07-17,102.3521,USD,SYNTH
91282CQM6,2025-07-18,102.1993,USD,SYNTH
91282CQM6,2025-07-21,102.1862,USD,SYNTH
91282CQM6,2025-07-22,102.2831,USD,SYNTH
91282CQM6,2025-07-23,102.3407,USD,SYNTH
91282CQM6,2025-07-24,102.4315,USD,SYNTH
91282CQM6,2025-07-25,102.3278,USD,SYNTH
91282CQM6,2025-07-28,102.0297,USD,SYNTH
91282CQM6,2025-07-29,102.0723,USD,SYNTH
91282CQM6,2025-07-30,101.9090,USD,SYNTH
91282CQM6,2025-07-31,101.8601,USD,SYNTH
91282CQM6,2025-08-01,101.6802,USD,SYNTH
91282CQM6,2025-08-04,101.6447,USD,SYNTH
91282CQM6,2025-08-05,101.7463,USD,SYNTH
91282CQM6,2025-08-06,101.6961,USD,SYNTH
91282CQM6,2025-08-07,101.5094,USD,SYNTH
91282CQM6,2025-08-08,101.5315,USD,SYNTH
91282CQM6,2025-08-11,101.5725,USD,SYNTH
91282CQM6,2025-08-12,101.5756,USD,SYNTH
91282CQM6,2025-08-13,101.6185,USD,SYNTH
91282CQM6,2025-08-14,101.8073,USD,SYNTH
91282CQM6,2025-08-15,102.0614,USD,SYNTH
91282CQM6,2025-08-18,102.1705,USD,SYNTH
91282CQM6,2025-08-19,102.1168,USD,SYNTH
91282CQM6,2025-08-20,102.1722,USD,SYNTH
91282CQM6,2025-08-21,101.9595,USD,SYNTH
91282CQM6,2025-08-22,101.9613,USD,SYNTH
91282CQM6,2025-08-25,102.2461,USD,SYNTH
91282CQM6,2025-08-26,102.2382,USD,SYNTH
91282CQM6,2025-08-27,102.2365,USD,SYNTH
91282CQM6,2025-08-28,102.1163,USD,SYNTH
91282CQM6,2025-08-29,102.2872,USD,SYNTH
91282CQM6,2025-09-01,102.2436,USD,SYNTH
91282CQM6,2025-09-02,102.2905,USD,SYNTH
91282CQM6,2025-09-03,102.2370,USD,SYNTH
91282CQM6,2025-09-04,102.0509,USD,SYNTH
91282CQM6,2025-09-05,102.0235,USD,SYNTH
91282CQM6,2025-09-08,101.8692,USD,SYNTH
91282CQM6,2025-09-09,101.7656,USD,SYNTH
91282CQM6,2025-09-10,101.6785,USD,SYNTH
91282CQM6,2025-09-11,101.9411,USD,SYNTH
91282CQM6,2025-09-12,102.0401,USD,SYNTH
91282CQM6,2025-09-15,102.0884,USD,SYNTH
91282CQM6,2025-09-16,101.9921,USD,SYNTH
91282CQM6,2025-09-17,102.0852,USD,SYNTH
91282CQM6,2025-09-18,102.0645,USD,SYNTH
91282CQM6,2025-09-19,102.2516,USD,SYNTH
91282CQM6,2025-09-22,102.2178,USD,SYNTH
91282CQM6,2025-09-23,102.4815,USD,SYNTH
91282CQM6,2025-09-24,102.4460,USD,SYNTH
91282CQM6,2025-09-25,102.4599,USD,SYNTH
91282CQM6,2025-09-26,102.3883,USD,SYNTH
91282CQM6,2025-09-29,102.3843,USD,SYNTH
91282CQM6,2025-09-30,102.2337,USD,SYNTH
91282CQM6,2025-10-01,102.0577,USD,SYNTH
91282CQM6,2025-10-02,101.8032,USD,SYNTH
91282CQM6,2025-10-03,101.6748,USD,SYNTH
91282CQM6,2025-10-06,101.5306,USD,SYNTH
91282CQM6,2025-10-07,101.5745,USD,SYNTH
91282CQM6,2025-10-08,101.4762,USD,SYNTH
91282CQM6,2025-10-09,101.4526,USD,SYNTH
91282CQM6,2025-10-10,101.6521,USD,SYNTH
91282CQM6,2025-10-13,101.7425,USD,SYNTH
91282CQM6,2025-10-14,101.5040,USD,SYNTH
91282CQM6,2025-10-15,101.5657,USD,SYNTH
91282CQM6,2025-10-16,101.6575,USD,SYNTH
91282CQM6,2025-10-17,101.6358,USD,SYNTH
91282CQM6,2025-10-20,101.4912,USD,SYNTH
91282CQM6,2025-10-21,101.5463,USD,SYNTH
91282CQM6,2025-10-22,101.5074,USD,SYNTH
91282CQM6,2025-10-23,101.5480,USD,SYNTH
91282CQM6,2025-10-24,101.6366,USD,SYNTH
91282CQM6,2025-10-27,101.7006,USD,SYNTH
91282CQM6,2025-10-28,101.6254,USD,SYNTH
91282CQM6,2025-10-29,101.3794,USD,SYNTH
91282CQM6,2025-10-30,101.3940,USD,SYNTH
91282CQM6,2025-10-31,101.3752,USD,SYNTH
91282CQM6,2025-11-03,101.3501,USD,SYNTH
91282CQM6,2025-11-04,101.3996,USD,SYNTH
91282CQM6,2025-11-05,101.4809,USD,SYNTH
91282CQM6,2025-11-06,101.3169,USD,SYNTH
91282CQM6,2025-11-07,101.4452,USD,SYNTH
91282CQM6,2025-11-10,101.4985,USD,SYNTH
91282CQM6,2025-11-11,101.5234,USD,SYNTH
91282CQM6,2025-11-12,101.5334,USD,SYNTH
91282CQM6,2025-11-13,101.8668,USD,SYNTH
91282CQM6,2025-11-14,101.9358,USD,SYNTH
91282CQM6,2025-11-17,101.9228,USD,SYNTH
91282CQM6,2025-11-18,101.6800,USD,SYNTH
91282CQM6,2025-11-19,101.6389,USD,SYNTH
91282CQM6,2025-11-20,101.7127,USD,SYNTH
91282CQM6,2025-11-21,101.5189,USD,SYNTH
91282CQM6,2025-11-24,101.4965,USD,SYNTH
91282CQM6,2025-11-25,101.5181,USD,SYNTH
91282CQM6,2025-11-26,101.6377,USD,SYNTH
91282CQM6,2025-11-27,101.4082,USD,SYNTH
91282CQM6,2025-11-28,101.3802,USD,SYNTH
91282CQM6,2025-12-01,101.3444,USD,SYNTH
91282CQM6,2025-12-02,101.3451,USD,SYNTH
91282CQM6,2025-12-03,101.4086,USD,SYNTH
91282CQM6,2025-12-04,101.5421,USD,SYNTH
91282CQM6,2025-12-05,101.7092,USD,SYNTH
91282CQM6,2025-12-08,102.1052,USD,SYNTH
91282CQM6,2025-12-09,102.1389,USD,SYNTH
91282CQM6,2025-12-10,102.2090,USD,SYNTH
91282CQM6,2025-12-11,102.1899,USD,SYNTH
91282CQM6,2025-12-12,102.1778,USD,SYNTH
91282CQM6,2025-12-15,102.0390,USD,SYNTH
91282CQM6,2025-12-16,102.0118,USD,SYNTH
91282CQM6,2025-12-17,101.9126,USD,SYNTH
91282CQM6,2025-12-18,101.7174,USD,SYNTH
91282CQM6,2025-12-19,101.7415,USD,SYNTH
91282CQM6,2025-12-22,101.6559,USD,SYNTH
91282CQM6,2025-12-23,101.6871,USD,SYNTH
91282CQM6,2025-12-24,101.6437,USD,SYNTH
91282CQM6,2025-12-25,101.7206,USD,SYNTH
91282CQM6,2025-12-26,101.9405,USD,SYNTH
91282CQM6,2025-12-29,102.0212,USD,SYNTH
91282CQM6,2025-12-30,101.9666,USD,SYNTH
91282CQM6,2025-12-31,101.9103,USD,SYNTH
91282CQM6,2026-01-01,101.9426,USD,SYNTH
91282CQM6,2026-01-02,101.8792,USD,SYNTH
91282CQM6,2026-01-05,101.8262,USD,SYNTH
91282CQM6,2026-01-06,102.0012,USD,SYNTH
91282CQM6,2026-01-07,102.0450,USD,SYNTH
91282CQM6,2026-01-08,101.9725,USD,SYNTH
91282CQM6,2026-01-09,102.0012,USD,SYNTH
91282CQM6,2026-01-12,101.9835,USD,SYNTH
91282CQM6,2026-01-13,101.9061,USD,SYNTH
91282CQM6,2026-01-14,101.9442,USD,SYNTH
91282CQM6,2026-01-15,101.8829,USD,SYNTH
91282CQM6,2026-01-16,101.7923,USD,SYNTH
91282CQM6,2026-01-19,101.9014,USD,SYNTH
91282CQM6,2026-01-20,101.7975,USD,SYNTH
91282CQM6,2026-01-21,102.0097,USD,SYNTH
91282CQM6,2026-01-22,101.8204,USD,SYNTH
91282CQM6,2026-01-23,101.8912,USD,SYNTH
91282CQM6,2026-01-26,101.9517,USD,SYNTH
91282CQM6,2026-01-27,102.0063,USD,SYNTH
91282CQM6,2026-01-28,102.0515,USD,SYNTH
91282CQM6,2026-01-29,102.1899,USD,SYNTH
91282CQM6,2026-01-30,102.1505,USD,SYNTH
91282CQM6,2026-02-02,102.0930,USD,SYNTH
91282CQM6,2026-02-03,102.0419,USD,SYNTH
91282CQM6,2026-02-04,102.3467,USD,SYNTH
91282CQM6,2026-02-05,102.1868,USD,SYNTH
91282CQM6,2026-02-06,102.3523,USD,SYNTH
91282CQM6,2026-02-09,102.2247,USD,SYNTH
91282CQM6,2026-02-10,102.3071,USD,SYNTH
91282CQM6,2026-02-11,102.4768,USD,SYNTH
91282CQM6,2026-02-12,102.2889,USD,SYNTH
91282CQM6,2026-02-13,102.1533,USD,SYNTH
91282CQM6,2026-02-16,102.2867,USD,SYNTH
91282CQM6,2026-02-17,102.4710,USD,SYNTH
91282CQM6,2026-02-18,102.3807,USD,SYNTH
91282CQM6,2026-02-19,102.6493,USD,SYNTH
91282CQM6,2026-02-20,102.6075,USD,SYNTH
91282CQM6,2026-02-23,102.6662,USD,SYNTH
91282CQM6,2026-02-24,102.8623,USD,SYNTH
91282CQM6,2026-02-25,102.7482,USD,SYNTH
91282CQM6,2026-02-26,103.0048,USD,SYNTH
91282CQM6,2026-02-27,102.8894,USD,SYNTH
91282CQM6,2026-03-02,102.8745,USD,SYNTH
91282CQM6,2026-03-03,102.8148,USD,SYNTH
91282CQM6,2026-03-04,103.1735,USD,SYNTH
91282CQM6,2026-03-05,103.1784,USD,SYNTH
91282CQM6,2026-03-06,103.3128,USD,SYNTH
91282CQM6,2026-03-09,103.4948,USD,SYNTH
91282CQM6,2026-03-10,103.4288,USD,SYNTH
91282CQM6,2026-03-11,103.5684,USD,SYNTH
91282CQM6,2026-03-12,103.5196,USD,SYNTH
91282CQM6,2026-03-13,103.2515,USD,SYNTH
91282CQM6,2026-03-16,103.1942,USD,SYNTH
91282CQM6,2026-03-17,103.2020,USD,SYNTH
91282CQM6,2026-03-18,102.8559,USD,SYNTH
91282CQM6,2026-03-19,102.6722,USD,SYNTH
91282CQM6,2026-03-20,102.6603,USD,SYNTH
91282CQM6,2026-03-23,102.7263,USD,SYNTH
91282CQM6,2026-03-24,102.8239,USD,SYNTH
91282CQM6,2026-03-25,102.8207,USD,SYNTH
91282CQM6,2026-03-26,102.7192,USD,SYNTH
91282CQM6,2026-03-27,102.8085,USD,SYNTH
91282CQM6,2026-03-30,102.5980,USD,SYNTH
91282CQM6,2026-03-31,102.7070,USD,SYNTH
91282CQM6,2026-04-01,102.4724,USD,SYNTH
91282CQM6,2026-04-02,102.6130,USD,SYNTH
91282CQM6,2026-04-03,102.4742,USD,SYNTH
91282CQM6,2026-04-06,102.7137,USD,SYNTH
91282CQM6,2026-04-07,102.6480,USD,SYNTH
91282CQM6,2026-04-08,102.5528,USD,SYNTH
91282CQM6,2026-04-09,102.3955,USD,SYNTH
91282CQM6,2026-04-10,102.4836,USD,SYNTH
91282CQM6,2026-04-13,102.2982,USD,SYNTH
91282CQM6,2026-04-14,102.2584,USD,SYNTH
91282CQM6,2026-04-15,102.3240,USD,SYNTH
91282CQM6,2026-04-16,102.1877,USD,SYNTH
91282CQM6,2026-04-17,102.0475,USD,SYNTH
91282CQM6,2026-04-20,101.9695,USD,SYNTH
91282CQM6,2026-04-21,101.7619,USD,SYNTH
91282CQM6,2026-04-22,101.6515,USD,SYNTH
91282CQM6,2026-04-23,101.6490,USD,SYNTH
91282CQM6,2026-04-24,101.4114,USD,SYNTH
91282CQM6,2026-04-27,101.4124,USD,SYNTH
91282CQM6,2026-04-28,101.4239,USD,SYNTH
91282CQM6,2026-04-29,101.4522,USD,SYNTH
91282CQM6,2026-04-30,101.4511,USD,SYNTH
91282CQM6,2026-05-01,101.0939,USD,SYNTH
91282CQM6,2026-05-04,100.9572,USD,SYNTH
91282CQM6,2026-05-05,101.0039,USD,SYNTH
91282CQM6,2026-05-06,100.9785,USD,SYNTH
91282CQM6,2026-05-07,100.8065,USD,SYNTH
91282CQM6,2026-05-08,101.0450,USD,SYNTH
91282CQM6,2026-05-11,101.2326,USD,SYNTH
91282CQM6,2026-05-12,101.0241,USD,SYNTH
91282CQM6,2026-05-13,101.0007,USD,SYNTH
91282CQM6,2026-05-14,101.0819,USD,SYNTH
91282CQM6,2026-05-15,101.3268,USD,SYNTH
91282CQM6,2026-05-18,101.0033,USD,SYNTH
91282CQM6,2026-05-19,101.0997,USD,SYNTH
91282CQM6,2026-05-20,101.0409,USD,SYNTH
91282CQM6,2026-05-21,101.0651,USD,SYNTH
91282CQM6,2026-05-22,101.0197,USD,SYNTH
CASH_USD,2025-05-01,1.0000,USD,SYNTH
CASH_USD,2025-05-02,1.0000,USD,SYNTH
CASH_USD,2025-05-05,1.0000,USD,SYNTH
CASH_USD,2025-05-06,1.0000,USD,SYNTH
CASH_USD,2025-05-07,1.0000,USD,SYNTH
CASH_USD,2025-05-08,1.0000,USD,SYNTH
CASH_USD,2025-05-09,1.0000,USD,SYNTH
CASH_USD,2025-05-12,1.0000,USD,SYNTH
CASH_USD,2025-05-13,1.0000,USD,SYNTH
CASH_USD,2025-05-14,1.0000,USD,SYNTH
CASH_USD,2025-05-15,1.0000,USD,SYNTH
CASH_USD,2025-05-16,1.0000,USD,SYNTH
CASH_USD,2025-05-19,1.0000,USD,SYNTH
CASH_USD,2025-05-20,1.0000,USD,SYNTH
CASH_USD,2025-05-21,1.0000,USD,SYNTH
CASH_USD,2025-05-22,1.0000,USD,SYNTH
CASH_USD,2025-05-23,1.0000,USD,SYNTH
CASH_USD,2025-05-26,1.0000,USD,SYNTH
CASH_USD,2025-05-27,1.0000,USD,SYNTH
CASH_USD,2025-05-28,1.0000,USD,SYNTH
CASH_USD,2025-05-29,1.0000,USD,SYNTH
CASH_USD,2025-05-30,1.0000,USD,SYNTH
CASH_USD,2025-06-02,1.0000,USD,SYNTH
CASH_USD,2025-06-03,1.0000,USD,SYNTH
CASH_USD,2025-06-04,1.0000,USD,SYNTH
CASH_USD,2025-06-05,1.0000,USD,SYNTH
CASH_USD,2025-06-06,1.0000,USD,SYNTH
CASH_USD,2025-06-09,1.0000,USD,SYNTH
CASH_USD,2025-06-10,1.0000,USD,SYNTH
CASH_USD,2025-06-11,1.0000,USD,SYNTH
CASH_USD,2025-06-12,1.0000,USD,SYNTH
CASH_USD,2025-06-13,1.0000,USD,SYNTH
CASH_USD,2025-06-16,1.0000,USD,SYNTH
CASH_USD,2025-06-17,1.0000,USD,SYNTH
CASH_USD,2025-06-18,1.0000,USD,SYNTH
CASH_USD,2025-06-19,1.0000,USD,SYNTH
CASH_USD,2025-06-20,1.0000,USD,SYNTH
CASH_USD,2025-06-23,1.0000,USD,SYNTH
CASH_USD,2025-06-24,1.0000,USD,SYNTH
CASH_USD,2025-06-25,1.0000,USD,SYNTH
CASH_USD,2025-06-26,1.0000,USD,SYNTH
CASH_USD,2025-06-27,1.0000,USD,SYNTH
CASH_USD,2025-06-30,1.0000,USD,SYNTH
CASH_USD,2025-07-01,1.0000,USD,SYNTH
CASH_USD,2025-07-02,1.0000,USD,SYNTH
CASH_USD,2025-07-03,1.0000,USD,SYNTH
CASH_USD,2025-07-04,1.0000,USD,SYNTH
CASH_USD,2025-07-07,1.0000,USD,SYNTH
CASH_USD,2025-07-08,1.0000,USD,SYNTH
CASH_USD,2025-07-09,1.0000,USD,SYNTH
CASH_USD,2025-07-10,1.0000,USD,SYNTH
CASH_USD,2025-07-11,1.0000,USD,SYNTH
CASH_USD,2025-07-14,1.0000,USD,SYNTH
CASH_USD,2025-07-15,1.0000,USD,SYNTH
CASH_USD,2025-07-16,1.0000,USD,SYNTH
CASH_USD,2025-07-17,1.0000,USD,SYNTH
CASH_USD,2025-07-18,1.0000,USD,SYNTH
CASH_USD,2025-07-21,1.0000,USD,SYNTH
CASH_USD,2025-07-22,1.0000,USD,SYNTH
CASH_USD,2025-07-23,1.0000,USD,SYNTH
CASH_USD,2025-07-24,1.0000,USD,SYNTH
CASH_USD,2025-07-25,1.0000,USD,SYNTH
CASH_USD,2025-07-28,1.0000,USD,SYNTH
CASH_USD,2025-07-29,1.0000,USD,SYNTH
CASH_USD,2025-07-30,1.0000,USD,SYNTH
CASH_USD,2025-07-31,1.0000,USD,SYNTH
CASH_USD,2025-08-01,1.0000,USD,SYNTH
CASH_USD,2025-08-04,1.0000,USD,SYNTH
CASH_USD,2025-08-05,1.0000,USD,SYNTH
CASH_USD,2025-08-06,1.0000,USD,SYNTH
CASH_USD,2025-08-07,1.0000,USD,SYNTH
CASH_USD,2025-08-08,1.0000,USD,SYNTH
CASH_USD,2025-08-11,1.0000,USD,SYNTH
CASH_USD,2025-08-12,1.0000,USD,SYNTH
CASH_USD,2025-08-13,1.0000,USD,SYNTH
CASH_USD,2025-08-14,1.0000,USD,SYNTH
CASH_USD,2025-08-15,1.0000,USD,SYNTH
CASH_USD,2025-08-18,1.0000,USD,SYNTH
CASH_USD,2025-08-19,1.0000,USD,SYNTH
CASH_USD,2025-08-20,1.0000,USD,SYNTH
CASH_USD,2025-08-21,1.0000,USD,SYNTH
CASH_USD,2025-08-22,1.0000,USD,SYNTH
CASH_USD,2025-08-25,1.0000,USD,SYNTH
CASH_USD,2025-08-26,1.0000,USD,SYNTH
CASH_USD,2025-08-27,1.0000,USD,SYNTH
CASH_USD,2025-08-28,1.0000,USD,SYNTH
CASH_USD,2025-08-29,1.0000,USD,SYNTH
CASH_USD,2025-09-01,1.0000,USD,SYNTH
CASH_USD,2025-09-02,1.0000,USD,SYNTH
CASH_USD,2025-09-03,1.0000,USD,SYNTH
CASH_USD,2025-09-04,1.0000,USD,SYNTH
CASH_USD,2025-09-05,1.0000,USD,SYNTH
CASH_USD,2025-09-08,1.0000,USD,SYNTH
CASH_USD,2025-09-09,1.0000,USD,SYNTH
CASH_USD,2025-09-10,1.0000,USD,SYNTH
CASH_USD,2025-09-11,1.0000,USD,SYNTH
CASH_USD,2025-09-12,1.0000,USD,SYNTH
CASH_USD,2025-09-15,1.0000,USD,SYNTH
CASH_USD,2025-09-16,1.0000,USD,SYNTH
CASH_USD,2025-09-17,1.0000,USD,SYNTH
CASH_USD,2025-09-18,1.0000,USD,SYNTH
CASH_USD,2025-09-19,1.0000,USD,SYNTH
CASH_USD,2025-09-22,1.0000,USD,SYNTH
CASH_USD,2025-09-23,1.0000,USD,SYNTH
CASH_USD,2025-09-24,1.0000,USD,SYNTH
CASH_USD,2025-09-25,1.0000,USD,SYNTH
CASH_USD,2025-09-26,1.0000,USD,SYNTH
CASH_USD,2025-09-29,1.0000,USD,SYNTH
CASH_USD,2025-09-30,1.0000,USD,SYNTH
CASH_USD,2025-10-01,1.0000,USD,SYNTH
CASH_USD,2025-10-02,1.0000,USD,SYNTH
CASH_USD,2025-10-03,1.0000,USD,SYNTH
CASH_USD,2025-10-06,1.0000,USD,SYNTH
CASH_USD,2025-10-07,1.0000,USD,SYNTH
CASH_USD,2025-10-08,1.0000,USD,SYNTH
CASH_USD,2025-10-09,1.0000,USD,SYNTH
CASH_USD,2025-10-10,1.0000,USD,SYNTH
CASH_USD,2025-10-13,1.0000,USD,SYNTH
CASH_USD,2025-10-14,1.0000,USD,SYNTH
CASH_USD,2025-10-15,1.0000,USD,SYNTH
CASH_USD,2025-10-16,1.0000,USD,SYNTH
CASH_USD,2025-10-17,1.0000,USD,SYNTH
CASH_USD,2025-10-20,1.0000,USD,SYNTH
CASH_USD,2025-10-21,1.0000,USD,SYNTH
CASH_USD,2025-10-22,1.0000,USD,SYNTH
CASH_USD,2025-10-23,1.0000,USD,SYNTH
CASH_USD,2025-10-24,1.0000,USD,SYNTH
CASH_USD,2025-10-27,1.0000,USD,SYNTH
CASH_USD,2025-10-28,1.0000,USD,SYNTH
CASH_USD,2025-10-29,1.0000,USD,SYNTH
CASH_USD,2025-10-30,1.0000,USD,SYNTH
CASH_USD,2025-10-31,1.0000,USD,SYNTH
CASH_USD,2025-11-03,1.0000,USD,SYNTH
CASH_USD,2025-11-04,1.0000,USD,SYNTH
CASH_USD,2025-11-05,1.0000,USD,SYNTH
CASH_USD,2025-11-06,1.0000,USD,SYNTH
CASH_USD,2025-11-07,1.0000,USD,SYNTH
CASH_USD,2025-11-10,1.0000,USD,SYNTH
CASH_USD,2025-11-11,1.0000,USD,SYNTH
CASH_USD,2025-11-12,1.0000,USD,SYNTH
CASH_USD,2025-11-13,1.0000,USD,SYNTH
CASH_USD,2025-11-14,1.0000,USD,SYNTH
CASH_USD,2025-11-17,1.0000,USD,SYNTH
CASH_USD,2025-11-18,1.0000,USD,SYNTH
CASH_USD,2025-11-19,1.0000,USD,SYNTH
CASH_USD,2025-11-20,1.0000,USD,SYNTH
CASH_USD,2025-11-21,1.0000,USD,SYNTH
CASH_USD,2025-11-24,1.0000,USD,SYNTH
CASH_USD,2025-11-25,1.0000,USD,SYNTH
CASH_USD,2025-11-26,1.0000,USD,SYNTH
CASH_USD,2025-11-27,1.0000,USD,SYNTH
CASH_USD,2025-11-28,1.0000,USD,SYNTH
CASH_USD,2025-12-01,1.0000,USD,SYNTH
CASH_USD,2025-12-02,1.0000,USD,SYNTH
CASH_USD,2025-12-03,1.0000,USD,SYNTH
CASH_USD,2025-12-04,1.0000,USD,SYNTH
CASH_USD,2025-12-05,1.0000,USD,SYNTH
CASH_USD,2025-12-08,1.0000,USD,SYNTH
CASH_USD,2025-12-09,1.0000,USD,SYNTH
CASH_USD,2025-12-10,1.0000,USD,SYNTH
CASH_USD,2025-12-11,1.0000,USD,SYNTH
CASH_USD,2025-12-12,1.0000,USD,SYNTH
CASH_USD,2025-12-15,1.0000,USD,SYNTH
CASH_USD,2025-12-16,1.0000,USD,SYNTH
CASH_USD,2025-12-17,1.0000,USD,SYNTH
CASH_USD,2025-12-18,1.0000,USD,SYNTH
CASH_USD,2025-12-19,1.0000,USD,SYNTH
CASH_USD,2025-12-22,1.0000,USD,SYNTH
CASH_USD,2025-12-23,1.0000,USD,SYNTH
CASH_USD,2025-12-24,1.0000,USD,SYNTH
CASH_USD,2025-12-25,1.0000,USD,SYNTH
CASH_USD,2025-12-26,1.0000,USD,SYNTH
CASH_USD,2025-12-29,1.0000,USD,SYNTH
CASH_USD,2025-12-30,1.0000,USD,SYNTH
CASH_USD,2025-12-31,1.0000,USD,SYNTH
CASH_USD,2026-01-01,1.0000,USD,SYNTH
CASH_USD,2026-01-02,1.0000,USD,SYNTH
CASH_USD,2026-01-05,1.0000,USD,SYNTH
CASH_USD,2026-01-06,1.0000,USD,SYNTH
CASH_USD,2026-01-07,1.0000,USD,SYNTH
CASH_USD,2026-01-08,1.0000,USD,SYNTH
CASH_USD,2026-01-09,1.0000,USD,SYNTH
CASH_USD,2026-01-12,1.0000,USD,SYNTH
CASH_USD,2026-01-13,1.0000,USD,SYNTH
CASH_USD,2026-01-14,1.0000,USD,SYNTH
CASH_USD,2026-01-15,1.0000,USD,SYNTH
CASH_USD,2026-01-16,1.0000,USD,SYNTH
CASH_USD,2026-01-19,1.0000,USD,SYNTH
CASH_USD,2026-01-20,1.0000,USD,SYNTH
CASH_USD,2026-01-21,1.0000,USD,SYNTH
CASH_USD,2026-01-22,1.0000,USD,SYNTH
CASH_USD,2026-01-23,1.0000,USD,SYNTH
CASH_USD,2026-01-26,1.0000,USD,SYNTH
CASH_USD,2026-01-27,1.0000,USD,SYNTH
CASH_USD,2026-01-28,1.0000,USD,SYNTH
CASH_USD,2026-01-29,1.0000,USD,SYNTH
CASH_USD,2026-01-30,1.0000,USD,SYNTH
CASH_USD,2026-02-02,1.0000,USD,SYNTH
CASH_USD,2026-02-03,1.0000,USD,SYNTH
CASH_USD,2026-02-04,1.0000,USD,SYNTH
CASH_USD,2026-02-05,1.0000,USD,SYNTH
CASH_USD,2026-02-06,1.0000,USD,SYNTH
CASH_USD,2026-02-09,1.0000,USD,SYNTH
CASH_USD,2026-02-10,1.0000,USD,SYNTH
CASH_USD,2026-02-11,1.0000,USD,SYNTH
CASH_USD,2026-02-12,1.0000,USD,SYNTH
CASH_USD,2026-02-13,1.0000,USD,SYNTH
CASH_USD,2026-02-16,1.0000,USD,SYNTH
CASH_USD,2026-02-17,1.0000,USD,SYNTH
CASH_USD,2026-02-18,1.0000,USD,SYNTH
CASH_USD,2026-02-19,1.0000,USD,SYNTH
CASH_USD,2026-02-20,1.0000,USD,SYNTH
CASH_USD,2026-02-23,1.0000,USD,SYNTH
CASH_USD,2026-02-24,1.0000,USD,SYNTH
CASH_USD,2026-02-25,1.0000,USD,SYNTH
CASH_USD,2026-02-26,1.0000,USD,SYNTH
CASH_USD,2026-02-27,1.0000,USD,SYNTH
CASH_USD,2026-03-02,1.0000,USD,SYNTH
CASH_USD,2026-03-03,1.0000,USD,SYNTH
CASH_USD,2026-03-04,1.0000,USD,SYNTH
CASH_USD,2026-03-05,1.0000,USD,SYNTH
CASH_USD,2026-03-06,1.0000,USD,SYNTH
CASH_USD,2026-03-09,1.0000,USD,SYNTH
CASH_USD,2026-03-10,1.0000,USD,SYNTH
CASH_USD,2026-03-11,1.0000,USD,SYNTH
CASH_USD,2026-03-12,1.0000,USD,SYNTH
CASH_USD,2026-03-13,1.0000,USD,SYNTH
CASH_USD,2026-03-16,1.0000,USD,SYNTH
CASH_USD,2026-03-17,1.0000,USD,SYNTH
CASH_USD,2026-03-18,1.0000,USD,SYNTH
CASH_USD,2026-03-19,1.0000,USD,SYNTH
CASH_USD,2026-03-20,1.0000,USD,SYNTH
CASH_USD,2026-03-23,1.0000,USD,SYNTH
CASH_USD,2026-03-24,1.0000,USD,SYNTH
CASH_USD,2026-03-25,1.0000,USD,SYNTH
CASH_USD,2026-03-26,1.0000,USD,SYNTH
CASH_USD,2026-03-27,1.0000,USD,SYNTH
CASH_USD,2026-03-30,1.0000,USD,SYNTH
CASH_USD,2026-03-31,1.0000,USD,SYNTH
CASH_USD,2026-04-01,1.0000,USD,SYNTH
CASH_USD,2026-04-02,1.0000,USD,SYNTH
CASH_USD,2026-04-03,1.0000,USD,SYNTH
CASH_USD,2026-04-06,1.0000,USD,SYNTH
CASH_USD,2026-04-07,1.0000,USD,SYNTH
CASH_USD,2026-04-08,1.0000,USD,SYNTH
CASH_USD,2026-04-09,1.0000,USD,SYNTH
CASH_USD,2026-04-10,1.0000,USD,SYNTH
CASH_USD,2026-04-13,1.0000,USD,SYNTH
CASH_USD,2026-04-14,1.0000,USD,SYNTH
CASH_USD,2026-04-15,1.0000,USD,SYNTH
CASH_USD,2026-04-16,1.0000,USD,SYNTH
CASH_USD,2026-04-17,1.0000,USD,SYNTH
CASH_USD,2026-04-20,1.0000,USD,SYNTH
CASH_USD,2026-04-21,1.0000,USD,SYNTH
CASH_USD,2026-04-22,1.0000,USD,SYNTH
CASH_USD,2026-04-23,1.0000,USD,SYNTH
CASH_USD,2026-04-24,1.0000,USD,SYNTH
CASH_USD,2026-04-27,1.0000,USD,SYNTH
CASH_USD,2026-04-28,1.0000,USD,SYNTH
CASH_USD,2026-04-29,1.0000,USD,SYNTH
CASH_USD,2026-04-30,1.0000,USD,SYNTH
CASH_USD,2026-05-01,1.0000,USD,SYNTH
CASH_USD,2026-05-04,1.0000,USD,SYNTH
CASH_USD,2026-05-05,1.0000,USD,SYNTH
CASH_USD,2026-05-06,1.0000,USD,SYNTH
CASH_USD,2026-05-07,1.0000,USD,SYNTH
CASH_USD,2026-05-08,1.0000,USD,SYNTH
CASH_USD,2026-05-11,1.0000,USD,SYNTH
CASH_USD,2026-05-12,1.0000,USD,SYNTH
CASH_USD,2026-05-13,1.0000,USD,SYNTH
CASH_USD,2026-05-14,1.0000,USD,SYNTH
CASH_USD,2026-05-15,1.0000,USD,SYNTH
CASH_USD,2026-05-18,1.0000,USD,SYNTH
CASH_USD,2026-05-19,1.0000,USD,SYNTH
CASH_USD,2026-05-20,1.0000,USD,SYNTH
CASH_USD,2026-05-21,1.0000,USD,SYNTH
CASH_USD,2026-05-22,1.0000,USD,SYNTH
